core/database/src/main/kotlin/com/autodrive/app/core/database/AutoDriveDatabase.kt:3:8: error: unresolved reference: androidx
import androidx.room.Database
       ^
core/database/src/main/kotlin/com/autodrive/app/core/database/AutoDriveDatabase.kt:4:8: error: unresolved reference: androidx
import androidx.room.RoomDatabase
       ^
core/database/src/main/kotlin/com/autodrive/app/core/database/AutoDriveDatabase.kt:5:8: error: unresolved reference: androidx
import androidx.room.TypeConverters
       ^
core/database/src/main/kotlin/com/autodrive/app/core/database/AutoDriveDatabase.kt:6:8: error: unresolved reference: androidx
import androidx.room.migration.Migration
       ^
core/database/src/main/kotlin/com/autodrive/app/core/database/AutoDriveDatabase.kt:7:8: error: unresolved reference: androidx
import androidx.sqlite.db.SupportSQLiteDatabase
       ^
core/database/src/main/kotlin/com/autodrive/app/core/database/AutoDriveDatabase.kt:14:2: error: unresolved reference: TypeConverters
@TypeConverters(BigDecimalConverters::class)
 ^
core/database/src/main/kotlin/com/autodrive/app/core/database/AutoDriveDatabase.kt:15:2: error: unresolved reference: Database
@Database(
 ^
core/database/src/main/kotlin/com/autodrive/app/core/database/AutoDriveDatabase.kt:42:36: error: unresolved reference: RoomDatabase
abstract class AutoDriveDatabase : RoomDatabase() {
                                   ^
core/database/src/main/kotlin/com/autodrive/app/core/database/AutoDriveDatabase.kt:65:38: error: unresolved reference: Migration
        val MIGRATION_4_5 = object : Migration(4, 5) {
                                     ^
core/database/src/main/kotlin/com/autodrive/app/core/database/AutoDriveDatabase.kt:66:13: error: 'migrate' overrides nothing
            override fun migrate(database: SupportSQLiteDatabase) {
            ^
core/database/src/main/kotlin/com/autodrive/app/core/database/AutoDriveDatabase.kt:66:44: error: unresolved reference: SupportSQLiteDatabase
            override fun migrate(database: SupportSQLiteDatabase) {
                                           ^
core/database/src/main/kotlin/com/autodrive/app/core/database/AutoDriveDatabase.kt:71:38: error: unresolved reference: Migration
        val MIGRATION_5_6 = object : Migration(5, 6) {
                                     ^
core/database/src/main/kotlin/com/autodrive/app/core/database/AutoDriveDatabase.kt:72:13: error: 'migrate' overrides nothing
            override fun migrate(database: SupportSQLiteDatabase) {
            ^
core/database/src/main/kotlin/com/autodrive/app/core/database/AutoDriveDatabase.kt:72:44: error: unresolved reference: SupportSQLiteDatabase
            override fun migrate(database: SupportSQLiteDatabase) {
                                           ^
core/database/src/main/kotlin/com/autodrive/app/core/database/AutoDriveDatabase.kt:79:38: error: unresolved reference: Migration
        val MIGRATION_6_7 = object : Migration(6, 7) {
                                     ^
core/database/src/main/kotlin/com/autodrive/app/core/database/AutoDriveDatabase.kt:80:13: error: 'migrate' overrides nothing
            override fun migrate(database: SupportSQLiteDatabase) {
            ^
core/database/src/main/kotlin/com/autodrive/app/core/database/AutoDriveDatabase.kt:80:44: error: unresolved reference: SupportSQLiteDatabase
            override fun migrate(database: SupportSQLiteDatabase) {
                                           ^
core/database/src/main/kotlin/com/autodrive/app/core/database/AutoDriveDatabase.kt:99:38: error: unresolved reference: Migration
        val MIGRATION_7_8 = object : Migration(7, 8) {
                                     ^
core/database/src/main/kotlin/com/autodrive/app/core/database/AutoDriveDatabase.kt:100:13: error: 'migrate' overrides nothing
            override fun migrate(database: SupportSQLiteDatabase) {
            ^
core/database/src/main/kotlin/com/autodrive/app/core/database/AutoDriveDatabase.kt:100:44: error: unresolved reference: SupportSQLiteDatabase
            override fun migrate(database: SupportSQLiteDatabase) {
                                           ^
core/database/src/main/kotlin/com/autodrive/app/core/database/AutoDriveDatabase.kt:105:38: error: unresolved reference: Migration
        val MIGRATION_8_9 = object : Migration(8, 9) {
                                     ^
core/database/src/main/kotlin/com/autodrive/app/core/database/AutoDriveDatabase.kt:106:13: error: 'migrate' overrides nothing
            override fun migrate(database: SupportSQLiteDatabase) {
            ^
core/database/src/main/kotlin/com/autodrive/app/core/database/AutoDriveDatabase.kt:106:44: error: unresolved reference: SupportSQLiteDatabase
            override fun migrate(database: SupportSQLiteDatabase) {
                                           ^
core/database/src/main/kotlin/com/autodrive/app/core/database/AutoDriveDatabase.kt:123:39: error: unresolved reference: Migration
        val MIGRATION_9_10 = object : Migration(9, 10) {
                                      ^
core/database/src/main/kotlin/com/autodrive/app/core/database/AutoDriveDatabase.kt:124:13: error: 'migrate' overrides nothing
            override fun migrate(database: SupportSQLiteDatabase) {
            ^
core/database/src/main/kotlin/com/autodrive/app/core/database/AutoDriveDatabase.kt:124:44: error: unresolved reference: SupportSQLiteDatabase
            override fun migrate(database: SupportSQLiteDatabase) {
                                           ^
core/database/src/main/kotlin/com/autodrive/app/core/database/AutoDriveDatabase.kt:130:40: error: unresolved reference: Migration
        val MIGRATION_10_11 = object : Migration(10, 11) {
                                       ^
core/database/src/main/kotlin/com/autodrive/app/core/database/AutoDriveDatabase.kt:131:13: error: 'migrate' overrides nothing
            override fun migrate(database: SupportSQLiteDatabase) {
            ^
core/database/src/main/kotlin/com/autodrive/app/core/database/AutoDriveDatabase.kt:131:44: error: unresolved reference: SupportSQLiteDatabase
            override fun migrate(database: SupportSQLiteDatabase) {
                                           ^
core/database/src/main/kotlin/com/autodrive/app/core/database/AutoDriveDatabase.kt:200:40: error: unresolved reference: Migration
        val MIGRATION_11_12 = object : Migration(11, 12) {
                                       ^
core/database/src/main/kotlin/com/autodrive/app/core/database/AutoDriveDatabase.kt:201:13: error: 'migrate' overrides nothing
            override fun migrate(database: SupportSQLiteDatabase) {
            ^
core/database/src/main/kotlin/com/autodrive/app/core/database/AutoDriveDatabase.kt:201:44: error: unresolved reference: SupportSQLiteDatabase
            override fun migrate(database: SupportSQLiteDatabase) {
                                           ^
core/database/src/main/kotlin/com/autodrive/app/core/database/AutoDriveDatabase.kt:346:40: error: unresolved reference: Migration
        val MIGRATION_12_13 = object : Migration(12, 13) {
                                       ^
core/database/src/main/kotlin/com/autodrive/app/core/database/AutoDriveDatabase.kt:347:13: error: 'migrate' overrides nothing
            override fun migrate(database: SupportSQLiteDatabase) {
            ^
core/database/src/main/kotlin/com/autodrive/app/core/database/AutoDriveDatabase.kt:347:44: error: unresolved reference: SupportSQLiteDatabase
            override fun migrate(database: SupportSQLiteDatabase) {
                                           ^
core/database/src/main/kotlin/com/autodrive/app/core/database/AutoDriveDatabase.kt:348:52: error: callable reference resolution ambiguity: 
public open var `<Error property>`: [Error type: Error property type] defined in root package
public open fun `<Error function>`(): [Error type: Return type for function cannot be resolved] defined in root package
                ROOM_V13_INDEXES.forEach(database::execSQL)
                                                   ^
core/database/src/main/kotlin/com/autodrive/app/core/database/AutoDriveDatabase.kt:352:40: error: unresolved reference: Migration
        val MIGRATION_13_14 = object : Migration(13, 14) {
                                       ^
core/database/src/main/kotlin/com/autodrive/app/core/database/AutoDriveDatabase.kt:353:13: error: 'migrate' overrides nothing
            override fun migrate(database: SupportSQLiteDatabase) {
            ^
core/database/src/main/kotlin/com/autodrive/app/core/database/AutoDriveDatabase.kt:353:44: error: unresolved reference: SupportSQLiteDatabase
            override fun migrate(database: SupportSQLiteDatabase) {
                                           ^
core/database/src/main/kotlin/com/autodrive/app/core/database/AutoDriveDatabase.kt:375:40: error: unresolved reference: Migration
        val MIGRATION_14_15 = object : Migration(14, 15) {
                                       ^
core/database/src/main/kotlin/com/autodrive/app/core/database/AutoDriveDatabase.kt:376:13: error: 'migrate' overrides nothing
            override fun migrate(database: SupportSQLiteDatabase) {
            ^
core/database/src/main/kotlin/com/autodrive/app/core/database/AutoDriveDatabase.kt:376:44: error: unresolved reference: SupportSQLiteDatabase
            override fun migrate(database: SupportSQLiteDatabase) {
                                           ^
core/database/src/main/kotlin/com/autodrive/app/core/database/AutoDriveDatabase.kt:400:25: error: cannot infer a type for this parameter. Please specify it explicitly.
                ).use { cursor ->
                        ^
core/database/src/main/kotlin/com/autodrive/app/core/database/AutoDriveDatabase.kt:499:96: error: cannot infer a type for this parameter. Please specify it explicitly.
                val oldCount = database.query("SELECT COUNT(*) FROM pending_operations").use { cursor ->
                                                                                               ^
core/database/src/main/kotlin/com/autodrive/app/core/database/AutoDriveDatabase.kt:502:100: error: cannot infer a type for this parameter. Please specify it explicitly.
                val newCount = database.query("SELECT COUNT(*) FROM pending_operations_v15").use { cursor ->
                                                                                                   ^
core/database/src/main/kotlin/com/autodrive/app/core/database/AutoDriveDatabase.kt:527:40: error: unresolved reference: Migration
        val MIGRATION_15_16 = object : Migration(15, 16) {
                                       ^
core/database/src/main/kotlin/com/autodrive/app/core/database/AutoDriveDatabase.kt:528:13: error: 'migrate' overrides nothing
            override fun migrate(database: SupportSQLiteDatabase) {
            ^
core/database/src/main/kotlin/com/autodrive/app/core/database/AutoDriveDatabase.kt:528:44: error: unresolved reference: SupportSQLiteDatabase
            override fun migrate(database: SupportSQLiteDatabase) {
                                           ^
core/database/src/main/kotlin/com/autodrive/app/core/database/AutoDriveDatabase.kt:558:40: error: unresolved reference: Migration
        val MIGRATION_16_17 = object : Migration(16, 17) {
                                       ^
core/database/src/main/kotlin/com/autodrive/app/core/database/AutoDriveDatabase.kt:559:13: error: 'migrate' overrides nothing
            override fun migrate(database: SupportSQLiteDatabase) {
            ^
core/database/src/main/kotlin/com/autodrive/app/core/database/AutoDriveDatabase.kt:559:44: error: unresolved reference: SupportSQLiteDatabase
            override fun migrate(database: SupportSQLiteDatabase) {
                                           ^
core/database/src/main/kotlin/com/autodrive/app/core/database/AutoDriveDatabase.kt:602:40: error: unresolved reference: Migration
        val MIGRATION_17_18 = object : Migration(17, 18) {
                                       ^
core/database/src/main/kotlin/com/autodrive/app/core/database/AutoDriveDatabase.kt:603:13: error: 'migrate' overrides nothing
            override fun migrate(database: SupportSQLiteDatabase) {
            ^
core/database/src/main/kotlin/com/autodrive/app/core/database/AutoDriveDatabase.kt:603:44: error: unresolved reference: SupportSQLiteDatabase
            override fun migrate(database: SupportSQLiteDatabase) {
                                           ^
core/database/src/main/kotlin/com/autodrive/app/core/database/AutoDriveDatabase.kt:668:40: error: unresolved reference: Migration
        val MIGRATION_18_19 = object : Migration(18, 19) {
                                       ^
core/database/src/main/kotlin/com/autodrive/app/core/database/AutoDriveDatabase.kt:669:13: error: 'migrate' overrides nothing
            override fun migrate(database: SupportSQLiteDatabase) {
            ^
core/database/src/main/kotlin/com/autodrive/app/core/database/AutoDriveDatabase.kt:669:44: error: unresolved reference: SupportSQLiteDatabase
            override fun migrate(database: SupportSQLiteDatabase) {
                                           ^
core/database/src/main/kotlin/com/autodrive/app/core/database/AutoDriveDatabase.kt:737:23: error: unresolved reference: SupportSQLiteDatabase
            database: SupportSQLiteDatabase,
                      ^
core/database/src/main/kotlin/com/autodrive/app/core/database/AutoDriveDatabase.kt:751:35: error: unresolved reference: Migration
        val ALL_MIGRATIONS: Array<Migration> = arrayOf(
                                  ^
core/database/src/main/kotlin/com/autodrive/app/core/database/converters/BigDecimalConverters.kt:3:8: error: unresolved reference: androidx
import androidx.room.TypeConverter
       ^
core/database/src/main/kotlin/com/autodrive/app/core/database/converters/BigDecimalConverters.kt:8:6: error: unresolved reference: TypeConverter
    @TypeConverter
     ^
core/database/src/main/kotlin/com/autodrive/app/core/database/converters/BigDecimalConverters.kt:11:6: error: unresolved reference: TypeConverter
    @TypeConverter
     ^
core/database/src/main/kotlin/com/autodrive/app/core/database/dao/AutoDriveUserDao.kt:3:8: error: unresolved reference: androidx
import androidx.room.Dao
       ^
core/database/src/main/kotlin/com/autodrive/app/core/database/dao/AutoDriveUserDao.kt:4:8: error: unresolved reference: androidx
import androidx.room.Query
       ^
core/database/src/main/kotlin/com/autodrive/app/core/database/dao/AutoDriveUserDao.kt:5:8: error: unresolved reference: androidx
import androidx.room.Upsert
       ^
core/database/src/main/kotlin/com/autodrive/app/core/database/dao/AutoDriveUserDao.kt:7:8: error: unresolved reference: kotlinx
import kotlinx.coroutines.flow.Flow
       ^
core/database/src/main/kotlin/com/autodrive/app/core/database/dao/AutoDriveUserDao.kt:9:2: error: unresolved reference: Dao
@Dao
 ^
core/database/src/main/kotlin/com/autodrive/app/core/database/dao/AutoDriveUserDao.kt:12:6: error: unresolved reference: Upsert
    @Upsert
     ^
core/database/src/main/kotlin/com/autodrive/app/core/database/dao/AutoDriveUserDao.kt:15:6: error: unresolved reference: Query
    @Query("SELECT * FROM autodrive_users WHERE user_id = :userId LIMIT 1")
     ^
core/database/src/main/kotlin/com/autodrive/app/core/database/dao/AutoDriveUserDao.kt:16:34: error: unresolved reference: Flow
    fun observe(userId: String): Flow<AutoDriveUserEntity?>
                                 ^
core/database/src/main/kotlin/com/autodrive/app/core/database/dao/AutoDriveUserDao.kt:18:6: error: unresolved reference: Query
    @Query("SELECT * FROM autodrive_users WHERE user_id = :userId LIMIT 1")
     ^
core/database/src/main/kotlin/com/autodrive/app/core/database/dao/AutoDriveUserDao.kt:21:6: error: unresolved reference: Query
    @Query("UPDATE autodrive_users SET sync_status = :status WHERE user_id = :userId")
     ^
core/database/src/main/kotlin/com/autodrive/app/core/database/dao/AutoDriveUserDao.kt:24:6: error: unresolved reference: Query
    @Query("DELETE FROM autodrive_users WHERE id = :id AND user_id = :userId")
     ^
core/database/src/main/kotlin/com/autodrive/app/core/database/dao/AutoDriveUserDao.kt:27:6: error: unresolved reference: Query
    @Query("DELETE FROM autodrive_users WHERE user_id = :userId")
     ^
core/database/src/main/kotlin/com/autodrive/app/core/database/dao/BalanceTransactionDao.kt:3:8: error: unresolved reference: androidx
import androidx.room.Dao
       ^
core/database/src/main/kotlin/com/autodrive/app/core/database/dao/BalanceTransactionDao.kt:4:8: error: unresolved reference: androidx
import androidx.room.Query
       ^
core/database/src/main/kotlin/com/autodrive/app/core/database/dao/BalanceTransactionDao.kt:5:8: error: unresolved reference: androidx
import androidx.room.Upsert
       ^
core/database/src/main/kotlin/com/autodrive/app/core/database/dao/BalanceTransactionDao.kt:7:8: error: unresolved reference: kotlinx
import kotlinx.coroutines.flow.Flow
       ^
core/database/src/main/kotlin/com/autodrive/app/core/database/dao/BalanceTransactionDao.kt:9:2: error: unresolved reference: Dao
@Dao
 ^
core/database/src/main/kotlin/com/autodrive/app/core/database/dao/BalanceTransactionDao.kt:12:6: error: unresolved reference: Upsert
    @Upsert
     ^
core/database/src/main/kotlin/com/autodrive/app/core/database/dao/BalanceTransactionDao.kt:15:6: error: unresolved reference: Upsert
    @Upsert
     ^
core/database/src/main/kotlin/com/autodrive/app/core/database/dao/BalanceTransactionDao.kt:18:6: error: unresolved reference: Query
    @Query("SELECT * FROM balance_transactions WHERE user_id = :userId ORDER BY created_at DESC LIMIT 50")
     ^
core/database/src/main/kotlin/com/autodrive/app/core/database/dao/BalanceTransactionDao.kt:19:34: error: unresolved reference: Flow
    fun observe(userId: String): Flow<List<BalanceTransactionEntity>>
                                 ^
core/database/src/main/kotlin/com/autodrive/app/core/database/dao/BalanceTransactionDao.kt:21:6: error: unresolved reference: Query
    @Query("SELECT * FROM balance_transactions WHERE user_id = :userId ORDER BY created_at DESC LIMIT 50")
     ^
core/database/src/main/kotlin/com/autodrive/app/core/database/dao/BalanceTransactionDao.kt:24:6: error: unresolved reference: Query
    @Query("SELECT * FROM balance_transactions WHERE user_id = :userId ORDER BY created_at, id")
     ^
core/database/src/main/kotlin/com/autodrive/app/core/database/dao/BalanceTransactionDao.kt:27:6: error: unresolved reference: Query
    @Query("SELECT * FROM balance_transactions WHERE id = :id LIMIT 1")
     ^
core/database/src/main/kotlin/com/autodrive/app/core/database/dao/BalanceTransactionDao.kt:30:6: error: unresolved reference: Query
    @Query("SELECT * FROM balance_transactions WHERE sync_status = 'PENDING'")
     ^
core/database/src/main/kotlin/com/autodrive/app/core/database/dao/BalanceTransactionDao.kt:33:6: error: unresolved reference: Query
    @Query("UPDATE balance_transactions SET sync_status = :status WHERE id = :id")
     ^
core/database/src/main/kotlin/com/autodrive/app/core/database/dao/BalanceTransactionDao.kt:36:6: error: unresolved reference: Query
    @Query("DELETE FROM balance_transactions WHERE user_id = :userId")
     ^
core/database/src/main/kotlin/com/autodrive/app/core/database/dao/BalanceTransactionDao.kt:39:6: error: unresolved reference: Query
    @Query("DELETE FROM balance_transactions WHERE id = :id AND user_id = :userId")
     ^
core/database/src/main/kotlin/com/autodrive/app/core/database/dao/BalanceTransactionDao.kt:42:6: error: unresolved reference: Query
    @Query("DELETE FROM balance_transactions WHERE id = :id")
     ^
core/database/src/main/kotlin/com/autodrive/app/core/database/dao/ChatMediaTransferDao.kt:3:8: error: unresolved reference: androidx
import androidx.room.Dao
       ^
core/database/src/main/kotlin/com/autodrive/app/core/database/dao/ChatMediaTransferDao.kt:4:8: error: unresolved reference: androidx
import androidx.room.Insert
       ^
core/database/src/main/kotlin/com/autodrive/app/core/database/dao/ChatMediaTransferDao.kt:5:8: error: unresolved reference: androidx
import androidx.room.OnConflictStrategy
       ^
core/database/src/main/kotlin/com/autodrive/app/core/database/dao/ChatMediaTransferDao.kt:6:8: error: unresolved reference: androidx
import androidx.room.Query
       ^
core/database/src/main/kotlin/com/autodrive/app/core/database/dao/ChatMediaTransferDao.kt:9:2: error: unresolved reference: Dao
@Dao
 ^
core/database/src/main/kotlin/com/autodrive/app/core/database/dao/ChatMediaTransferDao.kt:11:6: error: unresolved reference: Insert
    @Insert(onConflict = OnConflictStrategy.ABORT)
     ^
core/database/src/main/kotlin/com/autodrive/app/core/database/dao/ChatMediaTransferDao.kt:11:26: error: unresolved reference: OnConflictStrategy
    @Insert(onConflict = OnConflictStrategy.ABORT)
                         ^
core/database/src/main/kotlin/com/autodrive/app/core/database/dao/ChatMediaTransferDao.kt:14:6: error: unresolved reference: Query
    @Query("""SELECT * FROM chat_media_transfers
     ^
core/database/src/main/kotlin/com/autodrive/app/core/database/dao/ChatMediaTransferDao.kt:20:6: error: unresolved reference: Query
    @Query("""UPDATE chat_media_transfers
     ^
core/database/src/main/kotlin/com/autodrive/app/core/database/dao/ChatMediaTransferDao.kt:26:6: error: unresolved reference: Query
    @Query("""UPDATE chat_media_transfers
     ^
core/database/src/main/kotlin/com/autodrive/app/core/database/dao/ChatMediaTransferDao.kt:32:6: error: unresolved reference: Query
    @Query("""UPDATE chat_media_transfers
     ^
core/database/src/main/kotlin/com/autodrive/app/core/database/dao/ChatMediaTransferDao.kt:42:6: error: unresolved reference: Query
    @Query("""UPDATE chat_media_transfers
     ^
core/database/src/main/kotlin/com/autodrive/app/core/database/dao/ChatMediaTransferDao.kt:52:6: error: unresolved reference: Query
    @Query("""UPDATE chat_media_transfers
     ^
core/database/src/main/kotlin/com/autodrive/app/core/database/dao/ChatMediaTransferDao.kt:62:6: error: unresolved reference: Query
    @Query("""SELECT * FROM chat_media_transfers
     ^
core/database/src/main/kotlin/com/autodrive/app/core/database/dao/ChatMediaTransferDao.kt:66:6: error: unresolved reference: Query
    @Query("""UPDATE chat_media_transfers
     ^
core/database/src/main/kotlin/com/autodrive/app/core/database/dao/ChatMediaTransferDao.kt:74:6: error: unresolved reference: Query
    @Query("DELETE FROM chat_media_transfers WHERE user_id=:userId AND client_id=:clientId AND org_id=:orgId")
     ^
core/database/src/main/kotlin/com/autodrive/app/core/database/dao/ChatMediaTransferDao.kt:77:6: error: unresolved reference: Query
    @Query("SELECT local_path FROM chat_media_transfers WHERE user_id=:userId AND client_id=:clientId AND org_id=:orgId")
     ^
core/database/src/main/kotlin/com/autodrive/app/core/database/dao/ChatMessageDao.kt:3:8: error: unresolved reference: androidx
import androidx.room.*
       ^
core/database/src/main/kotlin/com/autodrive/app/core/database/dao/ChatMessageDao.kt:5:8: error: unresolved reference: kotlinx
import kotlinx.coroutines.flow.Flow
       ^
core/database/src/main/kotlin/com/autodrive/app/core/database/dao/ChatMessageDao.kt:7:2: error: unresolved reference: Dao
@Dao
 ^
core/database/src/main/kotlin/com/autodrive/app/core/database/dao/ChatMessageDao.kt:10:6: error: unresolved reference: Query
    @Query("SELECT * FROM chat_messages WHERE conversation_id = :conversationId ORDER BY created_at ASC")
     ^
core/database/src/main/kotlin/com/autodrive/app/core/database/dao/ChatMessageDao.kt:11:56: error: unresolved reference: Flow
    fun observeByConversation(conversationId: String): Flow<List<ChatMessageEntity>>
                                                       ^
core/database/src/main/kotlin/com/autodrive/app/core/database/dao/ChatMessageDao.kt:13:6: error: unresolved reference: Query
    @Query("SELECT * FROM chat_messages WHERE conversation_id IN (:conversationIds) ORDER BY conversation_id, created_at, id")
     ^
core/database/src/main/kotlin/com/autodrive/app/core/database/dao/ChatMessageDao.kt:16:6: error: unresolved reference: Insert
    @Insert(onConflict = OnConflictStrategy.REPLACE)
     ^
core/database/src/main/kotlin/com/autodrive/app/core/database/dao/ChatMessageDao.kt:16:26: error: unresolved reference: OnConflictStrategy
    @Insert(onConflict = OnConflictStrategy.REPLACE)
                         ^
core/database/src/main/kotlin/com/autodrive/app/core/database/dao/ChatMessageDao.kt:20:6: error: unresolved reference: Insert
    @Insert(onConflict = OnConflictStrategy.IGNORE)
     ^
core/database/src/main/kotlin/com/autodrive/app/core/database/dao/ChatMessageDao.kt:20:26: error: unresolved reference: OnConflictStrategy
    @Insert(onConflict = OnConflictStrategy.IGNORE)
                         ^
core/database/src/main/kotlin/com/autodrive/app/core/database/dao/ChatMessageDao.kt:23:6: error: unresolved reference: Query
    @Query("UPDATE chat_messages SET is_read = 1 WHERE conversation_id = :conversationId AND sender_type = 'ADMIN'")
     ^
core/database/src/main/kotlin/com/autodrive/app/core/database/dao/ChatMessageDao.kt:26:6: error: unresolved reference: Query
    @Query("UPDATE chat_messages SET status = :status WHERE id = :id")
     ^
core/database/src/main/kotlin/com/autodrive/app/core/database/dao/ChatMessageDao.kt:29:6: error: unresolved reference: Query
    @Query("UPDATE chat_messages SET created_at = :createdAt WHERE id = :id")
     ^
core/database/src/main/kotlin/com/autodrive/app/core/database/dao/ChatMessageDao.kt:32:6: error: unresolved reference: Query
    @Query("SELECT DISTINCT conversation_id FROM chat_messages WHERE content LIKE '%' || :query || '%'")
     ^
core/database/src/main/kotlin/com/autodrive/app/core/database/dao/ChatMessageDao.kt:35:6: error: unresolved reference: Query
    @Query("SELECT * FROM chat_messages WHERE id = :id LIMIT 1")
     ^
core/database/src/main/kotlin/com/autodrive/app/core/database/dao/ChatMessageDao.kt:38:6: error: unresolved reference: Query
    @Query("SELECT * FROM chat_messages WHERE status = :status ORDER BY created_at ASC")
     ^
core/database/src/main/kotlin/com/autodrive/app/core/database/dao/ChatMessageDao.kt:41:6: error: unresolved reference: Query
    @Query("""UPDATE chat_messages
     ^
core/database/src/main/kotlin/com/autodrive/app/core/database/dao/ChatMessageDao.kt:50:6: error: unresolved reference: Query
    @Query("SELECT * FROM chat_messages WHERE conversation_id=:conversationId ORDER BY created_at DESC, id DESC LIMIT 1")
     ^
core/database/src/main/kotlin/com/autodrive/app/core/database/dao/ChatMessageDao.kt:53:6: error: unresolved reference: Query
    @Query("SELECT COUNT(*) FROM chat_messages WHERE conversation_id=:conversationId AND sender_type='ADMIN' AND is_read=0")
     ^
core/database/src/main/kotlin/com/autodrive/app/core/database/dao/ChatMessageDao.kt:56:6: error: unresolved reference: Query
    @Query("UPDATE chat_messages SET conversation_id=:newConversationId WHERE conversation_id=:oldConversationId")
     ^
core/database/src/main/kotlin/com/autodrive/app/core/database/dao/ChatMessageDao.kt:59:6: error: unresolved reference: Query
    @Query("""UPDATE chat_messages
     ^
core/database/src/main/kotlin/com/autodrive/app/core/database/dao/ChatMessageDao.kt:66:6: error: unresolved reference: Query
    @Query("DELETE FROM chat_messages WHERE id = :id")
     ^
core/database/src/main/kotlin/com/autodrive/app/core/database/dao/ChatMessageDao.kt:69:6: error: unresolved reference: Query
    @Query("DELETE FROM chat_messages WHERE conversation_id IN (:conversationIds)")
     ^
core/database/src/main/kotlin/com/autodrive/app/core/database/dao/ChatMessageDao.kt:72:6: error: unresolved reference: Query
    @Query("UPDATE chat_messages SET local_path = :path WHERE id = :id")
     ^
core/database/src/main/kotlin/com/autodrive/app/core/database/dao/ChatMessageDao.kt:75:6: error: unresolved reference: Query
    @Query("""
     ^
core/database/src/main/kotlin/com/autodrive/app/core/database/dao/ChatRecoveryCheckpointDao.kt:3:8: error: unresolved reference: androidx
import androidx.room.Dao
       ^
core/database/src/main/kotlin/com/autodrive/app/core/database/dao/ChatRecoveryCheckpointDao.kt:4:8: error: unresolved reference: androidx
import androidx.room.Insert
       ^
core/database/src/main/kotlin/com/autodrive/app/core/database/dao/ChatRecoveryCheckpointDao.kt:5:8: error: unresolved reference: androidx
import androidx.room.OnConflictStrategy
       ^
core/database/src/main/kotlin/com/autodrive/app/core/database/dao/ChatRecoveryCheckpointDao.kt:6:8: error: unresolved reference: androidx
import androidx.room.Query
       ^
core/database/src/main/kotlin/com/autodrive/app/core/database/dao/ChatRecoveryCheckpointDao.kt:9:2: error: unresolved reference: Dao
@Dao
 ^
core/database/src/main/kotlin/com/autodrive/app/core/database/dao/ChatRecoveryCheckpointDao.kt:11:6: error: unresolved reference: Query
    @Query(
     ^
core/database/src/main/kotlin/com/autodrive/app/core/database/dao/ChatRecoveryCheckpointDao.kt:18:6: error: unresolved reference: Insert
    @Insert(onConflict = OnConflictStrategy.REPLACE)
     ^
core/database/src/main/kotlin/com/autodrive/app/core/database/dao/ChatRecoveryCheckpointDao.kt:18:26: error: unresolved reference: OnConflictStrategy
    @Insert(onConflict = OnConflictStrategy.REPLACE)
                         ^
core/database/src/main/kotlin/com/autodrive/app/core/database/dao/ChatRecoveryCheckpointDao.kt:21:6: error: unresolved reference: Query
    @Query("DELETE FROM chat_recovery_checkpoints WHERE user_id=:userId AND client_id=:clientId AND org_id=:orgId")
     ^
core/database/src/main/kotlin/com/autodrive/app/core/database/dao/CommissionPaymentDao.kt:3:8: error: unresolved reference: androidx
import androidx.room.Dao
       ^
core/database/src/main/kotlin/com/autodrive/app/core/database/dao/CommissionPaymentDao.kt:4:8: error: unresolved reference: androidx
import androidx.room.Query
       ^
core/database/src/main/kotlin/com/autodrive/app/core/database/dao/CommissionPaymentDao.kt:5:8: error: unresolved reference: androidx
import androidx.room.Upsert
       ^
core/database/src/main/kotlin/com/autodrive/app/core/database/dao/CommissionPaymentDao.kt:7:8: error: unresolved reference: kotlinx
import kotlinx.coroutines.flow.Flow
       ^
core/database/src/main/kotlin/com/autodrive/app/core/database/dao/CommissionPaymentDao.kt:9:2: error: unresolved reference: Dao
@Dao
 ^
core/database/src/main/kotlin/com/autodrive/app/core/database/dao/CommissionPaymentDao.kt:12:6: error: unresolved reference: Upsert
    @Upsert
     ^
core/database/src/main/kotlin/com/autodrive/app/core/database/dao/CommissionPaymentDao.kt:15:6: error: unresolved reference: Upsert
    @Upsert
     ^
core/database/src/main/kotlin/com/autodrive/app/core/database/dao/CommissionPaymentDao.kt:18:6: error: unresolved reference: Query
    @Query("SELECT * FROM commission_payments WHERE client_id = :clientId")
     ^
core/database/src/main/kotlin/com/autodrive/app/core/database/dao/CommissionPaymentDao.kt:19:46: error: unresolved reference: Flow
    fun observeByClientId(clientId: String): Flow<List<CommissionPaymentEntity>>
                                             ^
core/database/src/main/kotlin/com/autodrive/app/core/database/dao/CommissionPaymentDao.kt:21:6: error: unresolved reference: Query
    @Query("SELECT * FROM commission_payments WHERE client_id = :clientId")
     ^
core/database/src/main/kotlin/com/autodrive/app/core/database/dao/CommissionPaymentDao.kt:24:6: error: unresolved reference: Query
    @Query("SELECT * FROM commission_payments WHERE id = :id LIMIT 1")
     ^
core/database/src/main/kotlin/com/autodrive/app/core/database/dao/CommissionPaymentDao.kt:27:6: error: unresolved reference: Query
    @Query("DELETE FROM commission_payments WHERE id = :id AND client_id = :clientId")
     ^
core/database/src/main/kotlin/com/autodrive/app/core/database/dao/CommissionPaymentDao.kt:30:6: error: unresolved reference: Query
    @Query("DELETE FROM commission_payments WHERE id = :id")
     ^
core/database/src/main/kotlin/com/autodrive/app/core/database/dao/CommissionPaymentDao.kt:33:6: error: unresolved reference: Query
    @Query("DELETE FROM commission_payments WHERE client_id = :clientId")
     ^
core/database/src/main/kotlin/com/autodrive/app/core/database/dao/ConversationDao.kt:3:8: error: unresolved reference: androidx
import androidx.room.*
       ^
core/database/src/main/kotlin/com/autodrive/app/core/database/dao/ConversationDao.kt:5:8: error: unresolved reference: kotlinx
import kotlinx.coroutines.flow.Flow
       ^
core/database/src/main/kotlin/com/autodrive/app/core/database/dao/ConversationDao.kt:7:2: error: unresolved reference: Dao
@Dao
 ^
core/database/src/main/kotlin/com/autodrive/app/core/database/dao/ConversationDao.kt:10:6: error: unresolved reference: Query
    @Query("SELECT * FROM conversations WHERE marketer_id = :marketerId ORDER BY last_message_at DESC")
     ^
core/database/src/main/kotlin/com/autodrive/app/core/database/dao/ConversationDao.kt:11:41: error: unresolved reference: Flow
    fun observeAll(marketerId: String): Flow<List<ConversationEntity>>
                                        ^
core/database/src/main/kotlin/com/autodrive/app/core/database/dao/ConversationDao.kt:13:6: error: unresolved reference: Query
    @Query("SELECT * FROM conversations WHERE marketer_id = :marketerId ORDER BY created_at DESC LIMIT 1")
     ^
core/database/src/main/kotlin/com/autodrive/app/core/database/dao/ConversationDao.kt:16:6: error: unresolved reference: Query
    @Query("SELECT * FROM conversations WHERE client_id = :clientId LIMIT 1")
     ^
core/database/src/main/kotlin/com/autodrive/app/core/database/dao/ConversationDao.kt:19:6: error: unresolved reference: Query
    @Query("SELECT * FROM conversations WHERE id = :id LIMIT 1")
     ^
core/database/src/main/kotlin/com/autodrive/app/core/database/dao/ConversationDao.kt:22:6: error: unresolved reference: Query
    @Query("SELECT * FROM conversations WHERE client_id = :clientId ORDER BY created_at ASC")
     ^
core/database/src/main/kotlin/com/autodrive/app/core/database/dao/ConversationDao.kt:25:6: error: unresolved reference: Query
    @Query("SELECT * FROM conversations WHERE marketer_id = :marketerId")
     ^
core/database/src/main/kotlin/com/autodrive/app/core/database/dao/ConversationDao.kt:28:6: error: unresolved reference: Query
    @Query("UPDATE conversations SET id=:newId WHERE id=:oldId AND marketer_id=:marketerId AND client_id=:clientId")
     ^
core/database/src/main/kotlin/com/autodrive/app/core/database/dao/ConversationDao.kt:31:6: error: unresolved reference: Query
    @Query("DELETE FROM conversations WHERE id=:id AND marketer_id=:marketerId AND client_id=:clientId")
     ^
core/database/src/main/kotlin/com/autodrive/app/core/database/dao/ConversationDao.kt:34:6: error: unresolved reference: Query
    @Query("DELETE FROM conversations WHERE id = :id AND client_id = :clientId")
     ^
core/database/src/main/kotlin/com/autodrive/app/core/database/dao/ConversationDao.kt:37:6: error: unresolved reference: Query
    @Query("DELETE FROM conversations WHERE marketer_id = :marketerId")
     ^
core/database/src/main/kotlin/com/autodrive/app/core/database/dao/ConversationDao.kt:40:6: error: unresolved reference: Insert
    @Insert(onConflict = OnConflictStrategy.REPLACE)
     ^
core/database/src/main/kotlin/com/autodrive/app/core/database/dao/ConversationDao.kt:40:26: error: unresolved reference: OnConflictStrategy
    @Insert(onConflict = OnConflictStrategy.REPLACE)
                         ^
core/database/src/main/kotlin/com/autodrive/app/core/database/dao/ConversationDao.kt:43:6: error: unresolved reference: Query
    @Query("""
     ^
core/database/src/main/kotlin/com/autodrive/app/core/database/dao/ConversationDao.kt:51:6: error: unresolved reference: Query
    @Query("UPDATE conversations SET unread_count = 0 WHERE id = :id")
     ^
core/database/src/main/kotlin/com/autodrive/app/core/database/dao/ConversationDao.kt:54:6: error: unresolved reference: Query
    @Query("UPDATE conversations SET unread_count = :count WHERE id = :id")
     ^
core/database/src/main/kotlin/com/autodrive/app/core/database/dao/ConversationDao.kt:57:6: error: unresolved reference: Query
    @Query("SELECT COALESCE(SUM(unread_count), 0) FROM conversations WHERE marketer_id = :marketerId")
     ^
core/database/src/main/kotlin/com/autodrive/app/core/database/dao/ConversationDao.kt:58:49: error: unresolved reference: Flow
    fun observeTotalUnread(marketerId: String): Flow<Int>
                                                ^
core/database/src/main/kotlin/com/autodrive/app/core/database/dao/DynamoContentDao.kt:3:8: error: unresolved reference: androidx
import androidx.room.*
       ^
core/database/src/main/kotlin/com/autodrive/app/core/database/dao/DynamoContentDao.kt:6:2: error: unresolved reference: Dao
@Dao
 ^
core/database/src/main/kotlin/com/autodrive/app/core/database/dao/DynamoContentDao.kt:9:6: error: unresolved reference: Query
    @Query("SELECT * FROM dynamo_content WHERE is_active = 1 ORDER BY RANDOM() LIMIT 1")
     ^
core/database/src/main/kotlin/com/autodrive/app/core/database/dao/DynamoContentDao.kt:13:6: error: unresolved reference: Query
    @Query("SELECT * FROM dynamo_content WHERE is_active = 1 AND id NOT IN (:excludedIds) ORDER BY RANDOM() LIMIT 1")
     ^
core/database/src/main/kotlin/com/autodrive/app/core/database/dao/DynamoContentDao.kt:16:6: error: unresolved reference: Query
    @Query("SELECT COUNT(*) FROM dynamo_content WHERE is_active = 1")
     ^
core/database/src/main/kotlin/com/autodrive/app/core/database/dao/DynamoContentDao.kt:19:6: error: unresolved reference: Insert
    @Insert(onConflict = OnConflictStrategy.REPLACE)
     ^
core/database/src/main/kotlin/com/autodrive/app/core/database/dao/DynamoContentDao.kt:19:26: error: unresolved reference: OnConflictStrategy
    @Insert(onConflict = OnConflictStrategy.REPLACE)
                         ^
core/database/src/main/kotlin/com/autodrive/app/core/database/dao/DynamoContentDao.kt:22:6: error: unresolved reference: Query
    @Query("DELETE FROM dynamo_content")
     ^
core/database/src/main/kotlin/com/autodrive/app/core/database/dao/DynamoContentDao.kt:25:6: error: unresolved reference: Transaction
    @Transaction
     ^
core/database/src/main/kotlin/com/autodrive/app/core/database/dao/InvoiceDao.kt:3:8: error: unresolved reference: androidx
import androidx.room.Dao
       ^
core/database/src/main/kotlin/com/autodrive/app/core/database/dao/InvoiceDao.kt:4:8: error: unresolved reference: androidx
import androidx.room.Query
       ^
core/database/src/main/kotlin/com/autodrive/app/core/database/dao/InvoiceDao.kt:5:8: error: unresolved reference: androidx
import androidx.room.Upsert
       ^
core/database/src/main/kotlin/com/autodrive/app/core/database/dao/InvoiceDao.kt:7:8: error: unresolved reference: kotlinx
import kotlinx.coroutines.flow.Flow
       ^
core/database/src/main/kotlin/com/autodrive/app/core/database/dao/InvoiceDao.kt:9:2: error: unresolved reference: Dao
@Dao
 ^
core/database/src/main/kotlin/com/autodrive/app/core/database/dao/InvoiceDao.kt:12:6: error: unresolved reference: Upsert
    @Upsert
     ^
core/database/src/main/kotlin/com/autodrive/app/core/database/dao/InvoiceDao.kt:15:6: error: unresolved reference: Upsert
    @Upsert
     ^
core/database/src/main/kotlin/com/autodrive/app/core/database/dao/InvoiceDao.kt:18:6: error: unresolved reference: Query
    @Query("SELECT * FROM invoices WHERE client_id = :clientId AND category = 'SALE' AND CAST(commission AS NUMERIC) > 0")
     ^
core/database/src/main/kotlin/com/autodrive/app/core/database/dao/InvoiceDao.kt:19:46: error: unresolved reference: Flow
    fun observeByClientId(clientId: String): Flow<List<InvoiceEntity>>
                                             ^
core/database/src/main/kotlin/com/autodrive/app/core/database/dao/InvoiceDao.kt:21:6: error: unresolved reference: Query
    @Query("SELECT * FROM invoices WHERE client_id = :clientId AND category = 'SALE' AND CAST(commission AS NUMERIC) > 0")
     ^
core/database/src/main/kotlin/com/autodrive/app/core/database/dao/InvoiceDao.kt:24:6: error: unresolved reference: Query
    @Query("SELECT * FROM invoices WHERE client_id = :clientId ORDER BY id")
     ^
core/database/src/main/kotlin/com/autodrive/app/core/database/dao/InvoiceDao.kt:27:6: error: unresolved reference: Query
    @Query("SELECT * FROM invoices WHERE id = :id LIMIT 1")
     ^
core/database/src/main/kotlin/com/autodrive/app/core/database/dao/InvoiceDao.kt:30:6: error: unresolved reference: Query
    @Query("DELETE FROM invoices WHERE id = :id AND client_id = :clientId")
     ^
core/database/src/main/kotlin/com/autodrive/app/core/database/dao/InvoiceDao.kt:33:6: error: unresolved reference: Query
    @Query("DELETE FROM invoices WHERE id = :id")
     ^
core/database/src/main/kotlin/com/autodrive/app/core/database/dao/InvoiceDao.kt:36:6: error: unresolved reference: Query
    @Query("DELETE FROM invoices WHERE client_id = :clientId")
     ^
core/database/src/main/kotlin/com/autodrive/app/core/database/dao/MarketerBalanceDao.kt:3:8: error: unresolved reference: androidx
import androidx.room.Dao
       ^
core/database/src/main/kotlin/com/autodrive/app/core/database/dao/MarketerBalanceDao.kt:4:8: error: unresolved reference: androidx
import androidx.room.Query
       ^
core/database/src/main/kotlin/com/autodrive/app/core/database/dao/MarketerBalanceDao.kt:5:8: error: unresolved reference: androidx
import androidx.room.Upsert
       ^
core/database/src/main/kotlin/com/autodrive/app/core/database/dao/MarketerBalanceDao.kt:7:8: error: unresolved reference: kotlinx
import kotlinx.coroutines.flow.Flow
       ^
core/database/src/main/kotlin/com/autodrive/app/core/database/dao/MarketerBalanceDao.kt:10:2: error: unresolved reference: Dao
@Dao
 ^
core/database/src/main/kotlin/com/autodrive/app/core/database/dao/MarketerBalanceDao.kt:13:6: error: unresolved reference: Upsert
    @Upsert
     ^
core/database/src/main/kotlin/com/autodrive/app/core/database/dao/MarketerBalanceDao.kt:16:6: error: unresolved reference: Query
    @Query("SELECT * FROM marketer_balance WHERE user_id = :userId LIMIT 1")
     ^
core/database/src/main/kotlin/com/autodrive/app/core/database/dao/MarketerBalanceDao.kt:17:34: error: unresolved reference: Flow
    fun observe(userId: String): Flow<MarketerBalanceEntity?>
                                 ^
core/database/src/main/kotlin/com/autodrive/app/core/database/dao/MarketerBalanceDao.kt:19:6: error: unresolved reference: Query
    @Query("SELECT * FROM marketer_balance WHERE user_id = :userId LIMIT 1")
     ^
core/database/src/main/kotlin/com/autodrive/app/core/database/dao/MarketerBalanceDao.kt:22:6: error: unresolved reference: Query
    @Query("UPDATE marketer_balance SET balance = :balance, updated_at = :updatedAt WHERE user_id = :userId")
     ^
core/database/src/main/kotlin/com/autodrive/app/core/database/dao/MarketerBalanceDao.kt:25:6: error: unresolved reference: Query
    @Query("DELETE FROM marketer_balance WHERE user_id = :userId")
     ^
core/database/src/main/kotlin/com/autodrive/app/core/database/dao/NotificationDao.kt:3:8: error: unresolved reference: androidx
import androidx.room.Dao
       ^
core/database/src/main/kotlin/com/autodrive/app/core/database/dao/NotificationDao.kt:4:8: error: unresolved reference: androidx
import androidx.room.Query
       ^
core/database/src/main/kotlin/com/autodrive/app/core/database/dao/NotificationDao.kt:5:8: error: unresolved reference: androidx
import androidx.room.Upsert
       ^
core/database/src/main/kotlin/com/autodrive/app/core/database/dao/NotificationDao.kt:7:8: error: unresolved reference: kotlinx
import kotlinx.coroutines.flow.Flow
       ^
core/database/src/main/kotlin/com/autodrive/app/core/database/dao/NotificationDao.kt:9:2: error: unresolved reference: Dao
@Dao
 ^
core/database/src/main/kotlin/com/autodrive/app/core/database/dao/NotificationDao.kt:12:6: error: unresolved reference: Upsert
    @Upsert
     ^
core/database/src/main/kotlin/com/autodrive/app/core/database/dao/NotificationDao.kt:15:6: error: unresolved reference: Upsert
    @Upsert
     ^
core/database/src/main/kotlin/com/autodrive/app/core/database/dao/NotificationDao.kt:18:6: error: unresolved reference: Query
    @Query("SELECT * FROM notifications WHERE user_id = :userId ORDER BY created_at DESC LIMIT 50")
     ^
core/database/src/main/kotlin/com/autodrive/app/core/database/dao/NotificationDao.kt:19:42: error: unresolved reference: Flow
    fun observeByUserId(userId: String): Flow<List<NotificationEntity>>
                                         ^
core/database/src/main/kotlin/com/autodrive/app/core/database/dao/NotificationDao.kt:21:6: error: unresolved reference: Query
    @Query("SELECT COUNT(*) FROM notifications WHERE user_id = :userId AND is_read = 0")
     ^
core/database/src/main/kotlin/com/autodrive/app/core/database/dao/NotificationDao.kt:22:45: error: unresolved reference: Flow
    fun observeUnreadCount(userId: String): Flow<Int>
                                            ^
core/database/src/main/kotlin/com/autodrive/app/core/database/dao/NotificationDao.kt:24:6: error: unresolved reference: Query
    @Query("SELECT * FROM notifications WHERE id = :id AND user_id = :userId LIMIT 1")
     ^
core/database/src/main/kotlin/com/autodrive/app/core/database/dao/NotificationDao.kt:27:6: error: unresolved reference: Query
    @Query("SELECT * FROM notifications WHERE user_id = :userId AND is_read = 0")
     ^
core/database/src/main/kotlin/com/autodrive/app/core/database/dao/NotificationDao.kt:30:6: error: unresolved reference: Query
    @Query("SELECT * FROM notifications WHERE user_id = :userId ORDER BY created_at, id")
     ^
core/database/src/main/kotlin/com/autodrive/app/core/database/dao/NotificationDao.kt:33:6: error: unresolved reference: Query
    @Query("UPDATE notifications SET is_read = 1, read_synced = 0 WHERE id = :id AND user_id = :userId")
     ^
core/database/src/main/kotlin/com/autodrive/app/core/database/dao/NotificationDao.kt:36:6: error: unresolved reference: Query
    @Query("UPDATE notifications SET is_read = 1, read_synced = 0 WHERE user_id = :userId AND is_read = 0")
     ^
core/database/src/main/kotlin/com/autodrive/app/core/database/dao/NotificationDao.kt:39:6: error: unresolved reference: Query
    @Query("UPDATE notifications SET read_synced = 1 WHERE id = :id AND user_id = :userId")
     ^
core/database/src/main/kotlin/com/autodrive/app/core/database/dao/NotificationDao.kt:42:6: error: unresolved reference: Query
    @Query("UPDATE notifications SET read_synced = 1 WHERE user_id = :userId")
     ^
core/database/src/main/kotlin/com/autodrive/app/core/database/dao/NotificationDao.kt:45:6: error: unresolved reference: Query
    @Query("SELECT * FROM notifications WHERE user_id = :userId AND is_read = 1 AND read_synced = 0")
     ^
core/database/src/main/kotlin/com/autodrive/app/core/database/dao/NotificationDao.kt:48:6: error: unresolved reference: Query
    @Query("DELETE FROM notifications WHERE id = :id AND user_id = :userId")
     ^
core/database/src/main/kotlin/com/autodrive/app/core/database/dao/NotificationDao.kt:51:6: error: unresolved reference: Query
    @Query("DELETE FROM notifications WHERE user_id = :userId")
     ^
core/database/src/main/kotlin/com/autodrive/app/core/database/dao/PaymentDao.kt:3:8: error: unresolved reference: androidx
import androidx.room.Dao
       ^
core/database/src/main/kotlin/com/autodrive/app/core/database/dao/PaymentDao.kt:4:8: error: unresolved reference: androidx
import androidx.room.Query
       ^
core/database/src/main/kotlin/com/autodrive/app/core/database/dao/PaymentDao.kt:5:8: error: unresolved reference: androidx
import androidx.room.Upsert
       ^
core/database/src/main/kotlin/com/autodrive/app/core/database/dao/PaymentDao.kt:7:8: error: unresolved reference: kotlinx
import kotlinx.coroutines.flow.Flow
       ^
core/database/src/main/kotlin/com/autodrive/app/core/database/dao/PaymentDao.kt:9:2: error: unresolved reference: Dao
@Dao
 ^
core/database/src/main/kotlin/com/autodrive/app/core/database/dao/PaymentDao.kt:12:6: error: unresolved reference: Upsert
    @Upsert
     ^
core/database/src/main/kotlin/com/autodrive/app/core/database/dao/PaymentDao.kt:15:6: error: unresolved reference: Upsert
    @Upsert
     ^
core/database/src/main/kotlin/com/autodrive/app/core/database/dao/PaymentDao.kt:18:6: error: unresolved reference: Query
    @Query("SELECT * FROM payments WHERE invoice_id IN (:invoiceIds)")
     ^
core/database/src/main/kotlin/com/autodrive/app/core/database/dao/PaymentDao.kt:19:56: error: unresolved reference: Flow
    fun observeByInvoiceIds(invoiceIds: List<String>): Flow<List<PaymentEntity>>
                                                       ^
core/database/src/main/kotlin/com/autodrive/app/core/database/dao/PaymentDao.kt:21:6: error: unresolved reference: Query
    @Query("SELECT * FROM payments WHERE invoice_id IN (:invoiceIds)")
     ^
core/database/src/main/kotlin/com/autodrive/app/core/database/dao/PaymentDao.kt:24:6: error: unresolved reference: Query
    @Query("SELECT * FROM payments WHERE client_id = :clientId ORDER BY created_at, id")
     ^
core/database/src/main/kotlin/com/autodrive/app/core/database/dao/PaymentDao.kt:27:6: error: unresolved reference: Query
    @Query("SELECT * FROM payments WHERE id = :id LIMIT 1")
     ^
core/database/src/main/kotlin/com/autodrive/app/core/database/dao/PaymentDao.kt:30:6: error: unresolved reference: Query
    @Query("DELETE FROM payments WHERE id = :id AND client_id = :clientId")
     ^
core/database/src/main/kotlin/com/autodrive/app/core/database/dao/PaymentDao.kt:33:6: error: unresolved reference: Query
    @Query("DELETE FROM payments WHERE id = :id")
     ^
core/database/src/main/kotlin/com/autodrive/app/core/database/dao/PaymentDao.kt:36:6: error: unresolved reference: Query
    @Query("DELETE FROM payments WHERE client_id = :clientId")
     ^
core/database/src/main/kotlin/com/autodrive/app/core/database/dao/PaymentDao.kt:39:6: error: unresolved reference: Query
    @Query("DELETE FROM payments WHERE invoice_id IN (:invoiceIds)")
     ^
core/database/src/main/kotlin/com/autodrive/app/core/database/dao/PendingOperationDao.kt:3:8: error: unresolved reference: androidx
import androidx.room.Dao
       ^
core/database/src/main/kotlin/com/autodrive/app/core/database/dao/PendingOperationDao.kt:4:8: error: unresolved reference: androidx
import androidx.room.Insert
       ^
core/database/src/main/kotlin/com/autodrive/app/core/database/dao/PendingOperationDao.kt:5:8: error: unresolved reference: androidx
import androidx.room.OnConflictStrategy
       ^
core/database/src/main/kotlin/com/autodrive/app/core/database/dao/PendingOperationDao.kt:6:8: error: unresolved reference: androidx
import androidx.room.Query
       ^
core/database/src/main/kotlin/com/autodrive/app/core/database/dao/PendingOperationDao.kt:9:2: error: unresolved reference: Dao
@Dao
 ^
core/database/src/main/kotlin/com/autodrive/app/core/database/dao/PendingOperationDao.kt:12:6: error: unresolved reference: Insert
    @Insert(onConflict = OnConflictStrategy.ABORT)
     ^
core/database/src/main/kotlin/com/autodrive/app/core/database/dao/PendingOperationDao.kt:12:26: error: unresolved reference: OnConflictStrategy
    @Insert(onConflict = OnConflictStrategy.ABORT)
                         ^
core/database/src/main/kotlin/com/autodrive/app/core/database/dao/PendingOperationDao.kt:15:6: error: unresolved reference: Query
    @Query(
     ^
core/database/src/main/kotlin/com/autodrive/app/core/database/dao/PendingOperationDao.kt:50:6: error: unresolved reference: Query
    @Query(
     ^
core/database/src/main/kotlin/com/autodrive/app/core/database/dao/PendingOperationDao.kt:86:6: error: unresolved reference: Query
    @Query(
     ^
core/database/src/main/kotlin/com/autodrive/app/core/database/dao/PendingOperationDao.kt:100:6: error: unresolved reference: Query
    @Query(
     ^
core/database/src/main/kotlin/com/autodrive/app/core/database/dao/PendingOperationDao.kt:119:6: error: unresolved reference: Query
    @Query(
     ^
core/database/src/main/kotlin/com/autodrive/app/core/database/dao/PendingOperationDao.kt:131:6: error: unresolved reference: Query
    @Query(
     ^
core/database/src/main/kotlin/com/autodrive/app/core/database/dao/PendingOperationDao.kt:159:6: error: unresolved reference: Query
    @Query(
     ^
core/database/src/main/kotlin/com/autodrive/app/core/database/dao/PendingOperationDao.kt:171:6: error: unresolved reference: Query
    @Query(
     ^
core/database/src/main/kotlin/com/autodrive/app/core/database/dao/PendingOperationDao.kt:182:6: error: unresolved reference: Query
    @Query(
     ^
core/database/src/main/kotlin/com/autodrive/app/core/database/dao/PendingOperationDao.kt:200:6: error: unresolved reference: Query
    @Query(
     ^
core/database/src/main/kotlin/com/autodrive/app/core/database/dao/PendingOperationDao.kt:223:6: error: unresolved reference: Query
    @Query(
     ^
core/database/src/main/kotlin/com/autodrive/app/core/database/dao/PendingOperationDao.kt:246:6: error: unresolved reference: Query
    @Query(
     ^
core/database/src/main/kotlin/com/autodrive/app/core/database/dao/PendingOperationDao.kt:259:6: error: unresolved reference: Query
    @Query(
     ^
core/database/src/main/kotlin/com/autodrive/app/core/database/dao/PendingOperationDao.kt:268:6: error: unresolved reference: Query
    @Query(
     ^
core/database/src/main/kotlin/com/autodrive/app/core/database/dao/PendingOperationDao.kt:279:6: error: unresolved reference: Query
    @Query(
     ^
core/database/src/main/kotlin/com/autodrive/app/core/database/dao/PendingOperationDao.kt:293:6: error: unresolved reference: Query
    @Query(
     ^
core/database/src/main/kotlin/com/autodrive/app/core/database/dao/PendingOperationDao.kt:306:6: error: unresolved reference: Query
    @Query(
     ^
core/database/src/main/kotlin/com/autodrive/app/core/database/dao/PendingOperationDao.kt:315:6: error: unresolved reference: Query
    @Query(
     ^
core/database/src/main/kotlin/com/autodrive/app/core/database/dao/PendingOperationDao.kt:322:6: error: unresolved reference: Query
    @Query(
     ^
core/database/src/main/kotlin/com/autodrive/app/core/database/dao/PendingOperationDao.kt:329:6: error: unresolved reference: Query
    @Query(
     ^
core/database/src/main/kotlin/com/autodrive/app/core/database/dao/SyncBootstrapDao.kt:3:8: error: unresolved reference: androidx
import androidx.room.Dao
       ^
core/database/src/main/kotlin/com/autodrive/app/core/database/dao/SyncBootstrapDao.kt:4:8: error: unresolved reference: androidx
import androidx.room.Query
       ^
core/database/src/main/kotlin/com/autodrive/app/core/database/dao/SyncBootstrapDao.kt:5:8: error: unresolved reference: androidx
import androidx.room.Upsert
       ^
core/database/src/main/kotlin/com/autodrive/app/core/database/dao/SyncBootstrapDao.kt:10:2: error: unresolved reference: Dao
@Dao
 ^
core/database/src/main/kotlin/com/autodrive/app/core/database/dao/SyncBootstrapDao.kt:12:6: error: unresolved reference: Query
    @Query(
     ^
core/database/src/main/kotlin/com/autodrive/app/core/database/dao/SyncBootstrapDao.kt:21:6: error: unresolved reference: Upsert
    @Upsert
     ^
core/database/src/main/kotlin/com/autodrive/app/core/database/dao/SyncBootstrapDao.kt:24:6: error: unresolved reference: Upsert
    @Upsert
     ^
core/database/src/main/kotlin/com/autodrive/app/core/database/dao/SyncBootstrapDao.kt:27:6: error: unresolved reference: Query
    @Query(
     ^
core/database/src/main/kotlin/com/autodrive/app/core/database/dao/SyncBootstrapDao.kt:41:6: error: unresolved reference: Query
    @Query(
     ^
core/database/src/main/kotlin/com/autodrive/app/core/database/dao/SyncBootstrapDao.kt:49:6: error: unresolved reference: Query
    @Query(
     ^
core/database/src/main/kotlin/com/autodrive/app/core/database/dao/SyncBootstrapDao.kt:57:6: error: unresolved reference: Query
    @Query(
     ^
core/database/src/main/kotlin/com/autodrive/app/core/database/dao/SyncBootstrapDao.kt:65:6: error: unresolved reference: Query
    @Query(
     ^
core/database/src/main/kotlin/com/autodrive/app/core/database/dao/SyncBootstrapDao.kt:74:2: error: unresolved reference: Dao
@Dao
 ^
core/database/src/main/kotlin/com/autodrive/app/core/database/dao/SyncBootstrapDao.kt:76:6: error: unresolved reference: Query
    @Query(
     ^
core/database/src/main/kotlin/com/autodrive/app/core/database/dao/SyncBootstrapDao.kt:90:6: error: unresolved reference: Upsert
    @Upsert
     ^
core/database/src/main/kotlin/com/autodrive/app/core/database/dao/SyncBootstrapDao.kt:93:6: error: unresolved reference: Query
    @Query(
     ^
core/database/src/main/kotlin/com/autodrive/app/core/database/dao/SyncCursorDao.kt:3:8: error: unresolved reference: androidx
import androidx.room.Dao
       ^
core/database/src/main/kotlin/com/autodrive/app/core/database/dao/SyncCursorDao.kt:4:8: error: unresolved reference: androidx
import androidx.room.Query
       ^
core/database/src/main/kotlin/com/autodrive/app/core/database/dao/SyncCursorDao.kt:5:8: error: unresolved reference: androidx
import androidx.room.Upsert
       ^
core/database/src/main/kotlin/com/autodrive/app/core/database/dao/SyncCursorDao.kt:8:2: error: unresolved reference: Dao
@Dao
 ^
core/database/src/main/kotlin/com/autodrive/app/core/database/dao/SyncCursorDao.kt:10:6: error: unresolved reference: Query
    @Query(
     ^
core/database/src/main/kotlin/com/autodrive/app/core/database/dao/SyncCursorDao.kt:27:6: error: unresolved reference: Upsert
    @Upsert
     ^
core/database/src/main/kotlin/com/autodrive/app/core/database/dao/SyncCursorDao.kt:30:6: error: unresolved reference: Query
    @Query(
     ^
core/database/src/main/kotlin/com/autodrive/app/core/database/dao/SyncCursorDao.kt:40:6: error: unresolved reference: Query
    @Query(
     ^
core/database/src/main/kotlin/com/autodrive/app/core/database/dao/SyncInboxDao.kt:3:8: error: unresolved reference: androidx
import androidx.room.Dao
       ^
core/database/src/main/kotlin/com/autodrive/app/core/database/dao/SyncInboxDao.kt:4:8: error: unresolved reference: androidx
import androidx.room.Insert
       ^
core/database/src/main/kotlin/com/autodrive/app/core/database/dao/SyncInboxDao.kt:5:8: error: unresolved reference: androidx
import androidx.room.OnConflictStrategy
       ^
core/database/src/main/kotlin/com/autodrive/app/core/database/dao/SyncInboxDao.kt:6:8: error: unresolved reference: androidx
import androidx.room.Query
       ^
core/database/src/main/kotlin/com/autodrive/app/core/database/dao/SyncInboxDao.kt:9:2: error: unresolved reference: Dao
@Dao
 ^
core/database/src/main/kotlin/com/autodrive/app/core/database/dao/SyncInboxDao.kt:11:6: error: unresolved reference: Query
    @Query(
     ^
core/database/src/main/kotlin/com/autodrive/app/core/database/dao/SyncInboxDao.kt:30:6: error: unresolved reference: Insert
    @Insert(onConflict = OnConflictStrategy.ABORT)
     ^
core/database/src/main/kotlin/com/autodrive/app/core/database/dao/SyncInboxDao.kt:30:26: error: unresolved reference: OnConflictStrategy
    @Insert(onConflict = OnConflictStrategy.ABORT)
                         ^
core/database/src/main/kotlin/com/autodrive/app/core/database/dao/SyncInboxDao.kt:33:6: error: unresolved reference: Query
    @Query(
     ^
core/database/src/main/kotlin/com/autodrive/app/core/database/dao/SyncInboxDao.kt:52:6: error: unresolved reference: Query
    @Query(
     ^
core/database/src/main/kotlin/com/autodrive/app/core/database/dao/SyncInboxDao.kt:62:6: error: unresolved reference: Query
    @Query(
     ^
core/database/src/main/kotlin/com/autodrive/app/core/database/dao/SyncInboxDao.kt:73:6: error: unresolved reference: Query
    @Query(
     ^
core/database/src/main/kotlin/com/autodrive/app/core/database/dao/SyncObservabilityDao.kt:3:8: error: unresolved reference: androidx
import androidx.room.Dao
       ^
core/database/src/main/kotlin/com/autodrive/app/core/database/dao/SyncObservabilityDao.kt:4:8: error: unresolved reference: androidx
import androidx.room.Insert
       ^
core/database/src/main/kotlin/com/autodrive/app/core/database/dao/SyncObservabilityDao.kt:5:8: error: unresolved reference: androidx
import androidx.room.OnConflictStrategy
       ^
core/database/src/main/kotlin/com/autodrive/app/core/database/dao/SyncObservabilityDao.kt:6:8: error: unresolved reference: androidx
import androidx.room.Query
       ^
core/database/src/main/kotlin/com/autodrive/app/core/database/dao/SyncObservabilityDao.kt:9:2: error: unresolved reference: Dao
@Dao
 ^
core/database/src/main/kotlin/com/autodrive/app/core/database/dao/SyncObservabilityDao.kt:11:6: error: unresolved reference: Query
    @Query(
     ^
core/database/src/main/kotlin/com/autodrive/app/core/database/dao/SyncObservabilityDao.kt:18:6: error: unresolved reference: Insert
    @Insert(onConflict = OnConflictStrategy.REPLACE)
     ^
core/database/src/main/kotlin/com/autodrive/app/core/database/dao/SyncObservabilityDao.kt:18:26: error: unresolved reference: OnConflictStrategy
    @Insert(onConflict = OnConflictStrategy.REPLACE)
                         ^
core/database/src/main/kotlin/com/autodrive/app/core/database/dao/SyncObservabilityDao.kt:21:6: error: unresolved reference: Query
    @Query(
     ^
core/database/src/main/kotlin/com/autodrive/app/core/database/dao/WeeklyLeaderboardDao.kt:3:8: error: unresolved reference: androidx
import androidx.room.Dao
       ^
core/database/src/main/kotlin/com/autodrive/app/core/database/dao/WeeklyLeaderboardDao.kt:4:8: error: unresolved reference: androidx
import androidx.room.Query
       ^
core/database/src/main/kotlin/com/autodrive/app/core/database/dao/WeeklyLeaderboardDao.kt:5:8: error: unresolved reference: androidx
import androidx.room.Upsert
       ^
core/database/src/main/kotlin/com/autodrive/app/core/database/dao/WeeklyLeaderboardDao.kt:7:8: error: unresolved reference: kotlinx
import kotlinx.coroutines.flow.Flow
       ^
core/database/src/main/kotlin/com/autodrive/app/core/database/dao/WeeklyLeaderboardDao.kt:9:2: error: unresolved reference: Dao
@Dao
 ^
core/database/src/main/kotlin/com/autodrive/app/core/database/dao/WeeklyLeaderboardDao.kt:12:6: error: unresolved reference: Query
    @Query("SELECT * FROM weekly_leaderboard_cache ORDER BY rank ASC")
     ^
core/database/src/main/kotlin/com/autodrive/app/core/database/dao/WeeklyLeaderboardDao.kt:13:23: error: unresolved reference: Flow
    fun observeAll(): Flow<List<WeeklyLeaderboardEntity>>
                      ^
core/database/src/main/kotlin/com/autodrive/app/core/database/dao/WeeklyLeaderboardDao.kt:15:6: error: unresolved reference: Query
    @Query("SELECT * FROM weekly_leaderboard_cache ORDER BY rank ASC")
     ^
core/database/src/main/kotlin/com/autodrive/app/core/database/dao/WeeklyLeaderboardDao.kt:18:6: error: unresolved reference: Upsert
    @Upsert
     ^
core/database/src/main/kotlin/com/autodrive/app/core/database/dao/WeeklyLeaderboardDao.kt:21:6: error: unresolved reference: Query
    @Query("DELETE FROM weekly_leaderboard_cache")
     ^
core/database/src/main/kotlin/com/autodrive/app/core/database/dao/WithdrawalRequestDao.kt:3:8: error: unresolved reference: androidx
import androidx.room.Dao
       ^
core/database/src/main/kotlin/com/autodrive/app/core/database/dao/WithdrawalRequestDao.kt:4:8: error: unresolved reference: androidx
import androidx.room.Query
       ^
core/database/src/main/kotlin/com/autodrive/app/core/database/dao/WithdrawalRequestDao.kt:5:8: error: unresolved reference: androidx
import androidx.room.Upsert
       ^
core/database/src/main/kotlin/com/autodrive/app/core/database/dao/WithdrawalRequestDao.kt:7:8: error: unresolved reference: kotlinx
import kotlinx.coroutines.flow.Flow
       ^
core/database/src/main/kotlin/com/autodrive/app/core/database/dao/WithdrawalRequestDao.kt:9:2: error: unresolved reference: Dao
@Dao
 ^
core/database/src/main/kotlin/com/autodrive/app/core/database/dao/WithdrawalRequestDao.kt:12:6: error: unresolved reference: Upsert
    @Upsert
     ^
core/database/src/main/kotlin/com/autodrive/app/core/database/dao/WithdrawalRequestDao.kt:15:6: error: unresolved reference: Upsert
    @Upsert
     ^
core/database/src/main/kotlin/com/autodrive/app/core/database/dao/WithdrawalRequestDao.kt:18:6: error: unresolved reference: Query
    @Query("SELECT * FROM withdrawal_requests WHERE user_id = :userId ORDER BY created_at DESC LIMIT 20")
     ^
core/database/src/main/kotlin/com/autodrive/app/core/database/dao/WithdrawalRequestDao.kt:19:34: error: unresolved reference: Flow
    fun observe(userId: String): Flow<List<WithdrawalRequestEntity>>
                                 ^
core/database/src/main/kotlin/com/autodrive/app/core/database/dao/WithdrawalRequestDao.kt:21:6: error: unresolved reference: Query
    @Query("SELECT * FROM withdrawal_requests WHERE user_id = :userId ORDER BY created_at DESC LIMIT 20")
     ^
core/database/src/main/kotlin/com/autodrive/app/core/database/dao/WithdrawalRequestDao.kt:24:6: error: unresolved reference: Query
    @Query("SELECT * FROM withdrawal_requests WHERE user_id = :userId ORDER BY created_at, id")
     ^
core/database/src/main/kotlin/com/autodrive/app/core/database/dao/WithdrawalRequestDao.kt:27:6: error: unresolved reference: Query
    @Query("SELECT * FROM withdrawal_requests WHERE id = :id LIMIT 1")
     ^
core/database/src/main/kotlin/com/autodrive/app/core/database/dao/WithdrawalRequestDao.kt:30:6: error: unresolved reference: Query
    @Query("SELECT * FROM withdrawal_requests WHERE sync_status = 'PENDING'")
     ^
core/database/src/main/kotlin/com/autodrive/app/core/database/dao/WithdrawalRequestDao.kt:33:6: error: unresolved reference: Query
    @Query("UPDATE withdrawal_requests SET sync_status = :status WHERE id = :id")
     ^
core/database/src/main/kotlin/com/autodrive/app/core/database/dao/WithdrawalRequestDao.kt:36:6: error: unresolved reference: Query
    @Query("UPDATE withdrawal_requests SET id = :newId, sync_status = 'SYNCED' WHERE id = :tempId")
     ^
core/database/src/main/kotlin/com/autodrive/app/core/database/dao/WithdrawalRequestDao.kt:39:6: error: unresolved reference: Query
    @Query("DELETE FROM withdrawal_requests WHERE id = :id AND user_id = :userId")
     ^
core/database/src/main/kotlin/com/autodrive/app/core/database/dao/WithdrawalRequestDao.kt:42:6: error: unresolved reference: Query
    @Query("DELETE FROM withdrawal_requests WHERE id = :id")
     ^
core/database/src/main/kotlin/com/autodrive/app/core/database/dao/WithdrawalRequestDao.kt:45:6: error: unresolved reference: Query
    @Query("DELETE FROM withdrawal_requests WHERE user_id = :userId")
     ^
core/database/src/main/kotlin/com/autodrive/app/core/database/dao/WithdrawalRequestDao.kt:48:6: error: unresolved reference: Query
    @Query("DELETE FROM withdrawal_requests WHERE user_id = :userId AND status = 'PENDING'")
     ^
core/database/src/main/kotlin/com/autodrive/app/core/database/entities/ChatSyncEntities.kt:3:8: error: unresolved reference: androidx
import androidx.room.ColumnInfo
       ^
core/database/src/main/kotlin/com/autodrive/app/core/database/entities/ChatSyncEntities.kt:4:8: error: unresolved reference: androidx
import androidx.room.Entity
       ^
core/database/src/main/kotlin/com/autodrive/app/core/database/entities/ChatSyncEntities.kt:5:8: error: unresolved reference: androidx
import androidx.room.Index
       ^
core/database/src/main/kotlin/com/autodrive/app/core/database/entities/ChatSyncEntities.kt:7:2: error: unresolved reference: Entity
@Entity(
 ^
core/database/src/main/kotlin/com/autodrive/app/core/database/entities/ChatSyncEntities.kt:12:6: error: unresolved reference: ColumnInfo
    @ColumnInfo(name = "user_id") val userId: String,
     ^
core/database/src/main/kotlin/com/autodrive/app/core/database/entities/ChatSyncEntities.kt:13:6: error: unresolved reference: ColumnInfo
    @ColumnInfo(name = "client_id") val clientId: String,
     ^
core/database/src/main/kotlin/com/autodrive/app/core/database/entities/ChatSyncEntities.kt:14:6: error: unresolved reference: ColumnInfo
    @ColumnInfo(name = "org_id") val orgId: String,
     ^
core/database/src/main/kotlin/com/autodrive/app/core/database/entities/ChatSyncEntities.kt:15:6: error: unresolved reference: ColumnInfo
    @ColumnInfo(name = "conversation_id") val conversationId: String,
     ^
core/database/src/main/kotlin/com/autodrive/app/core/database/entities/ChatSyncEntities.kt:16:6: error: unresolved reference: ColumnInfo
    @ColumnInfo(name = "last_created_at_server") val lastCreatedAtServer: String,
     ^
core/database/src/main/kotlin/com/autodrive/app/core/database/entities/ChatSyncEntities.kt:17:6: error: unresolved reference: ColumnInfo
    @ColumnInfo(name = "last_message_id") val lastMessageId: String,
     ^
core/database/src/main/kotlin/com/autodrive/app/core/database/entities/ChatSyncEntities.kt:18:6: error: unresolved reference: ColumnInfo
    @ColumnInfo(name = "last_server_sequence") val lastServerSequence: Long = 0L,
     ^
core/database/src/main/kotlin/com/autodrive/app/core/database/entities/ChatSyncEntities.kt:19:6: error: unresolved reference: ColumnInfo
    @ColumnInfo(name = "contract_version") val contractVersion: Int = 2,
     ^
core/database/src/main/kotlin/com/autodrive/app/core/database/entities/ChatSyncEntities.kt:20:6: error: unresolved reference: ColumnInfo
    @ColumnInfo(name = "updated_at_local") val updatedAtLocal: Long = System.currentTimeMillis(),
     ^
core/database/src/main/kotlin/com/autodrive/app/core/database/entities/ChatSyncEntities.kt:23:2: error: unresolved reference: Entity
@Entity(
 ^
core/database/src/main/kotlin/com/autodrive/app/core/database/entities/ChatSyncEntities.kt:26:9: error: unresolved reference: Index
        Index(
        ^
core/database/src/main/kotlin/com/autodrive/app/core/database/entities/ChatSyncEntities.kt:30:9: error: unresolved reference: Index
        Index(
        ^
core/database/src/main/kotlin/com/autodrive/app/core/database/entities/ChatSyncEntities.kt:38:6: error: unresolved reference: androidx
    @androidx.room.PrimaryKey
     ^
core/database/src/main/kotlin/com/autodrive/app/core/database/entities/ChatSyncEntities.kt:39:6: error: unresolved reference: ColumnInfo
    @ColumnInfo(name = "transfer_id") val transferId: String,
     ^
core/database/src/main/kotlin/com/autodrive/app/core/database/entities/ChatSyncEntities.kt:40:6: error: unresolved reference: ColumnInfo
    @ColumnInfo(name = "user_id") val userId: String,
     ^
core/database/src/main/kotlin/com/autodrive/app/core/database/entities/ChatSyncEntities.kt:41:6: error: unresolved reference: ColumnInfo
    @ColumnInfo(name = "client_id") val clientId: String,
     ^
core/database/src/main/kotlin/com/autodrive/app/core/database/entities/ChatSyncEntities.kt:42:6: error: unresolved reference: ColumnInfo
    @ColumnInfo(name = "org_id") val orgId: String,
     ^
core/database/src/main/kotlin/com/autodrive/app/core/database/entities/ChatSyncEntities.kt:43:6: error: unresolved reference: ColumnInfo
    @ColumnInfo(name = "message_id") val messageId: String,
     ^
core/database/src/main/kotlin/com/autodrive/app/core/database/entities/ChatSyncEntities.kt:45:6: error: unresolved reference: ColumnInfo
    @ColumnInfo(name = "local_path") val localPath: String,
     ^
core/database/src/main/kotlin/com/autodrive/app/core/database/entities/ChatSyncEntities.kt:46:6: error: unresolved reference: ColumnInfo
    @ColumnInfo(name = "media_mime") val mediaMime: String,
     ^
core/database/src/main/kotlin/com/autodrive/app/core/database/entities/ChatSyncEntities.kt:47:6: error: unresolved reference: ColumnInfo
    @ColumnInfo(name = "size_bytes") val sizeBytes: Long,
     ^
core/database/src/main/kotlin/com/autodrive/app/core/database/entities/ChatSyncEntities.kt:48:6: error: unresolved reference: ColumnInfo
    @ColumnInfo(name = "content_sha256") val contentSha256: String,
     ^
core/database/src/main/kotlin/com/autodrive/app/core/database/entities/ChatSyncEntities.kt:50:6: error: unresolved reference: ColumnInfo
    @ColumnInfo(name = "object_path") val objectPath: String,
     ^
core/database/src/main/kotlin/com/autodrive/app/core/database/entities/ChatSyncEntities.kt:51:6: error: unresolved reference: ColumnInfo
    @ColumnInfo(name = "remote_reference") val remoteReference: String? = null,
     ^
core/database/src/main/kotlin/com/autodrive/app/core/database/entities/ChatSyncEntities.kt:53:6: error: unresolved reference: ColumnInfo
    @ColumnInfo(name = "attempt_count") val attemptCount: Int = 0,
     ^
core/database/src/main/kotlin/com/autodrive/app/core/database/entities/ChatSyncEntities.kt:54:6: error: unresolved reference: ColumnInfo
    @ColumnInfo(name = "next_retry_at") val nextRetryAt: Long = 0L,
     ^
core/database/src/main/kotlin/com/autodrive/app/core/database/entities/ChatSyncEntities.kt:55:6: error: unresolved reference: ColumnInfo
    @ColumnInfo(name = "lease_until") val leaseUntil: Long = 0L,
     ^
core/database/src/main/kotlin/com/autodrive/app/core/database/entities/ChatSyncEntities.kt:56:6: error: unresolved reference: ColumnInfo
    @ColumnInfo(name = "last_error_code") val lastErrorCode: String? = null,
     ^
core/database/src/main/kotlin/com/autodrive/app/core/database/entities/ChatSyncEntities.kt:57:6: error: unresolved reference: ColumnInfo
    @ColumnInfo(name = "created_at") val createdAt: Long = System.currentTimeMillis(),
     ^
core/database/src/main/kotlin/com/autodrive/app/core/database/entities/ChatSyncEntities.kt:58:6: error: unresolved reference: ColumnInfo
    @ColumnInfo(name = "updated_at") val updatedAt: Long = createdAt,
     ^
core/database/src/main/kotlin/com/autodrive/app/core/database/entities/Entities.kt:3:8: error: unresolved reference: androidx
import androidx.room.ColumnInfo
       ^
core/database/src/main/kotlin/com/autodrive/app/core/database/entities/Entities.kt:4:8: error: unresolved reference: androidx
import androidx.room.Entity
       ^
core/database/src/main/kotlin/com/autodrive/app/core/database/entities/Entities.kt:5:8: error: unresolved reference: androidx
import androidx.room.Index
       ^
core/database/src/main/kotlin/com/autodrive/app/core/database/entities/Entities.kt:6:8: error: unresolved reference: androidx
import androidx.room.PrimaryKey
       ^
core/database/src/main/kotlin/com/autodrive/app/core/database/entities/Entities.kt:9:2: error: unresolved reference: Entity
@Entity(
 ^
core/database/src/main/kotlin/com/autodrive/app/core/database/entities/Entities.kt:11:16: error: unresolved reference: Index
    indices = [Index(value = ["client_id", "category"], name = "index_invoices_client_id_category")],
               ^
core/database/src/main/kotlin/com/autodrive/app/core/database/entities/Entities.kt:14:6: error: unresolved reference: PrimaryKey
    @PrimaryKey val id: String,
     ^
core/database/src/main/kotlin/com/autodrive/app/core/database/entities/Entities.kt:15:6: error: unresolved reference: ColumnInfo
    @ColumnInfo(name = "client_id")     val clientId: String,
     ^
core/database/src/main/kotlin/com/autodrive/app/core/database/entities/Entities.kt:19:6: error: unresolved reference: ColumnInfo
    @ColumnInfo(name = "total_amount")  val totalAmount: BigDecimal,
     ^
core/database/src/main/kotlin/com/autodrive/app/core/database/entities/Entities.kt:20:6: error: unresolved reference: ColumnInfo
    @ColumnInfo(name = "invoice_number") val invoiceNumber: Int,
     ^
core/database/src/main/kotlin/com/autodrive/app/core/database/entities/Entities.kt:21:6: error: unresolved reference: ColumnInfo
    @ColumnInfo(name = "created_at")    val createdAt: String
     ^
core/database/src/main/kotlin/com/autodrive/app/core/database/entities/Entities.kt:24:2: error: unresolved reference: Entity
@Entity(
 ^
core/database/src/main/kotlin/com/autodrive/app/core/database/entities/Entities.kt:27:9: error: unresolved reference: Index
        Index(value = ["invoice_id"], name = "index_payments_invoice_id"),
        ^
core/database/src/main/kotlin/com/autodrive/app/core/database/entities/Entities.kt:28:9: error: unresolved reference: Index
        Index(value = ["client_id"], name = "index_payments_client_id"),
        ^
core/database/src/main/kotlin/com/autodrive/app/core/database/entities/Entities.kt:32:6: error: unresolved reference: PrimaryKey
    @PrimaryKey val id: String,
     ^
core/database/src/main/kotlin/com/autodrive/app/core/database/entities/Entities.kt:33:6: error: unresolved reference: ColumnInfo
    @ColumnInfo(name = "client_id") val clientId: String,
     ^
core/database/src/main/kotlin/com/autodrive/app/core/database/entities/Entities.kt:34:6: error: unresolved reference: ColumnInfo
    @ColumnInfo(name = "invoice_id") val invoiceId: String,
     ^
core/database/src/main/kotlin/com/autodrive/app/core/database/entities/Entities.kt:36:6: error: unresolved reference: ColumnInfo
    @ColumnInfo(name = "created_at") val createdAt: String
     ^
core/database/src/main/kotlin/com/autodrive/app/core/database/entities/Entities.kt:39:2: error: unresolved reference: Entity
@Entity(
 ^
core/database/src/main/kotlin/com/autodrive/app/core/database/entities/Entities.kt:41:16: error: unresolved reference: Index
    indices = [Index(value = ["client_id"], name = "index_commission_payments_client_id")],
               ^
core/database/src/main/kotlin/com/autodrive/app/core/database/entities/Entities.kt:44:6: error: unresolved reference: PrimaryKey
    @PrimaryKey val id: String,
     ^
core/database/src/main/kotlin/com/autodrive/app/core/database/entities/Entities.kt:45:6: error: unresolved reference: ColumnInfo
    @ColumnInfo(name = "client_id")   val clientId: String,
     ^
core/database/src/main/kotlin/com/autodrive/app/core/database/entities/Entities.kt:48:6: error: unresolved reference: ColumnInfo
    @ColumnInfo(name = "invoice_ids") val invoiceIds: String,
     ^
core/database/src/main/kotlin/com/autodrive/app/core/database/entities/Entities.kt:49:6: error: unresolved reference: ColumnInfo
    @ColumnInfo(name = "created_at")  val createdAt: String
     ^
core/database/src/main/kotlin/com/autodrive/app/core/database/entities/Entities.kt:52:2: error: unresolved reference: Entity
@Entity(tableName = "marketer_balance", indices = [Index("user_id", unique = true)])
 ^
core/database/src/main/kotlin/com/autodrive/app/core/database/entities/Entities.kt:52:52: error: unresolved reference: Index
@Entity(tableName = "marketer_balance", indices = [Index("user_id", unique = true)])
                                                   ^
core/database/src/main/kotlin/com/autodrive/app/core/database/entities/Entities.kt:54:6: error: unresolved reference: PrimaryKey
    @PrimaryKey val id: String,
     ^
core/database/src/main/kotlin/com/autodrive/app/core/database/entities/Entities.kt:55:6: error: unresolved reference: ColumnInfo
    @ColumnInfo(name = "user_id")              val userId: String,
     ^
core/database/src/main/kotlin/com/autodrive/app/core/database/entities/Entities.kt:56:6: error: unresolved reference: ColumnInfo
    @ColumnInfo(name = "client_id")            val clientId: String,
     ^
core/database/src/main/kotlin/com/autodrive/app/core/database/entities/Entities.kt:58:6: error: unresolved reference: ColumnInfo
    @ColumnInfo(name = "pending_withdrawal")   val pendingWithdrawal: BigDecimal,
     ^
core/database/src/main/kotlin/com/autodrive/app/core/database/entities/Entities.kt:59:6: error: unresolved reference: ColumnInfo
    @ColumnInfo(name = "updated_at")           val updatedAt: String
     ^
core/database/src/main/kotlin/com/autodrive/app/core/database/entities/Entities.kt:62:2: error: unresolved reference: Entity
@Entity(
 ^
core/database/src/main/kotlin/com/autodrive/app/core/database/entities/Entities.kt:65:9: error: unresolved reference: Index
        Index(value = ["user_id", "created_at"], name = "index_balance_transactions_user_id_created_at"),
        ^
core/database/src/main/kotlin/com/autodrive/app/core/database/entities/Entities.kt:66:9: error: unresolved reference: Index
        Index(value = ["sync_status"], name = "index_balance_transactions_sync_status"),
        ^
core/database/src/main/kotlin/com/autodrive/app/core/database/entities/Entities.kt:70:6: error: unresolved reference: PrimaryKey
    @PrimaryKey val id: String,
     ^
core/database/src/main/kotlin/com/autodrive/app/core/database/entities/Entities.kt:71:6: error: unresolved reference: ColumnInfo
    @ColumnInfo(name = "user_id")    val userId: String,
     ^
core/database/src/main/kotlin/com/autodrive/app/core/database/entities/Entities.kt:72:6: error: unresolved reference: ColumnInfo
    @ColumnInfo(name = "client_id")  val clientId: String,
     ^
core/database/src/main/kotlin/com/autodrive/app/core/database/entities/Entities.kt:76:6: error: unresolved reference: ColumnInfo
    @ColumnInfo(name = "created_at") val createdAt: String,
     ^
core/database/src/main/kotlin/com/autodrive/app/core/database/entities/Entities.kt:78:6: error: unresolved reference: ColumnInfo
    @ColumnInfo(name = "sync_status") val syncStatus: String = "SYNCED"
     ^
core/database/src/main/kotlin/com/autodrive/app/core/database/entities/Entities.kt:81:2: error: unresolved reference: Entity
@Entity(
 ^
core/database/src/main/kotlin/com/autodrive/app/core/database/entities/Entities.kt:84:9: error: unresolved reference: Index
        Index(value = ["user_id", "created_at"], name = "index_withdrawal_requests_user_id_created_at"),
        ^
core/database/src/main/kotlin/com/autodrive/app/core/database/entities/Entities.kt:85:9: error: unresolved reference: Index
        Index(value = ["sync_status"], name = "index_withdrawal_requests_sync_status"),
        ^
core/database/src/main/kotlin/com/autodrive/app/core/database/entities/Entities.kt:86:9: error: unresolved reference: Index
        Index(value = ["user_id", "status"], name = "index_withdrawal_requests_user_id_status"),
        ^
core/database/src/main/kotlin/com/autodrive/app/core/database/entities/Entities.kt:90:6: error: unresolved reference: PrimaryKey
    @PrimaryKey val id: String,
     ^
core/database/src/main/kotlin/com/autodrive/app/core/database/entities/Entities.kt:91:6: error: unresolved reference: ColumnInfo
    @ColumnInfo(name = "user_id")          val userId: String,
     ^
core/database/src/main/kotlin/com/autodrive/app/core/database/entities/Entities.kt:92:6: error: unresolved reference: ColumnInfo
    @ColumnInfo(name = "client_id")        val clientId: String,
     ^
core/database/src/main/kotlin/com/autodrive/app/core/database/entities/Entities.kt:95:6: error: unresolved reference: ColumnInfo
    @ColumnInfo(name = "bank_name")        val bankName: String,
     ^
core/database/src/main/kotlin/com/autodrive/app/core/database/entities/Entities.kt:96:6: error: unresolved reference: ColumnInfo
    @ColumnInfo(name = "bank_account")     val bankAccount: String,
     ^
core/database/src/main/kotlin/com/autodrive/app/core/database/entities/Entities.kt:97:6: error: unresolved reference: ColumnInfo
    @ColumnInfo(name = "transaction_ref")  val transactionRef: String? = null,
     ^
core/database/src/main/kotlin/com/autodrive/app/core/database/entities/Entities.kt:99:6: error: unresolved reference: ColumnInfo
    @ColumnInfo(name = "created_at")       val createdAt: String,
     ^
core/database/src/main/kotlin/com/autodrive/app/core/database/entities/Entities.kt:100:6: error: unresolved reference: ColumnInfo
    @ColumnInfo(name = "completed_at")     val completedAt: String?,
     ^
core/database/src/main/kotlin/com/autodrive/app/core/database/entities/Entities.kt:101:6: error: unresolved reference: ColumnInfo
    @ColumnInfo(name = "sync_status")      val syncStatus: String = "SYNCED"
     ^
core/database/src/main/kotlin/com/autodrive/app/core/database/entities/Entities.kt:104:2: error: unresolved reference: Entity
@Entity(
 ^
core/database/src/main/kotlin/com/autodrive/app/core/database/entities/Entities.kt:107:9: error: unresolved reference: Index
        Index(value = ["user_id", "created_at"], name = "index_notifications_user_id_created_at"),
        ^
core/database/src/main/kotlin/com/autodrive/app/core/database/entities/Entities.kt:108:9: error: unresolved reference: Index
        Index(value = ["user_id", "is_read", "read_synced"], name = "index_notifications_user_id_is_read_read_synced"),
        ^
core/database/src/main/kotlin/com/autodrive/app/core/database/entities/Entities.kt:112:6: error: unresolved reference: PrimaryKey
    @PrimaryKey val id: String,
     ^
core/database/src/main/kotlin/com/autodrive/app/core/database/entities/Entities.kt:113:6: error: unresolved reference: ColumnInfo
    @ColumnInfo(name = "user_id")    val userId: String,
     ^
core/database/src/main/kotlin/com/autodrive/app/core/database/entities/Entities.kt:114:6: error: unresolved reference: ColumnInfo
    @ColumnInfo(name = "client_id")  val clientId: String,
     ^
core/database/src/main/kotlin/com/autodrive/app/core/database/entities/Entities.kt:118:6: error: unresolved reference: ColumnInfo
    @ColumnInfo(name = "is_read")    val isRead: Boolean,
     ^
core/database/src/main/kotlin/com/autodrive/app/core/database/entities/Entities.kt:119:6: error: unresolved reference: ColumnInfo
    @ColumnInfo(name = "created_at") val createdAt: String,
     ^
core/database/src/main/kotlin/com/autodrive/app/core/database/entities/Entities.kt:121:6: error: unresolved reference: ColumnInfo
    @ColumnInfo(name = "read_synced") val readSynced: Boolean = true,
     ^
core/database/src/main/kotlin/com/autodrive/app/core/database/entities/Entities.kt:123:6: error: unresolved reference: ColumnInfo
    @ColumnInfo(name = "nav_route")  val navRoute: String? = null
     ^
core/database/src/main/kotlin/com/autodrive/app/core/database/entities/Entities.kt:126:2: error: unresolved reference: Entity
@Entity(
 ^
core/database/src/main/kotlin/com/autodrive/app/core/database/entities/Entities.kt:128:16: error: unresolved reference: Index
    indices = [Index(value = ["user_id"], name = "index_autodrive_users_user_id")],
               ^
core/database/src/main/kotlin/com/autodrive/app/core/database/entities/Entities.kt:131:6: error: unresolved reference: PrimaryKey
    @PrimaryKey val id: String,
     ^
core/database/src/main/kotlin/com/autodrive/app/core/database/entities/Entities.kt:132:6: error: unresolved reference: ColumnInfo
    @ColumnInfo(name = "user_id")        val userId: String,
     ^
core/database/src/main/kotlin/com/autodrive/app/core/database/entities/Entities.kt:133:6: error: unresolved reference: ColumnInfo
    @ColumnInfo(name = "client_id")      val clientId: String,
     ^
core/database/src/main/kotlin/com/autodrive/app/core/database/entities/Entities.kt:134:6: error: unresolved reference: ColumnInfo
    @ColumnInfo(name = "org_id")         val orgId: String,
     ^
core/database/src/main/kotlin/com/autodrive/app/core/database/entities/Entities.kt:135:6: error: unresolved reference: ColumnInfo
    @ColumnInfo(name = "account_type")   val accountType: String,
     ^
core/database/src/main/kotlin/com/autodrive/app/core/database/entities/Entities.kt:136:6: error: unresolved reference: ColumnInfo
    @ColumnInfo(name = "full_name")      val fullName: String,
     ^
core/database/src/main/kotlin/com/autodrive/app/core/database/entities/Entities.kt:138:6: error: unresolved reference: ColumnInfo
    @ColumnInfo(name = "bank_name")      val bankName: String?,
     ^
core/database/src/main/kotlin/com/autodrive/app/core/database/entities/Entities.kt:139:6: error: unresolved reference: ColumnInfo
    @ColumnInfo(name = "bank_account")   val bankAccount: String?,
     ^
core/database/src/main/kotlin/com/autodrive/app/core/database/entities/Entities.kt:140:6: error: unresolved reference: ColumnInfo
    @ColumnInfo(name = "workshop_name")  val workshopName: String?,
     ^
core/database/src/main/kotlin/com/autodrive/app/core/database/entities/Entities.kt:142:6: error: unresolved reference: ColumnInfo
    @ColumnInfo(name = "workers_count")  val workersCount: Int?,
     ^
core/database/src/main/kotlin/com/autodrive/app/core/database/entities/Entities.kt:144:6: error: unresolved reference: ColumnInfo
    @ColumnInfo(name = "created_at")     val createdAt: String,
     ^
core/database/src/main/kotlin/com/autodrive/app/core/database/entities/Entities.kt:145:6: error: unresolved reference: ColumnInfo
    @ColumnInfo(name = "updated_at")     val updatedAt: String,
     ^
core/database/src/main/kotlin/com/autodrive/app/core/database/entities/Entities.kt:146:6: error: unresolved reference: ColumnInfo
    @ColumnInfo(name = "sync_status")    val syncStatus: String = "SYNCED"
     ^
core/database/src/main/kotlin/com/autodrive/app/core/database/entities/Entities.kt:149:2: error: unresolved reference: Entity
@Entity(
 ^
core/database/src/main/kotlin/com/autodrive/app/core/database/entities/Entities.kt:152:9: error: unresolved reference: Index
        Index(value = ["marketer_id", "last_message_at"], name = "index_conversations_marketer_id_last_message_at"),
        ^
core/database/src/main/kotlin/com/autodrive/app/core/database/entities/Entities.kt:153:9: error: unresolved reference: Index
        Index(value = ["marketer_id", "created_at"], name = "index_conversations_marketer_id_created_at"),
        ^
core/database/src/main/kotlin/com/autodrive/app/core/database/entities/Entities.kt:154:9: error: unresolved reference: Index
        Index(value = ["client_id"], name = "index_conversations_client_id"),
        ^
core/database/src/main/kotlin/com/autodrive/app/core/database/entities/Entities.kt:158:6: error: unresolved reference: PrimaryKey
    @PrimaryKey val id: String,
     ^
core/database/src/main/kotlin/com/autodrive/app/core/database/entities/Entities.kt:159:6: error: unresolved reference: ColumnInfo
    @ColumnInfo(name = "marketer_id")      val marketerId: String,
     ^
core/database/src/main/kotlin/com/autodrive/app/core/database/entities/Entities.kt:160:6: error: unresolved reference: ColumnInfo
    @ColumnInfo(name = "client_id")        val clientId: String,
     ^
core/database/src/main/kotlin/com/autodrive/app/core/database/entities/Entities.kt:163:6: error: unresolved reference: ColumnInfo
    @ColumnInfo(name = "last_message")     val lastMessage: String = "",
     ^
core/database/src/main/kotlin/com/autodrive/app/core/database/entities/Entities.kt:164:6: error: unresolved reference: ColumnInfo
    @ColumnInfo(name = "last_message_at")  val lastMessageAt: Long = 0L,
     ^
core/database/src/main/kotlin/com/autodrive/app/core/database/entities/Entities.kt:165:6: error: unresolved reference: ColumnInfo
    @ColumnInfo(name = "unread_count")     val unreadCount: Int    = 0,
     ^
core/database/src/main/kotlin/com/autodrive/app/core/database/entities/Entities.kt:166:6: error: unresolved reference: ColumnInfo
    @ColumnInfo(name = "created_at")       val createdAt: Long
     ^
core/database/src/main/kotlin/com/autodrive/app/core/database/entities/Entities.kt:169:2: error: unresolved reference: Entity
@Entity(
 ^
core/database/src/main/kotlin/com/autodrive/app/core/database/entities/Entities.kt:172:9: error: unresolved reference: Index
        Index(value = ["conversation_id", "created_at"], name = "index_chat_messages_conversation_id_created_at"),
        ^
core/database/src/main/kotlin/com/autodrive/app/core/database/entities/Entities.kt:173:9: error: unresolved reference: Index
        Index(value = ["status", "created_at"], name = "index_chat_messages_status_created_at"),
        ^
core/database/src/main/kotlin/com/autodrive/app/core/database/entities/Entities.kt:174:9: error: unresolved reference: Index
        Index(value = ["sender_type", "status", "type"], name = "index_chat_messages_sender_type_status_type"),
        ^
core/database/src/main/kotlin/com/autodrive/app/core/database/entities/Entities.kt:178:6: error: unresolved reference: PrimaryKey
    @PrimaryKey val id: String,
     ^
core/database/src/main/kotlin/com/autodrive/app/core/database/entities/Entities.kt:179:6: error: unresolved reference: ColumnInfo
    @ColumnInfo(name = "conversation_id")  val conversationId: String,
     ^
core/database/src/main/kotlin/com/autodrive/app/core/database/entities/Entities.kt:180:6: error: unresolved reference: ColumnInfo
    @ColumnInfo(name = "sender_id")        val senderId: String,
     ^
core/database/src/main/kotlin/com/autodrive/app/core/database/entities/Entities.kt:181:6: error: unresolved reference: ColumnInfo
    @ColumnInfo(name = "sender_type")      val senderType: String,   // MARKETER | ADMIN
     ^
core/database/src/main/kotlin/com/autodrive/app/core/database/entities/Entities.kt:184:6: error: unresolved reference: ColumnInfo
    @ColumnInfo(name = "is_read")          val isRead: Boolean       = false,
     ^
core/database/src/main/kotlin/com/autodrive/app/core/database/entities/Entities.kt:185:6: error: unresolved reference: ColumnInfo
    @ColumnInfo(name = "created_at")       val createdAt: Long,
     ^
core/database/src/main/kotlin/com/autodrive/app/core/database/entities/Entities.kt:187:6: error: unresolved reference: ColumnInfo
    @ColumnInfo(name = "media_url")        val mediaUrl: String?     = null,
     ^
core/database/src/main/kotlin/com/autodrive/app/core/database/entities/Entities.kt:188:6: error: unresolved reference: ColumnInfo
    @ColumnInfo(name = "media_mime")       val mediaMime: String?    = null,
     ^
core/database/src/main/kotlin/com/autodrive/app/core/database/entities/Entities.kt:189:6: error: unresolved reference: ColumnInfo
    @ColumnInfo(name = "media_duration_ms") val mediaDurationMs: Long? = null,
     ^
core/database/src/main/kotlin/com/autodrive/app/core/database/entities/Entities.kt:190:6: error: unresolved reference: ColumnInfo
    @ColumnInfo(name = "media_object_path") val mediaObjectPath: String? = null,
     ^
core/database/src/main/kotlin/com/autodrive/app/core/database/entities/Entities.kt:192:6: error: unresolved reference: ColumnInfo
    @ColumnInfo(name = "local_path")       val localPath: String?    = null,
     ^
core/database/src/main/kotlin/com/autodrive/app/core/database/entities/Entities.kt:196:2: error: unresolved reference: Entity
@Entity(
 ^
core/database/src/main/kotlin/com/autodrive/app/core/database/entities/Entities.kt:198:16: error: unresolved reference: Index
    indices = [Index(value = ["is_active"], name = "index_dynamo_content_is_active")],
               ^
core/database/src/main/kotlin/com/autodrive/app/core/database/entities/Entities.kt:201:6: error: unresolved reference: PrimaryKey
    @PrimaryKey val id: String,
     ^
core/database/src/main/kotlin/com/autodrive/app/core/database/entities/Entities.kt:202:6: error: unresolved reference: ColumnInfo
    @ColumnInfo(name = "content_type")  val contentType: String,
     ^
core/database/src/main/kotlin/com/autodrive/app/core/database/entities/Entities.kt:203:6: error: unresolved reference: ColumnInfo
    @ColumnInfo(name = "audience_type") val audienceType: String,
     ^
core/database/src/main/kotlin/com/autodrive/app/core/database/entities/Entities.kt:207:6: error: unresolved reference: ColumnInfo
    @ColumnInfo(name = "is_active")     val isActive: Boolean = true,
     ^
core/database/src/main/kotlin/com/autodrive/app/core/database/entities/Entities.kt:208:6: error: unresolved reference: ColumnInfo
    @ColumnInfo(name = "created_at")    val createdAt: String = "",
     ^
core/database/src/main/kotlin/com/autodrive/app/core/database/entities/Entities.kt:209:6: error: unresolved reference: ColumnInfo
    @ColumnInfo(name = "synced_at")     val syncedAt: Long = System.currentTimeMillis(),
     ^
core/database/src/main/kotlin/com/autodrive/app/core/database/entities/Entities.kt:212:2: error: unresolved reference: Entity
@Entity(
 ^
core/database/src/main/kotlin/com/autodrive/app/core/database/entities/Entities.kt:214:16: error: unresolved reference: Index
    indices = [Index(value = ["rank"], name = "index_weekly_leaderboard_cache_rank")],
               ^
core/database/src/main/kotlin/com/autodrive/app/core/database/entities/Entities.kt:217:6: error: unresolved reference: PrimaryKey
    @PrimaryKey val id: String,
     ^
core/database/src/main/kotlin/com/autodrive/app/core/database/entities/Entities.kt:219:6: error: unresolved reference: ColumnInfo
    @ColumnInfo(name = "total_amount") val totalAmount: BigDecimal,
     ^
core/database/src/main/kotlin/com/autodrive/app/core/database/entities/Entities.kt:220:6: error: unresolved reference: ColumnInfo
    @ColumnInfo(name = "is_me") val isMe: Boolean,
     ^
core/database/src/main/kotlin/com/autodrive/app/core/database/entities/Entities.kt:221:6: error: unresolved reference: ColumnInfo
    @ColumnInfo(name = "week_number") val weekNumber: Int,
     ^
core/database/src/main/kotlin/com/autodrive/app/core/database/entities/Entities.kt:222:6: error: unresolved reference: ColumnInfo
    @ColumnInfo(name = "synced_at") val syncedAt: Long = System.currentTimeMillis()
     ^
core/database/src/main/kotlin/com/autodrive/app/core/database/entities/Entities.kt:226:2: error: unresolved reference: Entity
@Entity(
 ^
core/database/src/main/kotlin/com/autodrive/app/core/database/entities/Entities.kt:229:9: error: unresolved reference: Index
        Index(
        ^
core/database/src/main/kotlin/com/autodrive/app/core/database/entities/Entities.kt:233:9: error: unresolved reference: Index
        Index(
        ^
core/database/src/main/kotlin/com/autodrive/app/core/database/entities/Entities.kt:237:9: error: unresolved reference: Index
        Index(
        ^
core/database/src/main/kotlin/com/autodrive/app/core/database/entities/Entities.kt:245:6: error: unresolved reference: PrimaryKey
    @PrimaryKey val id: String,
     ^
core/database/src/main/kotlin/com/autodrive/app/core/database/entities/Entities.kt:246:6: error: unresolved reference: ColumnInfo
    @ColumnInfo(name = "mutation_id") val mutationId: String,
     ^
core/database/src/main/kotlin/com/autodrive/app/core/database/entities/Entities.kt:247:6: error: unresolved reference: ColumnInfo
    @ColumnInfo(name = "user_id") val userId: String,
     ^
core/database/src/main/kotlin/com/autodrive/app/core/database/entities/Entities.kt:248:6: error: unresolved reference: ColumnInfo
    @ColumnInfo(name = "client_id") val clientId: String,
     ^
core/database/src/main/kotlin/com/autodrive/app/core/database/entities/Entities.kt:249:6: error: unresolved reference: ColumnInfo
    @ColumnInfo(name = "org_id") val orgId: String,
     ^
core/database/src/main/kotlin/com/autodrive/app/core/database/entities/Entities.kt:250:6: error: unresolved reference: ColumnInfo
    @ColumnInfo(name = "entity_type") val entityType: String,
     ^
core/database/src/main/kotlin/com/autodrive/app/core/database/entities/Entities.kt:251:6: error: unresolved reference: ColumnInfo
    @ColumnInfo(name = "entity_id") val entityId: String,
     ^
core/database/src/main/kotlin/com/autodrive/app/core/database/entities/Entities.kt:254:6: error: unresolved reference: ColumnInfo
    @ColumnInfo(name = "contract_version") val contractVersion: Int = 1,
     ^
core/database/src/main/kotlin/com/autodrive/app/core/database/entities/Entities.kt:255:6: error: unresolved reference: ColumnInfo
    @ColumnInfo(name = "created_at") val createdAt: Long = System.currentTimeMillis(),
     ^
core/database/src/main/kotlin/com/autodrive/app/core/database/entities/Entities.kt:257:6: error: unresolved reference: ColumnInfo
    @ColumnInfo(name = "attempt_count") val attemptCount: Int = 0,
     ^
core/database/src/main/kotlin/com/autodrive/app/core/database/entities/Entities.kt:258:6: error: unresolved reference: ColumnInfo
    @ColumnInfo(name = "next_retry_at") val nextRetryAt: Long = 0L,
     ^
core/database/src/main/kotlin/com/autodrive/app/core/database/entities/Entities.kt:259:6: error: unresolved reference: ColumnInfo
    @ColumnInfo(name = "lease_until") val leaseUntil: Long = 0L,
     ^
core/database/src/main/kotlin/com/autodrive/app/core/database/entities/Entities.kt:260:6: error: unresolved reference: ColumnInfo
    @ColumnInfo(name = "depends_on_mutation_id") val dependsOnMutationId: String? = null,
     ^
core/database/src/main/kotlin/com/autodrive/app/core/database/entities/Entities.kt:261:6: error: unresolved reference: ColumnInfo
    @ColumnInfo(name = "last_error_code") val lastErrorCode: String? = null,
     ^
core/database/src/main/kotlin/com/autodrive/app/core/database/entities/Entities.kt:262:6: error: unresolved reference: ColumnInfo
    @ColumnInfo(name = "last_error_message") val lastErrorMessage: String? = null,
     ^
core/database/src/main/kotlin/com/autodrive/app/core/database/entities/SyncBootstrapEntities.kt:3:8: error: unresolved reference: androidx
import androidx.room.ColumnInfo
       ^
core/database/src/main/kotlin/com/autodrive/app/core/database/entities/SyncBootstrapEntities.kt:4:8: error: unresolved reference: androidx
import androidx.room.Entity
       ^
core/database/src/main/kotlin/com/autodrive/app/core/database/entities/SyncBootstrapEntities.kt:5:8: error: unresolved reference: androidx
import androidx.room.Index
       ^
core/database/src/main/kotlin/com/autodrive/app/core/database/entities/SyncBootstrapEntities.kt:11:2: error: unresolved reference: Entity
@Entity(
 ^
core/database/src/main/kotlin/com/autodrive/app/core/database/entities/SyncBootstrapEntities.kt:15:9: error: unresolved reference: Index
        Index(
        ^
core/database/src/main/kotlin/com/autodrive/app/core/database/entities/SyncBootstrapEntities.kt:23:6: error: unresolved reference: ColumnInfo
    @ColumnInfo(name = "user_id") val userId: String,
     ^
core/database/src/main/kotlin/com/autodrive/app/core/database/entities/SyncBootstrapEntities.kt:24:6: error: unresolved reference: ColumnInfo
    @ColumnInfo(name = "client_id") val clientId: String,
     ^
core/database/src/main/kotlin/com/autodrive/app/core/database/entities/SyncBootstrapEntities.kt:25:6: error: unresolved reference: ColumnInfo
    @ColumnInfo(name = "org_id") val orgId: String,
     ^
core/database/src/main/kotlin/com/autodrive/app/core/database/entities/SyncBootstrapEntities.kt:27:6: error: unresolved reference: ColumnInfo
    @ColumnInfo(name = "bootstrap_id") val bootstrapId: String,
     ^
core/database/src/main/kotlin/com/autodrive/app/core/database/entities/SyncBootstrapEntities.kt:28:6: error: unresolved reference: ColumnInfo
    @ColumnInfo(name = "baseline_revision") val baselineRevision: String,
     ^
core/database/src/main/kotlin/com/autodrive/app/core/database/entities/SyncBootstrapEntities.kt:30:6: error: unresolved reference: ColumnInfo
    @ColumnInfo(name = "contract_version") val contractVersion: Int,
     ^
core/database/src/main/kotlin/com/autodrive/app/core/database/entities/SyncBootstrapEntities.kt:31:6: error: unresolved reference: ColumnInfo
    @ColumnInfo(name = "next_page_token") val nextPageToken: String?,
     ^
core/database/src/main/kotlin/com/autodrive/app/core/database/entities/SyncBootstrapEntities.kt:32:6: error: unresolved reference: ColumnInfo
    @ColumnInfo(name = "started_at_local") val startedAtLocal: Long,
     ^
core/database/src/main/kotlin/com/autodrive/app/core/database/entities/SyncBootstrapEntities.kt:33:6: error: unresolved reference: ColumnInfo
    @ColumnInfo(name = "updated_at_local") val updatedAtLocal: Long,
     ^
core/database/src/main/kotlin/com/autodrive/app/core/database/entities/SyncBootstrapEntities.kt:40:2: error: unresolved reference: Entity
@Entity(
 ^
core/database/src/main/kotlin/com/autodrive/app/core/database/entities/SyncBootstrapEntities.kt:44:9: error: unresolved reference: Index
        Index(
        ^
core/database/src/main/kotlin/com/autodrive/app/core/database/entities/SyncBootstrapEntities.kt:51:6: error: unresolved reference: ColumnInfo
    @ColumnInfo(name = "user_id") val userId: String,
     ^
core/database/src/main/kotlin/com/autodrive/app/core/database/entities/SyncBootstrapEntities.kt:52:6: error: unresolved reference: ColumnInfo
    @ColumnInfo(name = "client_id") val clientId: String,
     ^
core/database/src/main/kotlin/com/autodrive/app/core/database/entities/SyncBootstrapEntities.kt:53:6: error: unresolved reference: ColumnInfo
    @ColumnInfo(name = "org_id") val orgId: String,
     ^
core/database/src/main/kotlin/com/autodrive/app/core/database/entities/SyncBootstrapEntities.kt:54:6: error: unresolved reference: ColumnInfo
    @ColumnInfo(name = "bootstrap_id") val bootstrapId: String,
     ^
core/database/src/main/kotlin/com/autodrive/app/core/database/entities/SyncBootstrapEntities.kt:55:6: error: unresolved reference: ColumnInfo
    @ColumnInfo(name = "entity_type") val entityType: String,
     ^
core/database/src/main/kotlin/com/autodrive/app/core/database/entities/SyncBootstrapEntities.kt:56:6: error: unresolved reference: ColumnInfo
    @ColumnInfo(name = "entity_id") val entityId: String,
     ^
core/database/src/main/kotlin/com/autodrive/app/core/database/entities/SyncBootstrapEntities.kt:57:6: error: unresolved reference: ColumnInfo
    @ColumnInfo(name = "canonical_payload") val canonicalPayload: String,
     ^
core/database/src/main/kotlin/com/autodrive/app/core/database/entities/SyncBootstrapEntities.kt:58:6: error: unresolved reference: ColumnInfo
    @ColumnInfo(name = "canonical_digest") val canonicalDigest: String?,
     ^
core/database/src/main/kotlin/com/autodrive/app/core/database/entities/SyncBootstrapEntities.kt:62:2: error: unresolved reference: Entity
@Entity(
 ^
core/database/src/main/kotlin/com/autodrive/app/core/database/entities/SyncBootstrapEntities.kt:67:6: error: unresolved reference: ColumnInfo
    @ColumnInfo(name = "user_id") val userId: String,
     ^
core/database/src/main/kotlin/com/autodrive/app/core/database/entities/SyncBootstrapEntities.kt:68:6: error: unresolved reference: ColumnInfo
    @ColumnInfo(name = "client_id") val clientId: String,
     ^
core/database/src/main/kotlin/com/autodrive/app/core/database/entities/SyncBootstrapEntities.kt:69:6: error: unresolved reference: ColumnInfo
    @ColumnInfo(name = "org_id") val orgId: String,
     ^
core/database/src/main/kotlin/com/autodrive/app/core/database/entities/SyncBootstrapEntities.kt:71:6: error: unresolved reference: ColumnInfo
    @ColumnInfo(name = "last_checked_revision") val lastCheckedRevision: String?,
     ^
core/database/src/main/kotlin/com/autodrive/app/core/database/entities/SyncBootstrapEntities.kt:72:6: error: unresolved reference: ColumnInfo
    @ColumnInfo(name = "last_result") val lastResult: String,
     ^
core/database/src/main/kotlin/com/autodrive/app/core/database/entities/SyncBootstrapEntities.kt:73:6: error: unresolved reference: ColumnInfo
    @ColumnInfo(name = "contract_version") val contractVersion: Int,
     ^
core/database/src/main/kotlin/com/autodrive/app/core/database/entities/SyncBootstrapEntities.kt:74:6: error: unresolved reference: ColumnInfo
    @ColumnInfo(name = "next_due_at_local") val nextDueAtLocal: Long,
     ^
core/database/src/main/kotlin/com/autodrive/app/core/database/entities/SyncBootstrapEntities.kt:75:6: error: unresolved reference: ColumnInfo
    @ColumnInfo(name = "updated_at_local") val updatedAtLocal: Long,
     ^
core/database/src/main/kotlin/com/autodrive/app/core/database/entities/SyncCursorEntity.kt:3:8: error: unresolved reference: androidx
import androidx.room.ColumnInfo
       ^
core/database/src/main/kotlin/com/autodrive/app/core/database/entities/SyncCursorEntity.kt:4:8: error: unresolved reference: androidx
import androidx.room.Entity
       ^
core/database/src/main/kotlin/com/autodrive/app/core/database/entities/SyncCursorEntity.kt:10:2: error: unresolved reference: Entity
@Entity(
 ^
core/database/src/main/kotlin/com/autodrive/app/core/database/entities/SyncCursorEntity.kt:15:6: error: unresolved reference: ColumnInfo
    @ColumnInfo(name = "user_id") val userId: String,
     ^
core/database/src/main/kotlin/com/autodrive/app/core/database/entities/SyncCursorEntity.kt:16:6: error: unresolved reference: ColumnInfo
    @ColumnInfo(name = "client_id") val clientId: String,
     ^
core/database/src/main/kotlin/com/autodrive/app/core/database/entities/SyncCursorEntity.kt:17:6: error: unresolved reference: ColumnInfo
    @ColumnInfo(name = "org_id") val orgId: String,
     ^
core/database/src/main/kotlin/com/autodrive/app/core/database/entities/SyncCursorEntity.kt:19:6: error: unresolved reference: ColumnInfo
    @ColumnInfo(name = "cursor_token") val cursorToken: String,
     ^
core/database/src/main/kotlin/com/autodrive/app/core/database/entities/SyncCursorEntity.kt:20:6: error: unresolved reference: ColumnInfo
    @ColumnInfo(name = "contract_version") val contractVersion: Int = 1,
     ^
core/database/src/main/kotlin/com/autodrive/app/core/database/entities/SyncCursorEntity.kt:21:6: error: unresolved reference: ColumnInfo
    @ColumnInfo(name = "updated_at") val updatedAt: Long,
     ^
core/database/src/main/kotlin/com/autodrive/app/core/database/entities/SyncInboxEntity.kt:3:8: error: unresolved reference: androidx
import androidx.room.ColumnInfo
       ^
core/database/src/main/kotlin/com/autodrive/app/core/database/entities/SyncInboxEntity.kt:4:8: error: unresolved reference: androidx
import androidx.room.Entity
       ^
core/database/src/main/kotlin/com/autodrive/app/core/database/entities/SyncInboxEntity.kt:5:8: error: unresolved reference: androidx
import androidx.room.Index
       ^
core/database/src/main/kotlin/com/autodrive/app/core/database/entities/SyncInboxEntity.kt:8:2: error: unresolved reference: Entity
@Entity(
 ^
core/database/src/main/kotlin/com/autodrive/app/core/database/entities/SyncInboxEntity.kt:12:9: error: unresolved reference: Index
        Index(
        ^
core/database/src/main/kotlin/com/autodrive/app/core/database/entities/SyncInboxEntity.kt:19:6: error: unresolved reference: ColumnInfo
    @ColumnInfo(name = "user_id") val userId: String,
     ^
core/database/src/main/kotlin/com/autodrive/app/core/database/entities/SyncInboxEntity.kt:20:6: error: unresolved reference: ColumnInfo
    @ColumnInfo(name = "client_id") val clientId: String,
     ^
core/database/src/main/kotlin/com/autodrive/app/core/database/entities/SyncInboxEntity.kt:21:6: error: unresolved reference: ColumnInfo
    @ColumnInfo(name = "org_id") val orgId: String,
     ^
core/database/src/main/kotlin/com/autodrive/app/core/database/entities/SyncInboxEntity.kt:23:6: error: unresolved reference: ColumnInfo
    @ColumnInfo(name = "event_id") val eventId: String,
     ^
core/database/src/main/kotlin/com/autodrive/app/core/database/entities/SyncInboxEntity.kt:24:6: error: unresolved reference: ColumnInfo
    @ColumnInfo(name = "server_revision") val serverRevision: String?,
     ^
core/database/src/main/kotlin/com/autodrive/app/core/database/entities/SyncInboxEntity.kt:25:6: error: unresolved reference: ColumnInfo
    @ColumnInfo(name = "revision_kind") val revisionKind: String,
     ^
core/database/src/main/kotlin/com/autodrive/app/core/database/entities/SyncInboxEntity.kt:26:6: error: unresolved reference: ColumnInfo
    @ColumnInfo(name = "entity_type") val entityType: String,
     ^
core/database/src/main/kotlin/com/autodrive/app/core/database/entities/SyncInboxEntity.kt:27:6: error: unresolved reference: ColumnInfo
    @ColumnInfo(name = "entity_id") val entityId: String,
     ^
core/database/src/main/kotlin/com/autodrive/app/core/database/entities/SyncInboxEntity.kt:29:6: error: unresolved reference: ColumnInfo
    @ColumnInfo(name = "transaction_group_id") val transactionGroupId: String?,
     ^
core/database/src/main/kotlin/com/autodrive/app/core/database/entities/SyncInboxEntity.kt:30:6: error: unresolved reference: ColumnInfo
    @ColumnInfo(name = "received_at") val receivedAt: Long,
     ^
core/database/src/main/kotlin/com/autodrive/app/core/database/entities/SyncInboxEntity.kt:31:6: error: unresolved reference: ColumnInfo
    @ColumnInfo(name = "applied_at") val appliedAt: Long?,
     ^
core/database/src/main/kotlin/com/autodrive/app/core/database/entities/SyncInboxEntity.kt:32:6: error: unresolved reference: ColumnInfo
    @ColumnInfo(name = "contract_version") val contractVersion: Int = 1,
     ^
core/database/src/main/kotlin/com/autodrive/app/core/database/entities/SyncObservabilityStateEntity.kt:3:8: error: unresolved reference: androidx
import androidx.room.ColumnInfo
       ^
core/database/src/main/kotlin/com/autodrive/app/core/database/entities/SyncObservabilityStateEntity.kt:4:8: error: unresolved reference: androidx
import androidx.room.Entity
       ^
core/database/src/main/kotlin/com/autodrive/app/core/database/entities/SyncObservabilityStateEntity.kt:10:2: error: unresolved reference: Entity
@Entity(
 ^
core/database/src/main/kotlin/com/autodrive/app/core/database/entities/SyncObservabilityStateEntity.kt:15:6: error: unresolved reference: ColumnInfo
    @ColumnInfo(name = "user_id") val userId: String,
     ^
core/database/src/main/kotlin/com/autodrive/app/core/database/entities/SyncObservabilityStateEntity.kt:16:6: error: unresolved reference: ColumnInfo
    @ColumnInfo(name = "client_id") val clientId: String,
     ^
core/database/src/main/kotlin/com/autodrive/app/core/database/entities/SyncObservabilityStateEntity.kt:17:6: error: unresolved reference: ColumnInfo
    @ColumnInfo(name = "org_id") val orgId: String,
     ^
core/database/src/main/kotlin/com/autodrive/app/core/database/entities/SyncObservabilityStateEntity.kt:19:6: error: unresolved reference: ColumnInfo
    @ColumnInfo(name = "contract_version") val contractVersion: Int,
     ^
core/database/src/main/kotlin/com/autodrive/app/core/database/entities/SyncObservabilityStateEntity.kt:20:6: error: unresolved reference: ColumnInfo
    @ColumnInfo(name = "last_sync_run_id") val lastSyncRunId: String? = null,
     ^
core/database/src/main/kotlin/com/autodrive/app/core/database/entities/SyncObservabilityStateEntity.kt:21:6: error: unresolved reference: ColumnInfo
    @ColumnInfo(name = "last_sync_status") val lastSyncStatus: String? = null,
     ^
core/database/src/main/kotlin/com/autodrive/app/core/database/entities/SyncObservabilityStateEntity.kt:22:6: error: unresolved reference: ColumnInfo
    @ColumnInfo(name = "last_sync_started_at_local") val lastSyncStartedAtLocal: Long? = null,
     ^
core/database/src/main/kotlin/com/autodrive/app/core/database/entities/SyncObservabilityStateEntity.kt:23:6: error: unresolved reference: ColumnInfo
    @ColumnInfo(name = "last_sync_completed_at_local") val lastSyncCompletedAtLocal: Long? = null,
     ^
core/database/src/main/kotlin/com/autodrive/app/core/database/entities/SyncObservabilityStateEntity.kt:24:6: error: unresolved reference: ColumnInfo
    @ColumnInfo(name = "last_success_at_local") val lastSuccessAtLocal: Long? = null,
     ^
core/database/src/main/kotlin/com/autodrive/app/core/database/entities/SyncObservabilityStateEntity.kt:25:6: error: unresolved reference: ColumnInfo
    @ColumnInfo(name = "last_failure_phase") val lastFailurePhase: String? = null,
     ^
core/database/src/main/kotlin/com/autodrive/app/core/database/entities/SyncObservabilityStateEntity.kt:26:6: error: unresolved reference: ColumnInfo
    @ColumnInfo(name = "last_failure_code") val lastFailureCode: String? = null,
     ^
core/database/src/main/kotlin/com/autodrive/app/core/database/entities/SyncObservabilityStateEntity.kt:27:6: error: unresolved reference: ColumnInfo
    @ColumnInfo(name = "last_local_cursor_revision") val lastLocalCursorRevision: String? = null,
     ^
core/database/src/main/kotlin/com/autodrive/app/core/database/entities/SyncObservabilityStateEntity.kt:28:6: error: unresolved reference: ColumnInfo
    @ColumnInfo(name = "last_server_head_revision") val lastServerHeadRevision: String? = null,
     ^
core/database/src/main/kotlin/com/autodrive/app/core/database/entities/SyncObservabilityStateEntity.kt:29:6: error: unresolved reference: ColumnInfo
    @ColumnInfo(name = "last_server_head_observed_at") val lastServerHeadObservedAt: Long? = null,
     ^
core/database/src/main/kotlin/com/autodrive/app/core/database/entities/SyncObservabilityStateEntity.kt:30:6: error: unresolved reference: ColumnInfo
    @ColumnInfo(name = "last_successful_bootstrap_at") val lastSuccessfulBootstrapAt: Long? = null,
     ^
core/database/src/main/kotlin/com/autodrive/app/core/database/entities/SyncObservabilityStateEntity.kt:31:6: error: unresolved reference: ColumnInfo
    @ColumnInfo(name = "last_bootstrap_duration_ms") val lastBootstrapDurationMs: Long? = null,
     ^
core/database/src/main/kotlin/com/autodrive/app/core/database/entities/SyncObservabilityStateEntity.kt:32:6: error: unresolved reference: ColumnInfo
    @ColumnInfo(name = "bootstrap_count") val bootstrapCount: Long = 0,
     ^
core/database/src/main/kotlin/com/autodrive/app/core/database/entities/SyncObservabilityStateEntity.kt:33:6: error: unresolved reference: ColumnInfo
    @ColumnInfo(name = "cursor_expiry_count") val cursorExpiryCount: Long = 0,
     ^
core/database/src/main/kotlin/com/autodrive/app/core/database/entities/SyncObservabilityStateEntity.kt:34:6: error: unresolved reference: ColumnInfo
    @ColumnInfo(name = "last_reconciliation_at") val lastReconciliationAt: Long? = null,
     ^
core/database/src/main/kotlin/com/autodrive/app/core/database/entities/SyncObservabilityStateEntity.kt:35:6: error: unresolved reference: ColumnInfo
    @ColumnInfo(name = "last_reconciliation_result") val lastReconciliationResult: String? = null,
     ^
core/database/src/main/kotlin/com/autodrive/app/core/database/entities/SyncObservabilityStateEntity.kt:36:6: error: unresolved reference: ColumnInfo
    @ColumnInfo(name = "reconciliation_mismatch_count") val reconciliationMismatchCount: Long = 0,
     ^
core/database/src/main/kotlin/com/autodrive/app/core/database/entities/SyncObservabilityStateEntity.kt:37:6: error: unresolved reference: ColumnInfo
    @ColumnInfo(name = "reconciliation_repair_count") val reconciliationRepairCount: Long = 0,
     ^
core/database/src/main/kotlin/com/autodrive/app/core/database/entities/SyncObservabilityStateEntity.kt:38:6: error: unresolved reference: ColumnInfo
    @ColumnInfo(name = "rebootstrap_count") val rebootstrapCount: Long = 0,
     ^
core/database/src/main/kotlin/com/autodrive/app/core/database/entities/SyncObservabilityStateEntity.kt:39:6: error: unresolved reference: ColumnInfo
    @ColumnInfo(name = "outbox_conflict_count") val outboxConflictCount: Long = 0,
     ^
core/database/src/main/kotlin/com/autodrive/app/core/database/entities/SyncObservabilityStateEntity.kt:40:6: error: unresolved reference: ColumnInfo
    @ColumnInfo(name = "hint_received_count") val hintReceivedCount: Long = 0,
     ^
core/database/src/main/kotlin/com/autodrive/app/core/database/entities/SyncObservabilityStateEntity.kt:41:6: error: unresolved reference: ColumnInfo
    @ColumnInfo(name = "hint_trailing_run_count") val hintTrailingRunCount: Long = 0,
     ^
core/database/src/main/kotlin/com/autodrive/app/core/database/entities/SyncObservabilityStateEntity.kt:42:6: error: unresolved reference: ColumnInfo
    @ColumnInfo(name = "hint_dropped_count") val hintDroppedCount: Long = 0,
     ^
core/database/src/main/kotlin/com/autodrive/app/core/database/entities/SyncObservabilityStateEntity.kt:43:6: error: unresolved reference: ColumnInfo
    @ColumnInfo(name = "last_realtime_state") val lastRealtimeState: String? = null,
     ^
core/database/src/main/kotlin/com/autodrive/app/core/database/entities/SyncObservabilityStateEntity.kt:44:6: error: unresolved reference: ColumnInfo
    @ColumnInfo(name = "last_realtime_state_at") val lastRealtimeStateAt: Long? = null,
     ^
core/database/src/main/kotlin/com/autodrive/app/core/database/entities/SyncObservabilityStateEntity.kt:45:6: error: unresolved reference: ColumnInfo
    @ColumnInfo(name = "last_failed_realtime_participants") val lastFailedRealtimeParticipants: Int? = null,
     ^
core/database/src/main/kotlin/com/autodrive/app/core/database/entities/SyncObservabilityStateEntity.kt:46:6: error: unresolved reference: ColumnInfo
    @ColumnInfo(name = "updated_at_local") val updatedAtLocal: Long,
     ^
core/designsystem/src/main/kotlin/com/autodrive/app/core/designsystem/components/ComponentSemantics.kt:3:8: error: unresolved reference: androidx
import androidx.compose.ui.graphics.Color
       ^
core/designsystem/src/main/kotlin/com/autodrive/app/core/designsystem/components/ComponentSemantics.kt:12:39: error: unresolved reference: Color
internal fun AutoDriveAccent.color(): Color = when (this) {
                                      ^
core/designsystem/src/main/kotlin/com/autodrive/app/core/designsystem/components/ComponentSemantics.kt:20:43: error: unresolved reference: Color
internal fun AutoDriveStatusTone.color(): Color = when (this) {
                                          ^
core/designsystem/src/main/kotlin/com/autodrive/app/core/designsystem/components/actions/ActionComponents.kt:3:8: error: unresolved reference: androidx
import androidx.compose.animation.core.animateFloatAsState
       ^
core/designsystem/src/main/kotlin/com/autodrive/app/core/designsystem/components/actions/ActionComponents.kt:4:8: error: unresolved reference: androidx
import androidx.compose.foundation.BorderStroke
       ^
core/designsystem/src/main/kotlin/com/autodrive/app/core/designsystem/components/actions/ActionComponents.kt:5:8: error: unresolved reference: androidx
import androidx.compose.foundation.interaction.MutableInteractionSource
       ^
core/designsystem/src/main/kotlin/com/autodrive/app/core/designsystem/components/actions/ActionComponents.kt:6:8: error: unresolved reference: androidx
import androidx.compose.foundation.interaction.collectIsPressedAsState
       ^
core/designsystem/src/main/kotlin/com/autodrive/app/core/designsystem/components/actions/ActionComponents.kt:7:8: error: unresolved reference: androidx
import androidx.compose.foundation.layout.Arrangement
       ^
core/designsystem/src/main/kotlin/com/autodrive/app/core/designsystem/components/actions/ActionComponents.kt:8:8: error: unresolved reference: androidx
import androidx.compose.foundation.layout.Row
       ^
core/designsystem/src/main/kotlin/com/autodrive/app/core/designsystem/components/actions/ActionComponents.kt:9:8: error: unresolved reference: androidx
import androidx.compose.foundation.layout.fillMaxWidth
       ^
core/designsystem/src/main/kotlin/com/autodrive/app/core/designsystem/components/actions/ActionComponents.kt:10:8: error: unresolved reference: androidx
import androidx.compose.foundation.layout.height
       ^
core/designsystem/src/main/kotlin/com/autodrive/app/core/designsystem/components/actions/ActionComponents.kt:11:8: error: unresolved reference: androidx
import androidx.compose.foundation.layout.size
       ^
core/designsystem/src/main/kotlin/com/autodrive/app/core/designsystem/components/actions/ActionComponents.kt:12:8: error: unresolved reference: androidx
import androidx.compose.foundation.layout.width
       ^
core/designsystem/src/main/kotlin/com/autodrive/app/core/designsystem/components/actions/ActionComponents.kt:13:8: error: unresolved reference: androidx
import androidx.compose.foundation.shape.CircleShape
       ^
core/designsystem/src/main/kotlin/com/autodrive/app/core/designsystem/components/actions/ActionComponents.kt:14:8: error: unresolved reference: androidx
import androidx.compose.material3.Button
       ^
core/designsystem/src/main/kotlin/com/autodrive/app/core/designsystem/components/actions/ActionComponents.kt:15:8: error: unresolved reference: androidx
import androidx.compose.material3.ButtonDefaults
       ^
core/designsystem/src/main/kotlin/com/autodrive/app/core/designsystem/components/actions/ActionComponents.kt:16:8: error: unresolved reference: androidx
import androidx.compose.material3.CircularProgressIndicator
       ^
core/designsystem/src/main/kotlin/com/autodrive/app/core/designsystem/components/actions/ActionComponents.kt:17:8: error: unresolved reference: androidx
import androidx.compose.material3.Icon
       ^
core/designsystem/src/main/kotlin/com/autodrive/app/core/designsystem/components/actions/ActionComponents.kt:18:8: error: unresolved reference: androidx
import androidx.compose.material3.IconButton
       ^
core/designsystem/src/main/kotlin/com/autodrive/app/core/designsystem/components/actions/ActionComponents.kt:19:8: error: unresolved reference: androidx
import androidx.compose.material3.IconButtonDefaults
       ^
core/designsystem/src/main/kotlin/com/autodrive/app/core/designsystem/components/actions/ActionComponents.kt:20:8: error: unresolved reference: androidx
import androidx.compose.material3.MaterialTheme
       ^
core/designsystem/src/main/kotlin/com/autodrive/app/core/designsystem/components/actions/ActionComponents.kt:21:8: error: unresolved reference: androidx
import androidx.compose.material3.OutlinedButton
       ^
core/designsystem/src/main/kotlin/com/autodrive/app/core/designsystem/components/actions/ActionComponents.kt:22:8: error: unresolved reference: androidx
import androidx.compose.material3.Text
       ^
core/designsystem/src/main/kotlin/com/autodrive/app/core/designsystem/components/actions/ActionComponents.kt:23:8: error: unresolved reference: androidx
import androidx.compose.material3.TextButton
       ^
core/designsystem/src/main/kotlin/com/autodrive/app/core/designsystem/components/actions/ActionComponents.kt:24:8: error: unresolved reference: androidx
import androidx.compose.runtime.Composable
       ^
core/designsystem/src/main/kotlin/com/autodrive/app/core/designsystem/components/actions/ActionComponents.kt:25:8: error: unresolved reference: androidx
import androidx.compose.runtime.getValue
       ^
core/designsystem/src/main/kotlin/com/autodrive/app/core/designsystem/components/actions/ActionComponents.kt:26:8: error: unresolved reference: androidx
import androidx.compose.runtime.remember
       ^
core/designsystem/src/main/kotlin/com/autodrive/app/core/designsystem/components/actions/ActionComponents.kt:27:8: error: unresolved reference: androidx
import androidx.compose.ui.Modifier
       ^
core/designsystem/src/main/kotlin/com/autodrive/app/core/designsystem/components/actions/ActionComponents.kt:28:8: error: unresolved reference: androidx
import androidx.compose.ui.draw.shadow
       ^
core/designsystem/src/main/kotlin/com/autodrive/app/core/designsystem/components/actions/ActionComponents.kt:29:8: error: unresolved reference: androidx
import androidx.compose.ui.graphics.graphicsLayer
       ^
core/designsystem/src/main/kotlin/com/autodrive/app/core/designsystem/components/actions/ActionComponents.kt:30:8: error: unresolved reference: androidx
import androidx.compose.ui.graphics.vector.ImageVector
       ^
core/designsystem/src/main/kotlin/com/autodrive/app/core/designsystem/components/actions/ActionComponents.kt:31:8: error: unresolved reference: androidx
import androidx.compose.ui.semantics.contentDescription
       ^
core/designsystem/src/main/kotlin/com/autodrive/app/core/designsystem/components/actions/ActionComponents.kt:32:8: error: unresolved reference: androidx
import androidx.compose.ui.semantics.selected
       ^
core/designsystem/src/main/kotlin/com/autodrive/app/core/designsystem/components/actions/ActionComponents.kt:33:8: error: unresolved reference: androidx
import androidx.compose.ui.semantics.semantics
       ^
core/designsystem/src/main/kotlin/com/autodrive/app/core/designsystem/components/actions/ActionComponents.kt:34:8: error: unresolved reference: androidx
import androidx.compose.ui.semantics.stateDescription
       ^
core/designsystem/src/main/kotlin/com/autodrive/app/core/designsystem/components/actions/ActionComponents.kt:35:8: error: unresolved reference: androidx
import androidx.compose.ui.tooling.preview.Preview
       ^
core/designsystem/src/main/kotlin/com/autodrive/app/core/designsystem/components/actions/ActionComponents.kt:36:8: error: unresolved reference: androidx
import androidx.compose.ui.unit.dp
       ^
core/designsystem/src/main/kotlin/com/autodrive/app/core/designsystem/components/actions/ActionComponents.kt:48:8: error: unresolved reference: androidx
import androidx.compose.material.icons.Icons
       ^
core/designsystem/src/main/kotlin/com/autodrive/app/core/designsystem/components/actions/ActionComponents.kt:49:8: error: unresolved reference: androidx
import androidx.compose.material.icons.rounded.Add
       ^
core/designsystem/src/main/kotlin/com/autodrive/app/core/designsystem/components/actions/ActionComponents.kt:50:8: error: unresolved reference: androidx
import androidx.compose.material.icons.rounded.Refresh
       ^
core/designsystem/src/main/kotlin/com/autodrive/app/core/designsystem/components/actions/ActionComponents.kt:58:2: error: unresolved reference: Composable
@Composable
 ^
core/designsystem/src/main/kotlin/com/autodrive/app/core/designsystem/components/actions/ActionComponents.kt:59:56: error: unresolved reference: ImageVector
private fun AutoDriveButtonContent(text: String, icon: ImageVector?, loading: Boolean, darkSpinner: Boolean) {
                                                       ^
core/designsystem/src/main/kotlin/com/autodrive/app/core/designsystem/components/actions/ActionComponents.kt:61:9: error: unresolved reference: CircularProgressIndicator
        CircularProgressIndicator(
        ^
core/designsystem/src/main/kotlin/com/autodrive/app/core/designsystem/components/actions/ActionComponents.kt:62:24: error: unresolved reference: Modifier
            modifier = Modifier.size(AutoDriveIconSize.SM),
                       ^
core/designsystem/src/main/kotlin/com/autodrive/app/core/designsystem/components/actions/ActionComponents.kt:67:9: error: unresolved reference: Row
        Row(horizontalArrangement = Arrangement.spacedBy(AutoDriveSpace.SM)) {
        ^
core/designsystem/src/main/kotlin/com/autodrive/app/core/designsystem/components/actions/ActionComponents.kt:67:37: error: unresolved reference: Arrangement
        Row(horizontalArrangement = Arrangement.spacedBy(AutoDriveSpace.SM)) {
                                    ^
core/designsystem/src/main/kotlin/com/autodrive/app/core/designsystem/components/actions/ActionComponents.kt:68:31: error: unresolved reference: Icon
            if (icon != null) Icon(icon, contentDescription = null, modifier = Modifier.size(AutoDriveIconSize.SM))
                              ^
core/designsystem/src/main/kotlin/com/autodrive/app/core/designsystem/components/actions/ActionComponents.kt:68:80: error: unresolved reference: Modifier
            if (icon != null) Icon(icon, contentDescription = null, modifier = Modifier.size(AutoDriveIconSize.SM))
                                                                               ^
core/designsystem/src/main/kotlin/com/autodrive/app/core/designsystem/components/actions/ActionComponents.kt:69:13: error: unresolved reference: Text
            Text(text, style = MaterialTheme.typography.labelLarge)
            ^
core/designsystem/src/main/kotlin/com/autodrive/app/core/designsystem/components/actions/ActionComponents.kt:69:32: error: unresolved reference: MaterialTheme
            Text(text, style = MaterialTheme.typography.labelLarge)
                               ^
core/designsystem/src/main/kotlin/com/autodrive/app/core/designsystem/components/actions/ActionComponents.kt:74:2: error: unresolved reference: Composable
@Composable
 ^
core/designsystem/src/main/kotlin/com/autodrive/app/core/designsystem/components/actions/ActionComponents.kt:78:15: error: unresolved reference: Modifier
    modifier: Modifier = Modifier,
              ^
core/designsystem/src/main/kotlin/com/autodrive/app/core/designsystem/components/actions/ActionComponents.kt:78:26: error: unresolved reference: Modifier
    modifier: Modifier = Modifier,
                         ^
core/designsystem/src/main/kotlin/com/autodrive/app/core/designsystem/components/actions/ActionComponents.kt:81:11: error: unresolved reference: ImageVector
    icon: ImageVector? = null,
          ^
core/designsystem/src/main/kotlin/com/autodrive/app/core/designsystem/components/actions/ActionComponents.kt:85:18: error: unresolved reference: remember
    val source = remember { MutableInteractionSource() }
                 ^
core/designsystem/src/main/kotlin/com/autodrive/app/core/designsystem/components/actions/ActionComponents.kt:85:29: error: unresolved reference: MutableInteractionSource
    val source = remember { MutableInteractionSource() }
                            ^
core/designsystem/src/main/kotlin/com/autodrive/app/core/designsystem/components/actions/ActionComponents.kt:87:18: error: unresolved reference: animateFloatAsState
    val scale by animateFloatAsState(if (pressed) 0.97f else 1f, AutoDriveMotion.fast(), label = "primary_button_scale")
                 ^
core/designsystem/src/main/kotlin/com/autodrive/app/core/designsystem/components/actions/ActionComponents.kt:87:82: error: not enough information to infer type variable T
    val scale by animateFloatAsState(if (pressed) 0.97f else 1f, AutoDriveMotion.fast(), label = "primary_button_scale")
                                                                                 ^
core/designsystem/src/main/kotlin/com/autodrive/app/core/designsystem/components/actions/ActionComponents.kt:92:5: error: unresolved reference: Button
    Button(
    ^
core/designsystem/src/main/kotlin/com/autodrive/app/core/designsystem/components/actions/ActionComponents.kt:97:24: error: unresolved reference: dp
            .height(56.dp)
                       ^
core/designsystem/src/main/kotlin/com/autodrive/app/core/designsystem/components/actions/ActionComponents.kt:98:32: error: unresolved reference: Modifier
            .then(if (loading) Modifier.semantics { contentDescription = text; stateDescription = "???? ???????" } else Modifier)
                               ^
core/designsystem/src/main/kotlin/com/autodrive/app/core/designsystem/components/actions/ActionComponents.kt:98:53: error: unresolved reference: contentDescription
            .then(if (loading) Modifier.semantics { contentDescription = text; stateDescription = "???? ???????" } else Modifier)
                                                    ^
core/designsystem/src/main/kotlin/com/autodrive/app/core/designsystem/components/actions/ActionComponents.kt:98:80: error: unresolved reference: stateDescription
            .then(if (loading) Modifier.semantics { contentDescription = text; stateDescription = "???? ???????" } else Modifier)
                                                                               ^
core/designsystem/src/main/kotlin/com/autodrive/app/core/designsystem/components/actions/ActionComponents.kt:98:121: error: unresolved reference: Modifier
            .then(if (loading) Modifier.semantics { contentDescription = text; stateDescription = "???? ???????" } else Modifier)
                                                                                                                        ^
core/designsystem/src/main/kotlin/com/autodrive/app/core/designsystem/components/actions/ActionComponents.kt:99:30: error: unresolved reference: scaleX
            .graphicsLayer { scaleX = scale; scaleY = scale }
                             ^
core/designsystem/src/main/kotlin/com/autodrive/app/core/designsystem/components/actions/ActionComponents.kt:99:46: error: unresolved reference: scaleY
            .graphicsLayer { scaleX = scale; scaleY = scale }
                                             ^
core/designsystem/src/main/kotlin/com/autodrive/app/core/designsystem/components/actions/ActionComponents.kt:100:36: error: unresolved reference: Modifier
            .then(if (highlighted) Modifier.shadow(8.dp, AutoDriveRadius.MediumShape) else Modifier),
                                   ^
core/designsystem/src/main/kotlin/com/autodrive/app/core/designsystem/components/actions/ActionComponents.kt:100:54: error: unresolved reference: dp
            .then(if (highlighted) Modifier.shadow(8.dp, AutoDriveRadius.MediumShape) else Modifier),
                                                     ^
core/designsystem/src/main/kotlin/com/autodrive/app/core/designsystem/components/actions/ActionComponents.kt:100:92: error: unresolved reference: Modifier
            .then(if (highlighted) Modifier.shadow(8.dp, AutoDriveRadius.MediumShape) else Modifier),
                                                                                           ^
core/designsystem/src/main/kotlin/com/autodrive/app/core/designsystem/components/actions/ActionComponents.kt:102:18: error: unresolved reference: ButtonDefaults
        colors = ButtonDefaults.buttonColors(
                 ^
core/designsystem/src/main/kotlin/com/autodrive/app/core/designsystem/components/actions/ActionComponents.kt:108:26: error: unresolved reference: ButtonDefaults
        contentPadding = ButtonDefaults.ContentPadding,
                         ^
core/designsystem/src/main/kotlin/com/autodrive/app/core/designsystem/components/actions/ActionComponents.kt:112:2: error: unresolved reference: Composable
@Composable
 ^
core/designsystem/src/main/kotlin/com/autodrive/app/core/designsystem/components/actions/ActionComponents.kt:116:15: error: unresolved reference: Modifier
    modifier: Modifier = Modifier,
              ^
core/designsystem/src/main/kotlin/com/autodrive/app/core/designsystem/components/actions/ActionComponents.kt:116:26: error: unresolved reference: Modifier
    modifier: Modifier = Modifier,
                         ^
core/designsystem/src/main/kotlin/com/autodrive/app/core/designsystem/components/actions/ActionComponents.kt:119:11: error: unresolved reference: ImageVector
    icon: ImageVector? = null,
          ^
core/designsystem/src/main/kotlin/com/autodrive/app/core/designsystem/components/actions/ActionComponents.kt:121:5: error: unresolved reference: OutlinedButton
    OutlinedButton(
    ^
core/designsystem/src/main/kotlin/com/autodrive/app/core/designsystem/components/actions/ActionComponents.kt:125:24: error: unresolved reference: dp
            .height(56.dp)
                       ^
core/designsystem/src/main/kotlin/com/autodrive/app/core/designsystem/components/actions/ActionComponents.kt:126:32: error: unresolved reference: Modifier
            .then(if (loading) Modifier.semantics { contentDescription = text; stateDescription = "???? ???????" } else Modifier),
                               ^
core/designsystem/src/main/kotlin/com/autodrive/app/core/designsystem/components/actions/ActionComponents.kt:126:53: error: unresolved reference: contentDescription
            .then(if (loading) Modifier.semantics { contentDescription = text; stateDescription = "???? ???????" } else Modifier),
                                                    ^
core/designsystem/src/main/kotlin/com/autodrive/app/core/designsystem/components/actions/ActionComponents.kt:126:80: error: unresolved reference: stateDescription
            .then(if (loading) Modifier.semantics { contentDescription = text; stateDescription = "???? ???????" } else Modifier),
                                                                               ^
core/designsystem/src/main/kotlin/com/autodrive/app/core/designsystem/components/actions/ActionComponents.kt:126:121: error: unresolved reference: Modifier
            .then(if (loading) Modifier.semantics { contentDescription = text; stateDescription = "???? ???????" } else Modifier),
                                                                                                                        ^
core/designsystem/src/main/kotlin/com/autodrive/app/core/designsystem/components/actions/ActionComponents.kt:128:18: error: unresolved reference: BorderStroke
        border = BorderStroke(AutoDriveBorder.Thin, AutoDriveBorderColor.Default),
                 ^
core/designsystem/src/main/kotlin/com/autodrive/app/core/designsystem/components/actions/ActionComponents.kt:129:18: error: unresolved reference: ButtonDefaults
        colors = ButtonDefaults.outlinedButtonColors(
                 ^
core/designsystem/src/main/kotlin/com/autodrive/app/core/designsystem/components/actions/ActionComponents.kt:137:2: error: unresolved reference: Composable
@Composable
 ^
core/designsystem/src/main/kotlin/com/autodrive/app/core/designsystem/components/actions/ActionComponents.kt:141:15: error: unresolved reference: Modifier
    modifier: Modifier = Modifier,
              ^
core/designsystem/src/main/kotlin/com/autodrive/app/core/designsystem/components/actions/ActionComponents.kt:141:26: error: unresolved reference: Modifier
    modifier: Modifier = Modifier,
                         ^
core/designsystem/src/main/kotlin/com/autodrive/app/core/designsystem/components/actions/ActionComponents.kt:145:11: error: unresolved reference: ImageVector
    icon: ImageVector? = null,
          ^
core/designsystem/src/main/kotlin/com/autodrive/app/core/designsystem/components/actions/ActionComponents.kt:152:5: error: unresolved reference: TextButton
    TextButton(
    ^
core/designsystem/src/main/kotlin/com/autodrive/app/core/designsystem/components/actions/ActionComponents.kt:157:32: error: unresolved reference: Modifier
            .then(if (loading) Modifier.semantics { contentDescription = text; stateDescription = "???? ???????" } else Modifier),
                               ^
core/designsystem/src/main/kotlin/com/autodrive/app/core/designsystem/components/actions/ActionComponents.kt:157:53: error: unresolved reference: contentDescription
            .then(if (loading) Modifier.semantics { contentDescription = text; stateDescription = "???? ???????" } else Modifier),
                                                    ^
core/designsystem/src/main/kotlin/com/autodrive/app/core/designsystem/components/actions/ActionComponents.kt:157:80: error: unresolved reference: stateDescription
            .then(if (loading) Modifier.semantics { contentDescription = text; stateDescription = "???? ???????" } else Modifier),
                                                                               ^
core/designsystem/src/main/kotlin/com/autodrive/app/core/designsystem/components/actions/ActionComponents.kt:157:121: error: unresolved reference: Modifier
            .then(if (loading) Modifier.semantics { contentDescription = text; stateDescription = "???? ???????" } else Modifier),
                                                                                                                        ^
core/designsystem/src/main/kotlin/com/autodrive/app/core/designsystem/components/actions/ActionComponents.kt:159:18: error: unresolved reference: ButtonDefaults
        colors = ButtonDefaults.textButtonColors(contentColor = color, disabledContentColor = AutoDriveText.Disabled),
                 ^
core/designsystem/src/main/kotlin/com/autodrive/app/core/designsystem/components/actions/ActionComponents.kt:161:22: error: unresolved reference: CircularProgressIndicator
        if (loading) CircularProgressIndicator(modifier = Modifier.size(AutoDriveIconSize.SM), strokeWidth = AutoDriveBorder.Strong, color = color)
                     ^
core/designsystem/src/main/kotlin/com/autodrive/app/core/designsystem/components/actions/ActionComponents.kt:161:59: error: unresolved reference: Modifier
        if (loading) CircularProgressIndicator(modifier = Modifier.size(AutoDriveIconSize.SM), strokeWidth = AutoDriveBorder.Strong, color = color)
                                                          ^
core/designsystem/src/main/kotlin/com/autodrive/app/core/designsystem/components/actions/ActionComponents.kt:162:14: error: unresolved reference: Row
        else Row(horizontalArrangement = Arrangement.spacedBy(AutoDriveSpace.SM)) {
             ^
core/designsystem/src/main/kotlin/com/autodrive/app/core/designsystem/components/actions/ActionComponents.kt:162:42: error: unresolved reference: Arrangement
        else Row(horizontalArrangement = Arrangement.spacedBy(AutoDriveSpace.SM)) {
                                         ^
core/designsystem/src/main/kotlin/com/autodrive/app/core/designsystem/components/actions/ActionComponents.kt:163:31: error: unresolved reference: Icon
            if (icon != null) Icon(icon, contentDescription = null, modifier = Modifier.size(AutoDriveIconSize.SM))
                              ^
core/designsystem/src/main/kotlin/com/autodrive/app/core/designsystem/components/actions/ActionComponents.kt:163:80: error: unresolved reference: Modifier
            if (icon != null) Icon(icon, contentDescription = null, modifier = Modifier.size(AutoDriveIconSize.SM))
                                                                               ^
core/designsystem/src/main/kotlin/com/autodrive/app/core/designsystem/components/actions/ActionComponents.kt:164:13: error: unresolved reference: Text
            Text(text, style = MaterialTheme.typography.labelMedium)
            ^
core/designsystem/src/main/kotlin/com/autodrive/app/core/designsystem/components/actions/ActionComponents.kt:164:32: error: unresolved reference: MaterialTheme
            Text(text, style = MaterialTheme.typography.labelMedium)
                               ^
core/designsystem/src/main/kotlin/com/autodrive/app/core/designsystem/components/actions/ActionComponents.kt:169:2: error: unresolved reference: Composable
@Composable
 ^
core/designsystem/src/main/kotlin/com/autodrive/app/core/designsystem/components/actions/ActionComponents.kt:171:11: error: unresolved reference: ImageVector
    icon: ImageVector,
          ^
core/designsystem/src/main/kotlin/com/autodrive/app/core/designsystem/components/actions/ActionComponents.kt:174:15: error: unresolved reference: Modifier
    modifier: Modifier = Modifier,
              ^
core/designsystem/src/main/kotlin/com/autodrive/app/core/designsystem/components/actions/ActionComponents.kt:174:26: error: unresolved reference: Modifier
    modifier: Modifier = Modifier,
                         ^
core/designsystem/src/main/kotlin/com/autodrive/app/core/designsystem/components/actions/ActionComponents.kt:186:5: error: unresolved reference: IconButton
    IconButton(
    ^
core/designsystem/src/main/kotlin/com/autodrive/app/core/designsystem/components/actions/ActionComponents.kt:192:17: error: 'this' is not defined in this context
                this.contentDescription = contentDescription
                ^
core/designsystem/src/main/kotlin/com/autodrive/app/core/designsystem/components/actions/ActionComponents.kt:192:22: error: variable expected
                this.contentDescription = contentDescription
                     ^
core/designsystem/src/main/kotlin/com/autodrive/app/core/designsystem/components/actions/ActionComponents.kt:193:17: error: 'this' is not defined in this context
                this.selected = selected
                ^
core/designsystem/src/main/kotlin/com/autodrive/app/core/designsystem/components/actions/ActionComponents.kt:193:22: error: variable expected
                this.selected = selected
                     ^
core/designsystem/src/main/kotlin/com/autodrive/app/core/designsystem/components/actions/ActionComponents.kt:194:30: error: unresolved reference: stateDescription
                if (loading) stateDescription = "???? ???????"
                             ^
core/designsystem/src/main/kotlin/com/autodrive/app/core/designsystem/components/actions/ActionComponents.kt:196:18: error: unresolved reference: IconButtonDefaults
        colors = IconButtonDefaults.iconButtonColors(
                 ^
core/designsystem/src/main/kotlin/com/autodrive/app/core/designsystem/components/actions/ActionComponents.kt:198:75: error: unresolved reference: androidx
            containerColor = if (selected) color.copy(alpha = 0.12f) else androidx.compose.ui.graphics.Color.Transparent,
                                                                          ^
core/designsystem/src/main/kotlin/com/autodrive/app/core/designsystem/components/actions/ActionComponents.kt:202:22: error: unresolved reference: CircularProgressIndicator
        if (loading) CircularProgressIndicator(modifier = Modifier.size(AutoDriveIconSize.SM), strokeWidth = AutoDriveBorder.Strong, color = color)
                     ^
core/designsystem/src/main/kotlin/com/autodrive/app/core/designsystem/components/actions/ActionComponents.kt:202:59: error: unresolved reference: Modifier
        if (loading) CircularProgressIndicator(modifier = Modifier.size(AutoDriveIconSize.SM), strokeWidth = AutoDriveBorder.Strong, color = color)
                                                          ^
core/designsystem/src/main/kotlin/com/autodrive/app/core/designsystem/components/actions/ActionComponents.kt:203:14: error: unresolved reference: Icon
        else Icon(icon, contentDescription = null, modifier = Modifier.size(AutoDriveIconSize.MD))
             ^
core/designsystem/src/main/kotlin/com/autodrive/app/core/designsystem/components/actions/ActionComponents.kt:203:63: error: unresolved reference: Modifier
        else Icon(icon, contentDescription = null, modifier = Modifier.size(AutoDriveIconSize.MD))
                                                              ^
core/designsystem/src/main/kotlin/com/autodrive/app/core/designsystem/components/actions/ActionComponents.kt:207:2: error: unresolved reference: Composable
@Composable
 ^
core/designsystem/src/main/kotlin/com/autodrive/app/core/designsystem/components/actions/ActionComponents.kt:210:15: error: unresolved reference: Modifier
    modifier: Modifier = Modifier,
              ^
core/designsystem/src/main/kotlin/com/autodrive/app/core/designsystem/components/actions/ActionComponents.kt:210:26: error: unresolved reference: Modifier
    modifier: Modifier = Modifier,
                         ^
core/designsystem/src/main/kotlin/com/autodrive/app/core/designsystem/components/actions/ActionComponents.kt:211:11: error: unresolved reference: ImageVector
    icon: ImageVector = Icons.Rounded.Add,
          ^
core/designsystem/src/main/kotlin/com/autodrive/app/core/designsystem/components/actions/ActionComponents.kt:211:25: error: unresolved reference: Icons
    icon: ImageVector = Icons.Rounded.Add,
                        ^
core/designsystem/src/main/kotlin/com/autodrive/app/core/designsystem/components/actions/ActionComponents.kt:215:18: error: unresolved reference: remember
    val source = remember { MutableInteractionSource() }
                 ^
core/designsystem/src/main/kotlin/com/autodrive/app/core/designsystem/components/actions/ActionComponents.kt:215:29: error: unresolved reference: MutableInteractionSource
    val source = remember { MutableInteractionSource() }
                            ^
core/designsystem/src/main/kotlin/com/autodrive/app/core/designsystem/components/actions/ActionComponents.kt:217:18: error: unresolved reference: animateFloatAsState
    val scale by animateFloatAsState(if (pressed) 0.97f else 1f, AutoDriveMotion.fast(), label = "fab_scale")
                 ^
core/designsystem/src/main/kotlin/com/autodrive/app/core/designsystem/components/actions/ActionComponents.kt:217:82: error: not enough information to infer type variable T
    val scale by animateFloatAsState(if (pressed) 0.97f else 1f, AutoDriveMotion.fast(), label = "fab_scale")
                                                                                 ^
core/designsystem/src/main/kotlin/com/autodrive/app/core/designsystem/components/actions/ActionComponents.kt:218:5: error: unresolved reference: Button
    Button(
    ^
core/designsystem/src/main/kotlin/com/autodrive/app/core/designsystem/components/actions/ActionComponents.kt:223:22: error: unresolved reference: dp
            .size(56.dp)
                     ^
core/designsystem/src/main/kotlin/com/autodrive/app/core/designsystem/components/actions/ActionComponents.kt:225:17: error: 'this' is not defined in this context
                this.contentDescription = contentDescription
                ^
core/designsystem/src/main/kotlin/com/autodrive/app/core/designsystem/components/actions/ActionComponents.kt:225:22: error: variable expected
                this.contentDescription = contentDescription
                     ^
core/designsystem/src/main/kotlin/com/autodrive/app/core/designsystem/components/actions/ActionComponents.kt:226:30: error: unresolved reference: stateDescription
                if (loading) stateDescription = "???? ???????"
                             ^
core/designsystem/src/main/kotlin/com/autodrive/app/core/designsystem/components/actions/ActionComponents.kt:228:24: error: unresolved reference: dp
            .shadow(12.dp, CircleShape)
                       ^
core/designsystem/src/main/kotlin/com/autodrive/app/core/designsystem/components/actions/ActionComponents.kt:228:28: error: unresolved reference: CircleShape
            .shadow(12.dp, CircleShape)
                           ^
core/designsystem/src/main/kotlin/com/autodrive/app/core/designsystem/components/actions/ActionComponents.kt:229:30: error: unresolved reference: scaleX
            .graphicsLayer { scaleX = scale; scaleY = scale },
                             ^
core/designsystem/src/main/kotlin/com/autodrive/app/core/designsystem/components/actions/ActionComponents.kt:229:46: error: unresolved reference: scaleY
            .graphicsLayer { scaleX = scale; scaleY = scale },
                                             ^
core/designsystem/src/main/kotlin/com/autodrive/app/core/designsystem/components/actions/ActionComponents.kt:230:17: error: unresolved reference: CircleShape
        shape = CircleShape,
                ^
core/designsystem/src/main/kotlin/com/autodrive/app/core/designsystem/components/actions/ActionComponents.kt:231:18: error: unresolved reference: ButtonDefaults
        colors = ButtonDefaults.buttonColors(containerColor = AutoDriveBrand.Primary, contentColor = AutoDriveText.OnBrand),
                 ^
core/designsystem/src/main/kotlin/com/autodrive/app/core/designsystem/components/actions/ActionComponents.kt:232:26: error: unresolved reference: androidx
        contentPadding = androidx.compose.foundation.layout.PaddingValues(0.dp),
                         ^
core/designsystem/src/main/kotlin/com/autodrive/app/core/designsystem/components/actions/ActionComponents.kt:232:77: error: unresolved reference: dp
        contentPadding = androidx.compose.foundation.layout.PaddingValues(0.dp),
                                                                            ^
core/designsystem/src/main/kotlin/com/autodrive/app/core/designsystem/components/actions/ActionComponents.kt:234:22: error: unresolved reference: CircularProgressIndicator
        if (loading) CircularProgressIndicator(modifier = Modifier.size(AutoDriveIconSize.MD), strokeWidth = AutoDriveBorder.Strong, color = AutoDriveText.OnBrand)
                     ^
core/designsystem/src/main/kotlin/com/autodrive/app/core/designsystem/components/actions/ActionComponents.kt:234:59: error: unresolved reference: Modifier
        if (loading) CircularProgressIndicator(modifier = Modifier.size(AutoDriveIconSize.MD), strokeWidth = AutoDriveBorder.Strong, color = AutoDriveText.OnBrand)
                                                          ^
core/designsystem/src/main/kotlin/com/autodrive/app/core/designsystem/components/actions/ActionComponents.kt:235:14: error: unresolved reference: Icon
        else Icon(icon, contentDescription = null, modifier = Modifier.size(AutoDriveIconSize.LG))
             ^
core/designsystem/src/main/kotlin/com/autodrive/app/core/designsystem/components/actions/ActionComponents.kt:235:63: error: unresolved reference: Modifier
        else Icon(icon, contentDescription = null, modifier = Modifier.size(AutoDriveIconSize.LG))
                                                              ^
core/designsystem/src/main/kotlin/com/autodrive/app/core/designsystem/components/actions/ActionComponents.kt:239:2: error: unresolved reference: Preview
@Preview(showBackground = true, backgroundColor = 0xFF08090C)
 ^
core/designsystem/src/main/kotlin/com/autodrive/app/core/designsystem/components/actions/ActionComponents.kt:240:2: error: unresolved reference: Composable
@Composable
 ^
core/designsystem/src/main/kotlin/com/autodrive/app/core/designsystem/components/actions/ActionComponents.kt:242:5: error: unresolved reference: Row
    Row(horizontalArrangement = Arrangement.spacedBy(AutoDriveSpace.SM)) {
    ^
core/designsystem/src/main/kotlin/com/autodrive/app/core/designsystem/components/actions/ActionComponents.kt:242:33: error: unresolved reference: Arrangement
    Row(horizontalArrangement = Arrangement.spacedBy(AutoDriveSpace.SM)) {
                                ^
core/designsystem/src/main/kotlin/com/autodrive/app/core/designsystem/components/actions/ActionComponents.kt:243:43: error: unresolved reference: Modifier
        AutoDrivePrimaryButton("???", {}, Modifier.width(120.dp), icon = Icons.Rounded.Add)
                                          ^
core/designsystem/src/main/kotlin/com/autodrive/app/core/designsystem/components/actions/ActionComponents.kt:243:62: error: unresolved reference: dp
        AutoDrivePrimaryButton("???", {}, Modifier.width(120.dp), icon = Icons.Rounded.Add)
                                                             ^
core/designsystem/src/main/kotlin/com/autodrive/app/core/designsystem/components/actions/ActionComponents.kt:243:74: error: unresolved reference: Icons
        AutoDrivePrimaryButton("???", {}, Modifier.width(120.dp), icon = Icons.Rounded.Add)
                                                                         ^
core/designsystem/src/main/kotlin/com/autodrive/app/core/designsystem/components/actions/ActionComponents.kt:244:48: error: unresolved reference: Modifier
        AutoDriveSecondaryButton("??????", {}, Modifier.width(120.dp))
                                               ^
core/designsystem/src/main/kotlin/com/autodrive/app/core/designsystem/components/actions/ActionComponents.kt:244:67: error: unresolved reference: dp
        AutoDriveSecondaryButton("??????", {}, Modifier.width(120.dp))
                                                                  ^
core/designsystem/src/main/kotlin/com/autodrive/app/core/designsystem/components/actions/ActionComponents.kt:245:29: error: unresolved reference: Icons
        AutoDriveIconButton(Icons.Rounded.Refresh, "?????", {})
                            ^
core/designsystem/src/main/kotlin/com/autodrive/app/core/designsystem/components/containers/ContainerComponents.kt:3:8: error: unresolved reference: androidx
import androidx.compose.foundation.BorderStroke
       ^
core/designsystem/src/main/kotlin/com/autodrive/app/core/designsystem/components/containers/ContainerComponents.kt:4:8: error: unresolved reference: androidx
import androidx.compose.foundation.clickable
       ^
core/designsystem/src/main/kotlin/com/autodrive/app/core/designsystem/components/containers/ContainerComponents.kt:5:8: error: unresolved reference: androidx
import androidx.compose.foundation.layout.Column
       ^
core/designsystem/src/main/kotlin/com/autodrive/app/core/designsystem/components/containers/ContainerComponents.kt:6:8: error: unresolved reference: androidx
import androidx.compose.foundation.layout.ColumnScope
       ^
core/designsystem/src/main/kotlin/com/autodrive/app/core/designsystem/components/containers/ContainerComponents.kt:7:8: error: unresolved reference: androidx
import androidx.compose.foundation.layout.fillMaxWidth
       ^
core/designsystem/src/main/kotlin/com/autodrive/app/core/designsystem/components/containers/ContainerComponents.kt:8:8: error: unresolved reference: androidx
import androidx.compose.foundation.layout.heightIn
       ^
core/designsystem/src/main/kotlin/com/autodrive/app/core/designsystem/components/containers/ContainerComponents.kt:9:8: error: unresolved reference: androidx
import androidx.compose.foundation.layout.padding
       ^
core/designsystem/src/main/kotlin/com/autodrive/app/core/designsystem/components/containers/ContainerComponents.kt:10:8: error: unresolved reference: androidx
import androidx.compose.foundation.layout.size
       ^
core/designsystem/src/main/kotlin/com/autodrive/app/core/designsystem/components/containers/ContainerComponents.kt:11:8: error: unresolved reference: androidx
import androidx.compose.foundation.shape.RoundedCornerShape
       ^
core/designsystem/src/main/kotlin/com/autodrive/app/core/designsystem/components/containers/ContainerComponents.kt:12:8: error: unresolved reference: androidx
import androidx.compose.material.icons.Icons
       ^
core/designsystem/src/main/kotlin/com/autodrive/app/core/designsystem/components/containers/ContainerComponents.kt:13:8: error: unresolved reference: androidx
import androidx.compose.material.icons.rounded.Info
       ^
core/designsystem/src/main/kotlin/com/autodrive/app/core/designsystem/components/containers/ContainerComponents.kt:14:8: error: unresolved reference: androidx
import androidx.compose.material3.Icon
       ^
core/designsystem/src/main/kotlin/com/autodrive/app/core/designsystem/components/containers/ContainerComponents.kt:15:8: error: unresolved reference: androidx
import androidx.compose.material3.MaterialTheme
       ^
core/designsystem/src/main/kotlin/com/autodrive/app/core/designsystem/components/containers/ContainerComponents.kt:16:8: error: unresolved reference: androidx
import androidx.compose.material3.Surface
       ^
core/designsystem/src/main/kotlin/com/autodrive/app/core/designsystem/components/containers/ContainerComponents.kt:17:8: error: unresolved reference: androidx
import androidx.compose.material3.Text
       ^
core/designsystem/src/main/kotlin/com/autodrive/app/core/designsystem/components/containers/ContainerComponents.kt:18:8: error: unresolved reference: androidx
import androidx.compose.runtime.Composable
       ^
core/designsystem/src/main/kotlin/com/autodrive/app/core/designsystem/components/containers/ContainerComponents.kt:19:8: error: unresolved reference: androidx
import androidx.compose.ui.Modifier
       ^
core/designsystem/src/main/kotlin/com/autodrive/app/core/designsystem/components/containers/ContainerComponents.kt:20:8: error: unresolved reference: androidx
import androidx.compose.ui.graphics.Color
       ^
core/designsystem/src/main/kotlin/com/autodrive/app/core/designsystem/components/containers/ContainerComponents.kt:21:8: error: unresolved reference: androidx
import androidx.compose.ui.graphics.vector.ImageVector
       ^
core/designsystem/src/main/kotlin/com/autodrive/app/core/designsystem/components/containers/ContainerComponents.kt:22:8: error: unresolved reference: androidx
import androidx.compose.ui.semantics.disabled
       ^
core/designsystem/src/main/kotlin/com/autodrive/app/core/designsystem/components/containers/ContainerComponents.kt:23:8: error: unresolved reference: androidx
import androidx.compose.ui.semantics.selected
       ^
core/designsystem/src/main/kotlin/com/autodrive/app/core/designsystem/components/containers/ContainerComponents.kt:24:8: error: unresolved reference: androidx
import androidx.compose.ui.semantics.semantics
       ^
core/designsystem/src/main/kotlin/com/autodrive/app/core/designsystem/components/containers/ContainerComponents.kt:25:8: error: unresolved reference: androidx
import androidx.compose.ui.tooling.preview.Preview
       ^
core/designsystem/src/main/kotlin/com/autodrive/app/core/designsystem/components/containers/ContainerComponents.kt:41:2: error: unresolved reference: Composable
@Composable
 ^
core/designsystem/src/main/kotlin/com/autodrive/app/core/designsystem/components/containers/ContainerComponents.kt:43:15: error: unresolved reference: Modifier
    modifier: Modifier = Modifier,
              ^
core/designsystem/src/main/kotlin/com/autodrive/app/core/designsystem/components/containers/ContainerComponents.kt:43:26: error: unresolved reference: Modifier
    modifier: Modifier = Modifier,
                         ^
core/designsystem/src/main/kotlin/com/autodrive/app/core/designsystem/components/containers/ContainerComponents.kt:47:15: error: unresolved reference: Composable
    content: @Composable ColumnScope.() -> Unit,
              ^
core/designsystem/src/main/kotlin/com/autodrive/app/core/designsystem/components/containers/ContainerComponents.kt:47:26: error: unresolved reference: ColumnScope
    content: @Composable ColumnScope.() -> Unit,
                         ^
core/designsystem/src/main/kotlin/com/autodrive/app/core/designsystem/components/containers/ContainerComponents.kt:51:5: error: unresolved reference: Surface
    Surface(
    ^
core/designsystem/src/main/kotlin/com/autodrive/app/core/designsystem/components/containers/ContainerComponents.kt:54:18: error: unresolved reference: BorderStroke
        border = BorderStroke(AutoDriveBorder.Thin, borderColor),
                 ^
core/designsystem/src/main/kotlin/com/autodrive/app/core/designsystem/components/containers/ContainerComponents.kt:56:61: error: unresolved reference: Modifier
            .then(if (state == AutoDriveCardState.Selected) Modifier.semantics { selected = true } else Modifier)
                                                            ^
core/designsystem/src/main/kotlin/com/autodrive/app/core/designsystem/components/containers/ContainerComponents.kt:56:82: error: unresolved reference: selected
            .then(if (state == AutoDriveCardState.Selected) Modifier.semantics { selected = true } else Modifier)
                                                                                 ^
core/designsystem/src/main/kotlin/com/autodrive/app/core/designsystem/components/containers/ContainerComponents.kt:56:105: error: unresolved reference: Modifier
            .then(if (state == AutoDriveCardState.Selected) Modifier.semantics { selected = true } else Modifier)
                                                                                                        ^
core/designsystem/src/main/kotlin/com/autodrive/app/core/designsystem/components/containers/ContainerComponents.kt:57:33: error: unresolved reference: Modifier
            .then(if (!enabled) Modifier.semantics { disabled() } else Modifier)
                                ^
core/designsystem/src/main/kotlin/com/autodrive/app/core/designsystem/components/containers/ContainerComponents.kt:57:54: error: unresolved reference: disabled
            .then(if (!enabled) Modifier.semantics { disabled() } else Modifier)
                                                     ^
core/designsystem/src/main/kotlin/com/autodrive/app/core/designsystem/components/containers/ContainerComponents.kt:57:72: error: unresolved reference: Modifier
            .then(if (!enabled) Modifier.semantics { disabled() } else Modifier)
                                                                       ^
core/designsystem/src/main/kotlin/com/autodrive/app/core/designsystem/components/containers/ContainerComponents.kt:58:51: error: unresolved reference: Modifier
            .then(if (onClick != null && enabled) Modifier.clickable(onClick = onClick) else Modifier),
                                                  ^
core/designsystem/src/main/kotlin/com/autodrive/app/core/designsystem/components/containers/ContainerComponents.kt:58:94: error: unresolved reference: Modifier
            .then(if (onClick != null && enabled) Modifier.clickable(onClick = onClick) else Modifier),
                                                                                             ^
core/designsystem/src/main/kotlin/com/autodrive/app/core/designsystem/components/containers/ContainerComponents.kt:60:9: error: unresolved reference: Column
        Column(Modifier.padding(AutoDriveSpace.LG), content = content)
        ^
core/designsystem/src/main/kotlin/com/autodrive/app/core/designsystem/components/containers/ContainerComponents.kt:60:16: error: unresolved reference: Modifier
        Column(Modifier.padding(AutoDriveSpace.LG), content = content)
               ^
core/designsystem/src/main/kotlin/com/autodrive/app/core/designsystem/components/containers/ContainerComponents.kt:64:2: error: unresolved reference: Composable
@Composable
 ^
core/designsystem/src/main/kotlin/com/autodrive/app/core/designsystem/components/containers/ContainerComponents.kt:68:15: error: unresolved reference: Modifier
    modifier: Modifier = Modifier,
              ^
core/designsystem/src/main/kotlin/com/autodrive/app/core/designsystem/components/containers/ContainerComponents.kt:68:26: error: unresolved reference: Modifier
    modifier: Modifier = Modifier,
                         ^
core/designsystem/src/main/kotlin/com/autodrive/app/core/designsystem/components/containers/ContainerComponents.kt:71:11: error: unresolved reference: ImageVector
    icon: ImageVector? = null,
          ^
core/designsystem/src/main/kotlin/com/autodrive/app/core/designsystem/components/containers/ContainerComponents.kt:75:5: error: unresolved reference: Surface
    Surface(
    ^
core/designsystem/src/main/kotlin/com/autodrive/app/core/designsystem/components/containers/ContainerComponents.kt:78:18: error: unresolved reference: BorderStroke
        border = BorderStroke(AutoDriveBorder.Thin, AutoDriveBorderColor.Default),
                 ^
core/designsystem/src/main/kotlin/com/autodrive/app/core/designsystem/components/containers/ContainerComponents.kt:81:40: error: unresolved reference: Modifier
            .then(if (onClick != null) Modifier.clickable(onClick = onClick) else Modifier),
                                       ^
core/designsystem/src/main/kotlin/com/autodrive/app/core/designsystem/components/containers/ContainerComponents.kt:81:83: error: unresolved reference: Modifier
            .then(if (onClick != null) Modifier.clickable(onClick = onClick) else Modifier),
                                                                                  ^
core/designsystem/src/main/kotlin/com/autodrive/app/core/designsystem/components/containers/ContainerComponents.kt:83:9: error: unresolved reference: Column
        Column(Modifier.padding(AutoDriveSpace.LG)) {
        ^
core/designsystem/src/main/kotlin/com/autodrive/app/core/designsystem/components/containers/ContainerComponents.kt:83:16: error: unresolved reference: Modifier
        Column(Modifier.padding(AutoDriveSpace.LG)) {
               ^
core/designsystem/src/main/kotlin/com/autodrive/app/core/designsystem/components/containers/ContainerComponents.kt:84:31: error: unresolved reference: Icon
            if (icon != null) Icon(icon, null, tint = accentColor, modifier = Modifier.size(AutoDriveIconSize.SM))
                              ^
core/designsystem/src/main/kotlin/com/autodrive/app/core/designsystem/components/containers/ContainerComponents.kt:84:79: error: unresolved reference: Modifier
            if (icon != null) Icon(icon, null, tint = accentColor, modifier = Modifier.size(AutoDriveIconSize.SM))
                                                                              ^
core/designsystem/src/main/kotlin/com/autodrive/app/core/designsystem/components/containers/ContainerComponents.kt:85:13: error: unresolved reference: Text
            Text(label, style = MaterialTheme.typography.labelMedium, color = AutoDriveText.Secondary)
            ^
core/designsystem/src/main/kotlin/com/autodrive/app/core/designsystem/components/containers/ContainerComponents.kt:85:33: error: unresolved reference: MaterialTheme
            Text(label, style = MaterialTheme.typography.labelMedium, color = AutoDriveText.Secondary)
                                ^
core/designsystem/src/main/kotlin/com/autodrive/app/core/designsystem/components/containers/ContainerComponents.kt:86:13: error: unresolved reference: Text
            Text(value, style = MaterialTheme.typography.displaySmall, color = accentColor)
            ^
core/designsystem/src/main/kotlin/com/autodrive/app/core/designsystem/components/containers/ContainerComponents.kt:86:33: error: unresolved reference: MaterialTheme
            Text(value, style = MaterialTheme.typography.displaySmall, color = accentColor)
                                ^
core/designsystem/src/main/kotlin/com/autodrive/app/core/designsystem/components/containers/ContainerComponents.kt:87:41: error: unresolved reference: Text
            if (supportingText != null) Text(supportingText, style = MaterialTheme.typography.bodySmall, color = AutoDriveText.Secondary)
                                        ^
core/designsystem/src/main/kotlin/com/autodrive/app/core/designsystem/components/containers/ContainerComponents.kt:87:70: error: unresolved reference: MaterialTheme
            if (supportingText != null) Text(supportingText, style = MaterialTheme.typography.bodySmall, color = AutoDriveText.Secondary)
                                                                     ^
core/designsystem/src/main/kotlin/com/autodrive/app/core/designsystem/components/containers/ContainerComponents.kt:92:2: error: unresolved reference: Composable
@Composable
 ^
core/designsystem/src/main/kotlin/com/autodrive/app/core/designsystem/components/containers/ContainerComponents.kt:95:15: error: unresolved reference: Modifier
    modifier: Modifier = Modifier,
              ^
core/designsystem/src/main/kotlin/com/autodrive/app/core/designsystem/components/containers/ContainerComponents.kt:95:26: error: unresolved reference: Modifier
    modifier: Modifier = Modifier,
                         ^
core/designsystem/src/main/kotlin/com/autodrive/app/core/designsystem/components/containers/ContainerComponents.kt:97:15: error: unresolved reference: Composable
    content: @Composable ColumnScope.() -> Unit,
              ^
core/designsystem/src/main/kotlin/com/autodrive/app/core/designsystem/components/containers/ContainerComponents.kt:97:26: error: unresolved reference: ColumnScope
    content: @Composable ColumnScope.() -> Unit,
                         ^
core/designsystem/src/main/kotlin/com/autodrive/app/core/designsystem/components/containers/ContainerComponents.kt:100:5: error: unresolved reference: Surface
    Surface(
    ^
core/designsystem/src/main/kotlin/com/autodrive/app/core/designsystem/components/containers/ContainerComponents.kt:103:18: error: unresolved reference: BorderStroke
        border = BorderStroke(AutoDriveBorder.Accent, color.copy(alpha = AutoDriveOpacity.High)),
                 ^
core/designsystem/src/main/kotlin/com/autodrive/app/core/designsystem/components/containers/ContainerComponents.kt:104:55: error: unresolved reference: Modifier
        modifier = modifier.then(if (onClick != null) Modifier.clickable(onClick = onClick) else Modifier),
                                                      ^
core/designsystem/src/main/kotlin/com/autodrive/app/core/designsystem/components/containers/ContainerComponents.kt:104:98: error: unresolved reference: Modifier
        modifier = modifier.then(if (onClick != null) Modifier.clickable(onClick = onClick) else Modifier),
                                                                                                 ^
core/designsystem/src/main/kotlin/com/autodrive/app/core/designsystem/components/containers/ContainerComponents.kt:105:9: error: unresolved reference: Column
    ) { Column(Modifier.padding(AutoDriveSpace.XL), content = content) }
        ^
core/designsystem/src/main/kotlin/com/autodrive/app/core/designsystem/components/containers/ContainerComponents.kt:105:16: error: unresolved reference: Modifier
    ) { Column(Modifier.padding(AutoDriveSpace.XL), content = content) }
               ^
core/designsystem/src/main/kotlin/com/autodrive/app/core/designsystem/components/containers/ContainerComponents.kt:108:2: error: unresolved reference: Composable
@Composable
 ^
core/designsystem/src/main/kotlin/com/autodrive/app/core/designsystem/components/containers/ContainerComponents.kt:113:15: error: unresolved reference: Modifier
    modifier: Modifier = Modifier,
              ^
core/designsystem/src/main/kotlin/com/autodrive/app/core/designsystem/components/containers/ContainerComponents.kt:113:26: error: unresolved reference: Modifier
    modifier: Modifier = Modifier,
                         ^
core/designsystem/src/main/kotlin/com/autodrive/app/core/designsystem/components/containers/ContainerComponents.kt:114:11: error: unresolved reference: ImageVector
    icon: ImageVector = Icons.Rounded.Info,
          ^
core/designsystem/src/main/kotlin/com/autodrive/app/core/designsystem/components/containers/ContainerComponents.kt:114:25: error: unresolved reference: Icons
    icon: ImageVector = Icons.Rounded.Info,
                        ^
core/designsystem/src/main/kotlin/com/autodrive/app/core/designsystem/components/containers/ContainerComponents.kt:115:15: error: unresolved reference: Composable
    action: (@Composable () -> Unit)? = null,
              ^
core/designsystem/src/main/kotlin/com/autodrive/app/core/designsystem/components/containers/ContainerComponents.kt:118:5: error: unresolved reference: Surface
    Surface(
    ^
core/designsystem/src/main/kotlin/com/autodrive/app/core/designsystem/components/containers/ContainerComponents.kt:121:18: error: unresolved reference: BorderStroke
        border = BorderStroke(AutoDriveBorder.Accent, color.copy(alpha = AutoDriveOpacity.High)),
                 ^
core/designsystem/src/main/kotlin/com/autodrive/app/core/designsystem/components/containers/ContainerComponents.kt:124:9: error: unresolved reference: Column
        Column(Modifier.padding(AutoDriveSpace.LG)) {
        ^
core/designsystem/src/main/kotlin/com/autodrive/app/core/designsystem/components/containers/ContainerComponents.kt:124:16: error: unresolved reference: Modifier
        Column(Modifier.padding(AutoDriveSpace.LG)) {
               ^
core/designsystem/src/main/kotlin/com/autodrive/app/core/designsystem/components/containers/ContainerComponents.kt:125:13: error: unresolved reference: Icon
            Icon(icon, contentDescription = null, tint = color, modifier = Modifier.size(AutoDriveIconSize.MD))
            ^
core/designsystem/src/main/kotlin/com/autodrive/app/core/designsystem/components/containers/ContainerComponents.kt:125:76: error: unresolved reference: Modifier
            Icon(icon, contentDescription = null, tint = color, modifier = Modifier.size(AutoDriveIconSize.MD))
                                                                           ^
core/designsystem/src/main/kotlin/com/autodrive/app/core/designsystem/components/containers/ContainerComponents.kt:126:13: error: unresolved reference: Text
            Text(title, style = MaterialTheme.typography.titleMedium, color = AutoDriveText.Primary)
            ^
core/designsystem/src/main/kotlin/com/autodrive/app/core/designsystem/components/containers/ContainerComponents.kt:126:33: error: unresolved reference: MaterialTheme
            Text(title, style = MaterialTheme.typography.titleMedium, color = AutoDriveText.Primary)
                                ^
core/designsystem/src/main/kotlin/com/autodrive/app/core/designsystem/components/containers/ContainerComponents.kt:127:13: error: unresolved reference: Text
            Text(body, style = MaterialTheme.typography.bodyMedium, color = AutoDriveText.Secondary)
            ^
core/designsystem/src/main/kotlin/com/autodrive/app/core/designsystem/components/containers/ContainerComponents.kt:127:32: error: unresolved reference: MaterialTheme
            Text(body, style = MaterialTheme.typography.bodyMedium, color = AutoDriveText.Secondary)
                               ^
core/designsystem/src/main/kotlin/com/autodrive/app/core/designsystem/components/containers/ContainerComponents.kt:133:2: error: unresolved reference: Preview
@Preview(showBackground = true, backgroundColor = 0xFF08090C)
 ^
core/designsystem/src/main/kotlin/com/autodrive/app/core/designsystem/components/containers/ContainerComponents.kt:134:2: error: unresolved reference: Composable
@Composable
 ^
core/designsystem/src/main/kotlin/com/autodrive/app/core/designsystem/components/containers/ContainerComponents.kt:136:53: error: unresolved reference: Modifier
    AutoDriveHighlightCard(AutoDriveAccent.Primary, Modifier.fillMaxWidth()) {
                                                    ^
core/designsystem/src/main/kotlin/com/autodrive/app/core/designsystem/components/data/DataComponents.kt:3:8: error: unresolved reference: androidx
import androidx.compose.animation.core.animateDpAsState
       ^
core/designsystem/src/main/kotlin/com/autodrive/app/core/designsystem/components/data/DataComponents.kt:4:8: error: unresolved reference: androidx
import androidx.compose.foundation.Canvas
       ^
core/designsystem/src/main/kotlin/com/autodrive/app/core/designsystem/components/data/DataComponents.kt:5:8: error: unresolved reference: androidx
import androidx.compose.foundation.background
       ^
core/designsystem/src/main/kotlin/com/autodrive/app/core/designsystem/components/data/DataComponents.kt:6:8: error: unresolved reference: androidx
import androidx.compose.foundation.border
       ^
core/designsystem/src/main/kotlin/com/autodrive/app/core/designsystem/components/data/DataComponents.kt:7:8: error: unresolved reference: androidx
import androidx.compose.foundation.clickable
       ^
core/designsystem/src/main/kotlin/com/autodrive/app/core/designsystem/components/data/DataComponents.kt:8:8: error: unresolved reference: androidx
import androidx.compose.foundation.layout.Arrangement
       ^
core/designsystem/src/main/kotlin/com/autodrive/app/core/designsystem/components/data/DataComponents.kt:9:8: error: unresolved reference: androidx
import androidx.compose.foundation.layout.Box
       ^
core/designsystem/src/main/kotlin/com/autodrive/app/core/designsystem/components/data/DataComponents.kt:10:8: error: unresolved reference: androidx
import androidx.compose.foundation.layout.Column
       ^
core/designsystem/src/main/kotlin/com/autodrive/app/core/designsystem/components/data/DataComponents.kt:11:8: error: unresolved reference: androidx
import androidx.compose.foundation.layout.Row
       ^
core/designsystem/src/main/kotlin/com/autodrive/app/core/designsystem/components/data/DataComponents.kt:12:8: error: unresolved reference: androidx
import androidx.compose.foundation.layout.Spacer
       ^
core/designsystem/src/main/kotlin/com/autodrive/app/core/designsystem/components/data/DataComponents.kt:13:8: error: unresolved reference: androidx
import androidx.compose.foundation.layout.fillMaxWidth
       ^
core/designsystem/src/main/kotlin/com/autodrive/app/core/designsystem/components/data/DataComponents.kt:14:8: error: unresolved reference: androidx
import androidx.compose.foundation.layout.height
       ^
core/designsystem/src/main/kotlin/com/autodrive/app/core/designsystem/components/data/DataComponents.kt:15:8: error: unresolved reference: androidx
import androidx.compose.foundation.layout.heightIn
       ^
core/designsystem/src/main/kotlin/com/autodrive/app/core/designsystem/components/data/DataComponents.kt:16:8: error: unresolved reference: androidx
import androidx.compose.foundation.layout.padding
       ^
core/designsystem/src/main/kotlin/com/autodrive/app/core/designsystem/components/data/DataComponents.kt:17:8: error: unresolved reference: androidx
import androidx.compose.foundation.layout.size
       ^
core/designsystem/src/main/kotlin/com/autodrive/app/core/designsystem/components/data/DataComponents.kt:18:8: error: unresolved reference: androidx
import androidx.compose.foundation.layout.width
       ^
core/designsystem/src/main/kotlin/com/autodrive/app/core/designsystem/components/data/DataComponents.kt:19:8: error: unresolved reference: androidx
import androidx.compose.foundation.shape.CircleShape
       ^
core/designsystem/src/main/kotlin/com/autodrive/app/core/designsystem/components/data/DataComponents.kt:20:8: error: unresolved reference: androidx
import androidx.compose.material3.Icon
       ^
core/designsystem/src/main/kotlin/com/autodrive/app/core/designsystem/components/data/DataComponents.kt:21:8: error: unresolved reference: androidx
import androidx.compose.material3.MaterialTheme
       ^
core/designsystem/src/main/kotlin/com/autodrive/app/core/designsystem/components/data/DataComponents.kt:22:8: error: unresolved reference: androidx
import androidx.compose.material3.Text
       ^
core/designsystem/src/main/kotlin/com/autodrive/app/core/designsystem/components/data/DataComponents.kt:23:8: error: unresolved reference: androidx
import androidx.compose.runtime.Composable
       ^
core/designsystem/src/main/kotlin/com/autodrive/app/core/designsystem/components/data/DataComponents.kt:24:8: error: unresolved reference: androidx
import androidx.compose.runtime.CompositionLocalProvider
       ^
core/designsystem/src/main/kotlin/com/autodrive/app/core/designsystem/components/data/DataComponents.kt:25:8: error: unresolved reference: androidx
import androidx.compose.runtime.getValue
       ^
core/designsystem/src/main/kotlin/com/autodrive/app/core/designsystem/components/data/DataComponents.kt:26:8: error: unresolved reference: androidx
import androidx.compose.ui.Alignment
       ^
core/designsystem/src/main/kotlin/com/autodrive/app/core/designsystem/components/data/DataComponents.kt:27:8: error: unresolved reference: androidx
import androidx.compose.ui.Modifier
       ^
core/designsystem/src/main/kotlin/com/autodrive/app/core/designsystem/components/data/DataComponents.kt:28:8: error: unresolved reference: androidx
import androidx.compose.ui.draw.clip
       ^
core/designsystem/src/main/kotlin/com/autodrive/app/core/designsystem/components/data/DataComponents.kt:29:8: error: unresolved reference: androidx
import androidx.compose.ui.geometry.Offset
       ^
core/designsystem/src/main/kotlin/com/autodrive/app/core/designsystem/components/data/DataComponents.kt:30:8: error: unresolved reference: androidx
import androidx.compose.ui.graphics.Color
       ^
core/designsystem/src/main/kotlin/com/autodrive/app/core/designsystem/components/data/DataComponents.kt:31:8: error: unresolved reference: androidx
import androidx.compose.ui.graphics.StrokeCap
       ^
core/designsystem/src/main/kotlin/com/autodrive/app/core/designsystem/components/data/DataComponents.kt:32:8: error: unresolved reference: androidx
import androidx.compose.ui.graphics.vector.ImageVector
       ^
core/designsystem/src/main/kotlin/com/autodrive/app/core/designsystem/components/data/DataComponents.kt:33:8: error: unresolved reference: androidx
import androidx.compose.ui.platform.LocalLayoutDirection
       ^
core/designsystem/src/main/kotlin/com/autodrive/app/core/designsystem/components/data/DataComponents.kt:34:8: error: unresolved reference: androidx
import androidx.compose.ui.semantics.contentDescription
       ^
core/designsystem/src/main/kotlin/com/autodrive/app/core/designsystem/components/data/DataComponents.kt:35:8: error: unresolved reference: androidx
import androidx.compose.ui.semantics.disabled
       ^
core/designsystem/src/main/kotlin/com/autodrive/app/core/designsystem/components/data/DataComponents.kt:36:8: error: unresolved reference: androidx
import androidx.compose.ui.semantics.heading
       ^
core/designsystem/src/main/kotlin/com/autodrive/app/core/designsystem/components/data/DataComponents.kt:37:8: error: unresolved reference: androidx
import androidx.compose.ui.semantics.progressBarRangeInfo
       ^
core/designsystem/src/main/kotlin/com/autodrive/app/core/designsystem/components/data/DataComponents.kt:38:8: error: unresolved reference: androidx
import androidx.compose.ui.semantics.ProgressBarRangeInfo
       ^
core/designsystem/src/main/kotlin/com/autodrive/app/core/designsystem/components/data/DataComponents.kt:39:8: error: unresolved reference: androidx
import androidx.compose.ui.semantics.selected
       ^
core/designsystem/src/main/kotlin/com/autodrive/app/core/designsystem/components/data/DataComponents.kt:40:8: error: unresolved reference: androidx
import androidx.compose.ui.semantics.stateDescription
       ^
core/designsystem/src/main/kotlin/com/autodrive/app/core/designsystem/components/data/DataComponents.kt:41:8: error: unresolved reference: androidx
import androidx.compose.ui.semantics.semantics
       ^
core/designsystem/src/main/kotlin/com/autodrive/app/core/designsystem/components/data/DataComponents.kt:42:8: error: unresolved reference: androidx
import androidx.compose.ui.text.font.FontWeight
       ^
core/designsystem/src/main/kotlin/com/autodrive/app/core/designsystem/components/data/DataComponents.kt:43:8: error: unresolved reference: androidx
import androidx.compose.ui.tooling.preview.Preview
       ^
core/designsystem/src/main/kotlin/com/autodrive/app/core/designsystem/components/data/DataComponents.kt:44:8: error: unresolved reference: androidx
import androidx.compose.ui.unit.Dp
       ^
core/designsystem/src/main/kotlin/com/autodrive/app/core/designsystem/components/data/DataComponents.kt:45:8: error: unresolved reference: androidx
import androidx.compose.ui.unit.LayoutDirection
       ^
core/designsystem/src/main/kotlin/com/autodrive/app/core/designsystem/components/data/DataComponents.kt:46:8: error: unresolved reference: androidx
import androidx.compose.ui.unit.dp
       ^
core/designsystem/src/main/kotlin/com/autodrive/app/core/designsystem/components/data/DataComponents.kt:63:40: error: unresolved reference: Dp
enum class AutoDriveAvatarSize(val dp: Dp) { Small(32.dp), Default(40.dp), Large(48.dp), Hero(64.dp) }
                                       ^
core/designsystem/src/main/kotlin/com/autodrive/app/core/designsystem/components/data/DataComponents.kt:63:55: error: unresolved reference: dp
enum class AutoDriveAvatarSize(val dp: Dp) { Small(32.dp), Default(40.dp), Large(48.dp), Hero(64.dp) }
                                                      ^
core/designsystem/src/main/kotlin/com/autodrive/app/core/designsystem/components/data/DataComponents.kt:63:71: error: unresolved reference: dp
enum class AutoDriveAvatarSize(val dp: Dp) { Small(32.dp), Default(40.dp), Large(48.dp), Hero(64.dp) }
                                                                      ^
core/designsystem/src/main/kotlin/com/autodrive/app/core/designsystem/components/data/DataComponents.kt:63:85: error: unresolved reference: dp
enum class AutoDriveAvatarSize(val dp: Dp) { Small(32.dp), Default(40.dp), Large(48.dp), Hero(64.dp) }
                                                                                    ^
core/designsystem/src/main/kotlin/com/autodrive/app/core/designsystem/components/data/DataComponents.kt:63:98: error: unresolved reference: dp
enum class AutoDriveAvatarSize(val dp: Dp) { Small(32.dp), Default(40.dp), Large(48.dp), Hero(64.dp) }
                                                                                                 ^
core/designsystem/src/main/kotlin/com/autodrive/app/core/designsystem/components/data/DataComponents.kt:67:2: error: unresolved reference: Composable
@Composable
 ^
core/designsystem/src/main/kotlin/com/autodrive/app/core/designsystem/components/data/DataComponents.kt:70:15: error: unresolved reference: Modifier
    modifier: Modifier = Modifier,
              ^
core/designsystem/src/main/kotlin/com/autodrive/app/core/designsystem/components/data/DataComponents.kt:70:26: error: unresolved reference: Modifier
    modifier: Modifier = Modifier,
                         ^
core/designsystem/src/main/kotlin/com/autodrive/app/core/designsystem/components/data/DataComponents.kt:73:21: error: unresolved reference: Composable
    imageContent: (@Composable () -> Unit)? = null,
                    ^
core/designsystem/src/main/kotlin/com/autodrive/app/core/designsystem/components/data/DataComponents.kt:76:5: error: unresolved reference: Box
    Box(
    ^
core/designsystem/src/main/kotlin/com/autodrive/app/core/designsystem/components/data/DataComponents.kt:79:19: error: unresolved reference: CircleShape
            .clip(CircleShape)
                  ^
core/designsystem/src/main/kotlin/com/autodrive/app/core/designsystem/components/data/DataComponents.kt:81:87: error: unresolved reference: CircleShape
            .border(AutoDriveBorder.Thin, color.copy(alpha = AutoDriveOpacity.Muted), CircleShape),
                                                                                      ^
core/designsystem/src/main/kotlin/com/autodrive/app/core/designsystem/components/data/DataComponents.kt:82:28: error: unresolved reference: Alignment
        contentAlignment = Alignment.Center,
                           ^
core/designsystem/src/main/kotlin/com/autodrive/app/core/designsystem/components/data/DataComponents.kt:85:14: error: unresolved reference: Text
        else Text(
             ^
core/designsystem/src/main/kotlin/com/autodrive/app/core/designsystem/components/data/DataComponents.kt:88:21: error: unresolved reference: MaterialTheme
            style = MaterialTheme.typography.titleLarge,
                    ^
core/designsystem/src/main/kotlin/com/autodrive/app/core/designsystem/components/data/DataComponents.kt:89:26: error: unresolved reference: FontWeight
            fontWeight = FontWeight.Bold,
                         ^
core/designsystem/src/main/kotlin/com/autodrive/app/core/designsystem/components/data/DataComponents.kt:94:2: error: unresolved reference: Composable
@Composable
 ^
core/designsystem/src/main/kotlin/com/autodrive/app/core/designsystem/components/data/DataComponents.kt:97:15: error: unresolved reference: Modifier
    modifier: Modifier = Modifier,
              ^
core/designsystem/src/main/kotlin/com/autodrive/app/core/designsystem/components/data/DataComponents.kt:97:26: error: unresolved reference: Modifier
    modifier: Modifier = Modifier,
                         ^
core/designsystem/src/main/kotlin/com/autodrive/app/core/designsystem/components/data/DataComponents.kt:100:16: error: unresolved reference: Composable
    leading: (@Composable () -> Unit)? = null,
               ^
core/designsystem/src/main/kotlin/com/autodrive/app/core/designsystem/components/data/DataComponents.kt:101:17: error: unresolved reference: Composable
    trailing: (@Composable () -> Unit)? = null,
                ^
core/designsystem/src/main/kotlin/com/autodrive/app/core/designsystem/components/data/DataComponents.kt:107:5: error: unresolved reference: Row
    Row(
    ^
core/designsystem/src/main/kotlin/com/autodrive/app/core/designsystem/components/data/DataComponents.kt:110:32: error: unresolved reference: dp
            .heightIn(min = 64.dp)
                               ^
core/designsystem/src/main/kotlin/com/autodrive/app/core/designsystem/components/data/DataComponents.kt:111:102: error: unresolved reference: Color
            .background(if (selected) AutoDriveBrand.Active.copy(alpha = AutoDriveOpacity.Tint) else Color.Transparent)
                                                                                                     ^
core/designsystem/src/main/kotlin/com/autodrive/app/core/designsystem/components/data/DataComponents.kt:112:51: error: unresolved reference: Modifier
            .then(if (onClick != null && enabled) Modifier.clickable(onClick = onClick) else Modifier)
                                                  ^
core/designsystem/src/main/kotlin/com/autodrive/app/core/designsystem/components/data/DataComponents.kt:112:94: error: unresolved reference: Modifier
            .then(if (onClick != null && enabled) Modifier.clickable(onClick = onClick) else Modifier)
                                                                                             ^
core/designsystem/src/main/kotlin/com/autodrive/app/core/designsystem/components/data/DataComponents.kt:113:33: error: unresolved reference: Modifier
            .then(if (selected) Modifier.semantics { this.selected = true } else Modifier)
                                ^
core/designsystem/src/main/kotlin/com/autodrive/app/core/designsystem/components/data/DataComponents.kt:113:54: error: 'this' is not defined in this context
            .then(if (selected) Modifier.semantics { this.selected = true } else Modifier)
                                                     ^
core/designsystem/src/main/kotlin/com/autodrive/app/core/designsystem/components/data/DataComponents.kt:113:59: error: variable expected
            .then(if (selected) Modifier.semantics { this.selected = true } else Modifier)
                                                          ^
core/designsystem/src/main/kotlin/com/autodrive/app/core/designsystem/components/data/DataComponents.kt:113:82: error: unresolved reference: Modifier
            .then(if (selected) Modifier.semantics { this.selected = true } else Modifier)
                                                                                 ^
core/designsystem/src/main/kotlin/com/autodrive/app/core/designsystem/components/data/DataComponents.kt:114:33: error: unresolved reference: Modifier
            .then(if (!enabled) Modifier.semantics { disabled() } else Modifier)
                                ^
core/designsystem/src/main/kotlin/com/autodrive/app/core/designsystem/components/data/DataComponents.kt:114:54: error: unresolved reference: disabled
            .then(if (!enabled) Modifier.semantics { disabled() } else Modifier)
                                                     ^
core/designsystem/src/main/kotlin/com/autodrive/app/core/designsystem/components/data/DataComponents.kt:114:72: error: unresolved reference: Modifier
            .then(if (!enabled) Modifier.semantics { disabled() } else Modifier)
                                                                       ^
core/designsystem/src/main/kotlin/com/autodrive/app/core/designsystem/components/data/DataComponents.kt:116:29: error: unresolved reference: Alignment
        verticalAlignment = Alignment.CenterVertically,
                            ^
core/designsystem/src/main/kotlin/com/autodrive/app/core/designsystem/components/data/DataComponents.kt:117:33: error: unresolved reference: Arrangement
        horizontalArrangement = Arrangement.spacedBy(AutoDriveSpace.MD),
                                ^
core/designsystem/src/main/kotlin/com/autodrive/app/core/designsystem/components/data/DataComponents.kt:119:30: error: unresolved reference: Box
        if (leading != null) Box(Modifier.size(48.dp), contentAlignment = Alignment.Center) { leading() }
                             ^
core/designsystem/src/main/kotlin/com/autodrive/app/core/designsystem/components/data/DataComponents.kt:119:34: error: unresolved reference: Modifier
        if (leading != null) Box(Modifier.size(48.dp), contentAlignment = Alignment.Center) { leading() }
                                 ^
core/designsystem/src/main/kotlin/com/autodrive/app/core/designsystem/components/data/DataComponents.kt:119:51: error: unresolved reference: dp
        if (leading != null) Box(Modifier.size(48.dp), contentAlignment = Alignment.Center) { leading() }
                                                  ^
core/designsystem/src/main/kotlin/com/autodrive/app/core/designsystem/components/data/DataComponents.kt:119:75: error: unresolved reference: Alignment
        if (leading != null) Box(Modifier.size(48.dp), contentAlignment = Alignment.Center) { leading() }
                                                                          ^
core/designsystem/src/main/kotlin/com/autodrive/app/core/designsystem/components/data/DataComponents.kt:120:9: error: unresolved reference: Column
        Column(Modifier.weight(1f)) {
        ^
core/designsystem/src/main/kotlin/com/autodrive/app/core/designsystem/components/data/DataComponents.kt:120:16: error: unresolved reference: Modifier
        Column(Modifier.weight(1f)) {
               ^
core/designsystem/src/main/kotlin/com/autodrive/app/core/designsystem/components/data/DataComponents.kt:121:13: error: unresolved reference: Text
            Text(title, style = MaterialTheme.typography.titleMedium, color = titleColor)
            ^
core/designsystem/src/main/kotlin/com/autodrive/app/core/designsystem/components/data/DataComponents.kt:121:33: error: unresolved reference: MaterialTheme
            Text(title, style = MaterialTheme.typography.titleMedium, color = titleColor)
                                ^
core/designsystem/src/main/kotlin/com/autodrive/app/core/designsystem/components/data/DataComponents.kt:122:41: error: unresolved reference: Text
            if (supportingText != null) Text(supportingText, style = MaterialTheme.typography.bodySmall, color = if (enabled) AutoDriveText.Secondary else AutoDriveText.Disabled)
                                        ^
core/designsystem/src/main/kotlin/com/autodrive/app/core/designsystem/components/data/DataComponents.kt:122:70: error: unresolved reference: MaterialTheme
            if (supportingText != null) Text(supportingText, style = MaterialTheme.typography.bodySmall, color = if (enabled) AutoDriveText.Secondary else AutoDriveText.Disabled)
                                                                     ^
core/designsystem/src/main/kotlin/com/autodrive/app/core/designsystem/components/data/DataComponents.kt:128:2: error: unresolved reference: Composable
@Composable
 ^
core/designsystem/src/main/kotlin/com/autodrive/app/core/designsystem/components/data/DataComponents.kt:131:15: error: unresolved reference: Modifier
    modifier: Modifier = Modifier,
              ^
core/designsystem/src/main/kotlin/com/autodrive/app/core/designsystem/components/data/DataComponents.kt:131:26: error: unresolved reference: Modifier
    modifier: Modifier = Modifier,
                         ^
core/designsystem/src/main/kotlin/com/autodrive/app/core/designsystem/components/data/DataComponents.kt:133:15: error: unresolved reference: Composable
    action: (@Composable () -> Unit)? = null,
              ^
core/designsystem/src/main/kotlin/com/autodrive/app/core/designsystem/components/data/DataComponents.kt:135:5: error: unresolved reference: Row
    Row(modifier.fillMaxWidth().heightIn(min = 40.dp), verticalAlignment = Alignment.CenterVertically) {
    ^
core/designsystem/src/main/kotlin/com/autodrive/app/core/designsystem/components/data/DataComponents.kt:135:51: error: unresolved reference: dp
    Row(modifier.fillMaxWidth().heightIn(min = 40.dp), verticalAlignment = Alignment.CenterVertically) {
                                                  ^
core/designsystem/src/main/kotlin/com/autodrive/app/core/designsystem/components/data/DataComponents.kt:135:76: error: unresolved reference: Alignment
    Row(modifier.fillMaxWidth().heightIn(min = 40.dp), verticalAlignment = Alignment.CenterVertically) {
                                                                           ^
core/designsystem/src/main/kotlin/com/autodrive/app/core/designsystem/components/data/DataComponents.kt:136:9: error: unresolved reference: Column
        Column(Modifier.weight(1f)) {
        ^
core/designsystem/src/main/kotlin/com/autodrive/app/core/designsystem/components/data/DataComponents.kt:136:16: error: unresolved reference: Modifier
        Column(Modifier.weight(1f)) {
               ^
core/designsystem/src/main/kotlin/com/autodrive/app/core/designsystem/components/data/DataComponents.kt:137:13: error: unresolved reference: Text
            Text(title, style = MaterialTheme.typography.titleLarge, color = AutoDriveText.Primary, modifier = Modifier.semantics { heading() })
            ^
core/designsystem/src/main/kotlin/com/autodrive/app/core/designsystem/components/data/DataComponents.kt:137:33: error: unresolved reference: MaterialTheme
            Text(title, style = MaterialTheme.typography.titleLarge, color = AutoDriveText.Primary, modifier = Modifier.semantics { heading() })
                                ^
core/designsystem/src/main/kotlin/com/autodrive/app/core/designsystem/components/data/DataComponents.kt:137:112: error: unresolved reference: Modifier
            Text(title, style = MaterialTheme.typography.titleLarge, color = AutoDriveText.Primary, modifier = Modifier.semantics { heading() })
                                                                                                               ^
core/designsystem/src/main/kotlin/com/autodrive/app/core/designsystem/components/data/DataComponents.kt:137:133: error: unresolved reference: heading
            Text(title, style = MaterialTheme.typography.titleLarge, color = AutoDriveText.Primary, modifier = Modifier.semantics { heading() })
                                                                                                                                    ^
core/designsystem/src/main/kotlin/com/autodrive/app/core/designsystem/components/data/DataComponents.kt:138:35: error: unresolved reference: Text
            if (subtitle != null) Text(subtitle, style = MaterialTheme.typography.bodySmall, color = AutoDriveText.Secondary)
                                  ^
core/designsystem/src/main/kotlin/com/autodrive/app/core/designsystem/components/data/DataComponents.kt:138:58: error: unresolved reference: MaterialTheme
            if (subtitle != null) Text(subtitle, style = MaterialTheme.typography.bodySmall, color = AutoDriveText.Secondary)
                                                         ^
core/designsystem/src/main/kotlin/com/autodrive/app/core/designsystem/components/data/DataComponents.kt:144:2: error: unresolved reference: Composable
@Composable
 ^
core/designsystem/src/main/kotlin/com/autodrive/app/core/designsystem/components/data/DataComponents.kt:145:32: error: unresolved reference: Modifier
fun AutoDriveDivider(modifier: Modifier = Modifier) {
                               ^
core/designsystem/src/main/kotlin/com/autodrive/app/core/designsystem/components/data/DataComponents.kt:145:43: error: unresolved reference: Modifier
fun AutoDriveDivider(modifier: Modifier = Modifier) {
                                          ^
core/designsystem/src/main/kotlin/com/autodrive/app/core/designsystem/components/data/DataComponents.kt:146:5: error: unresolved reference: Box
    Box(modifier.fillMaxWidth().height(AutoDriveBorder.Thin).background(AutoDriveBorderColor.Default))
    ^
core/designsystem/src/main/kotlin/com/autodrive/app/core/designsystem/components/data/DataComponents.kt:149:2: error: unresolved reference: Composable
@Composable
 ^
core/designsystem/src/main/kotlin/com/autodrive/app/core/designsystem/components/data/DataComponents.kt:152:15: error: unresolved reference: Modifier
    modifier: Modifier = Modifier,
              ^
core/designsystem/src/main/kotlin/com/autodrive/app/core/designsystem/components/data/DataComponents.kt:152:26: error: unresolved reference: Modifier
    modifier: Modifier = Modifier,
                         ^
core/designsystem/src/main/kotlin/com/autodrive/app/core/designsystem/components/data/DataComponents.kt:158:36: error: unresolved reference: MaterialTheme
        AutoDriveStatSize.Small -> MaterialTheme.typography.displaySmall
                                   ^
core/designsystem/src/main/kotlin/com/autodrive/app/core/designsystem/components/data/DataComponents.kt:159:37: error: unresolved reference: MaterialTheme
        AutoDriveStatSize.Medium -> MaterialTheme.typography.displayMedium
                                    ^
core/designsystem/src/main/kotlin/com/autodrive/app/core/designsystem/components/data/DataComponents.kt:160:36: error: unresolved reference: MaterialTheme
        AutoDriveStatSize.Large -> MaterialTheme.typography.displayLarge
                                   ^
core/designsystem/src/main/kotlin/com/autodrive/app/core/designsystem/components/data/DataComponents.kt:164:5: error: unresolved reference: Row
    Row(modifier = modifier, verticalAlignment = Alignment.Bottom, horizontalArrangement = Arrangement.spacedBy(AutoDriveSpace.SM)) {
    ^
core/designsystem/src/main/kotlin/com/autodrive/app/core/designsystem/components/data/DataComponents.kt:164:50: error: unresolved reference: Alignment
    Row(modifier = modifier, verticalAlignment = Alignment.Bottom, horizontalArrangement = Arrangement.spacedBy(AutoDriveSpace.SM)) {
                                                 ^
core/designsystem/src/main/kotlin/com/autodrive/app/core/designsystem/components/data/DataComponents.kt:164:92: error: unresolved reference: Arrangement
    Row(modifier = modifier, verticalAlignment = Alignment.Bottom, horizontalArrangement = Arrangement.spacedBy(AutoDriveSpace.SM)) {
                                                                                           ^
core/designsystem/src/main/kotlin/com/autodrive/app/core/designsystem/components/data/DataComponents.kt:165:9: error: unresolved reference: CompositionLocalProvider
        CompositionLocalProvider(LocalLayoutDirection provides LayoutDirection.Ltr) {
        ^
core/designsystem/src/main/kotlin/com/autodrive/app/core/designsystem/components/data/DataComponents.kt:165:34: error: unresolved reference: LocalLayoutDirection
        CompositionLocalProvider(LocalLayoutDirection provides LayoutDirection.Ltr) {
                                 ^
core/designsystem/src/main/kotlin/com/autodrive/app/core/designsystem/components/data/DataComponents.kt:165:64: error: unresolved reference: LayoutDirection
        CompositionLocalProvider(LocalLayoutDirection provides LayoutDirection.Ltr) {
                                                               ^
core/designsystem/src/main/kotlin/com/autodrive/app/core/designsystem/components/data/DataComponents.kt:166:13: error: unresolved reference: Text
            Text(value, style = style, color = color)
            ^
core/designsystem/src/main/kotlin/com/autodrive/app/core/designsystem/components/data/DataComponents.kt:168:27: error: unresolved reference: Text
        if (unit != null) Text(unit, style = MaterialTheme.typography.bodyMedium, color = AutoDriveText.Secondary)
                          ^
core/designsystem/src/main/kotlin/com/autodrive/app/core/designsystem/components/data/DataComponents.kt:168:46: error: unresolved reference: MaterialTheme
        if (unit != null) Text(unit, style = MaterialTheme.typography.bodyMedium, color = AutoDriveText.Secondary)
                                             ^
core/designsystem/src/main/kotlin/com/autodrive/app/core/designsystem/components/data/DataComponents.kt:172:2: error: unresolved reference: Composable
@Composable
 ^
core/designsystem/src/main/kotlin/com/autodrive/app/core/designsystem/components/data/DataComponents.kt:176:15: error: unresolved reference: Modifier
    modifier: Modifier = Modifier,
              ^
core/designsystem/src/main/kotlin/com/autodrive/app/core/designsystem/components/data/DataComponents.kt:176:26: error: unresolved reference: Modifier
    modifier: Modifier = Modifier,
                         ^
core/designsystem/src/main/kotlin/com/autodrive/app/core/designsystem/components/data/DataComponents.kt:178:5: error: unresolved reference: Box
    Box(
    ^
core/designsystem/src/main/kotlin/com/autodrive/app/core/designsystem/components/data/DataComponents.kt:179:41: error: 'this' is not defined in this context
        modifier = modifier.semantics { this.contentDescription = contentDescription }.size(8.dp).clip(CircleShape).background(tone.color()),
                                        ^
core/designsystem/src/main/kotlin/com/autodrive/app/core/designsystem/components/data/DataComponents.kt:179:46: error: variable expected
        modifier = modifier.semantics { this.contentDescription = contentDescription }.size(8.dp).clip(CircleShape).background(tone.color()),
                                             ^
core/designsystem/src/main/kotlin/com/autodrive/app/core/designsystem/components/data/DataComponents.kt:179:95: error: unresolved reference: dp
        modifier = modifier.semantics { this.contentDescription = contentDescription }.size(8.dp).clip(CircleShape).background(tone.color()),
                                                                                              ^
core/designsystem/src/main/kotlin/com/autodrive/app/core/designsystem/components/data/DataComponents.kt:179:104: error: unresolved reference: CircleShape
        modifier = modifier.semantics { this.contentDescription = contentDescription }.size(8.dp).clip(CircleShape).background(tone.color()),
                                                                                                       ^
core/designsystem/src/main/kotlin/com/autodrive/app/core/designsystem/components/data/DataComponents.kt:183:2: error: unresolved reference: Composable
@Composable
 ^
core/designsystem/src/main/kotlin/com/autodrive/app/core/designsystem/components/data/DataComponents.kt:187:15: error: unresolved reference: Modifier
    modifier: Modifier = Modifier,
              ^
core/designsystem/src/main/kotlin/com/autodrive/app/core/designsystem/components/data/DataComponents.kt:187:26: error: unresolved reference: Modifier
    modifier: Modifier = Modifier,
                         ^
core/designsystem/src/main/kotlin/com/autodrive/app/core/designsystem/components/data/DataComponents.kt:191:5: error: unresolved reference: Row
    Row(
    ^
core/designsystem/src/main/kotlin/com/autodrive/app/core/designsystem/components/data/DataComponents.kt:193:13: error: unresolved reference: stateDescription
            stateDescription = "?????? $stepNumber ?? $safeTotal"
            ^
core/designsystem/src/main/kotlin/com/autodrive/app/core/designsystem/components/data/DataComponents.kt:194:13: error: unresolved reference: progressBarRangeInfo
            progressBarRangeInfo = ProgressBarRangeInfo(
            ^
core/designsystem/src/main/kotlin/com/autodrive/app/core/designsystem/components/data/DataComponents.kt:194:36: error: unresolved reference: ProgressBarRangeInfo
            progressBarRangeInfo = ProgressBarRangeInfo(
                                   ^
core/designsystem/src/main/kotlin/com/autodrive/app/core/designsystem/components/data/DataComponents.kt:200:33: error: unresolved reference: Arrangement
        horizontalArrangement = Arrangement.spacedBy(AutoDriveSpace.SM),
                                ^
core/designsystem/src/main/kotlin/com/autodrive/app/core/designsystem/components/data/DataComponents.kt:205:26: error: unresolved reference: animateDpAsState
            val width by animateDpAsState(if (active) 32.dp else 8.dp, AutoDriveMotion.emphasized(), label = "step_width")
                         ^
core/designsystem/src/main/kotlin/com/autodrive/app/core/designsystem/components/data/DataComponents.kt:205:58: error: unresolved reference: dp
            val width by animateDpAsState(if (active) 32.dp else 8.dp, AutoDriveMotion.emphasized(), label = "step_width")
                                                         ^
core/designsystem/src/main/kotlin/com/autodrive/app/core/designsystem/components/data/DataComponents.kt:205:68: error: unresolved reference: dp
            val width by animateDpAsState(if (active) 32.dp else 8.dp, AutoDriveMotion.emphasized(), label = "step_width")
                                                                   ^
core/designsystem/src/main/kotlin/com/autodrive/app/core/designsystem/components/data/DataComponents.kt:205:88: error: not enough information to infer type variable T
            val width by animateDpAsState(if (active) 32.dp else 8.dp, AutoDriveMotion.emphasized(), label = "step_width")
                                                                                       ^
core/designsystem/src/main/kotlin/com/autodrive/app/core/designsystem/components/data/DataComponents.kt:206:13: error: unresolved reference: Box
            Box(
            ^
core/designsystem/src/main/kotlin/com/autodrive/app/core/designsystem/components/data/DataComponents.kt:207:17: error: unresolved reference: Modifier
                Modifier
                ^
core/designsystem/src/main/kotlin/com/autodrive/app/core/designsystem/components/data/DataComponents.kt:209:31: error: unresolved reference: dp
                    .height(8.dp)
                              ^
core/designsystem/src/main/kotlin/com/autodrive/app/core/designsystem/components/data/DataComponents.kt:236:2: error: unresolved reference: Composable
@Composable
 ^
core/designsystem/src/main/kotlin/com/autodrive/app/core/designsystem/components/data/DataComponents.kt:237:45: error: unresolved reference: Color
private fun SegmentDigit(digit: Int, color: Color, width: Dp, height: Dp) {
                                            ^
core/designsystem/src/main/kotlin/com/autodrive/app/core/designsystem/components/data/DataComponents.kt:237:59: error: unresolved reference: Dp
private fun SegmentDigit(digit: Int, color: Color, width: Dp, height: Dp) {
                                                          ^
core/designsystem/src/main/kotlin/com/autodrive/app/core/designsystem/components/data/DataComponents.kt:237:71: error: unresolved reference: Dp
private fun SegmentDigit(digit: Int, color: Color, width: Dp, height: Dp) {
                                                                      ^
core/designsystem/src/main/kotlin/com/autodrive/app/core/designsystem/components/data/DataComponents.kt:240:5: error: unresolved reference: Canvas
    Canvas(Modifier.size(width, height)) {
    ^
core/designsystem/src/main/kotlin/com/autodrive/app/core/designsystem/components/data/DataComponents.kt:240:12: error: unresolved reference: Modifier
    Canvas(Modifier.size(width, height)) {
           ^
core/designsystem/src/main/kotlin/com/autodrive/app/core/designsystem/components/data/DataComponents.kt:241:25: error: unresolved reference: size
        val thickness = size.width * 0.17f
                        ^
core/designsystem/src/main/kotlin/com/autodrive/app/core/designsystem/components/data/DataComponents.kt:242:17: error: unresolved reference: size
        val w = size.width - thickness
                ^
core/designsystem/src/main/kotlin/com/autodrive/app/core/designsystem/components/data/DataComponents.kt:243:17: error: unresolved reference: size
        val h = size.height - thickness
                ^
core/designsystem/src/main/kotlin/com/autodrive/app/core/designsystem/components/data/DataComponents.kt:247:49: error: unresolved reference: drawLine
        fun horizontal(y: Float, on: Boolean) = drawLine(if (on) color else inactive, Offset(ox + gap, oy + y), Offset(ox + w - gap, oy + y), thickness, StrokeCap.Round)
                                                ^
core/designsystem/src/main/kotlin/com/autodrive/app/core/designsystem/components/data/DataComponents.kt:247:87: error: unresolved reference: Offset
        fun horizontal(y: Float, on: Boolean) = drawLine(if (on) color else inactive, Offset(ox + gap, oy + y), Offset(ox + w - gap, oy + y), thickness, StrokeCap.Round)
                                                                                      ^
core/designsystem/src/main/kotlin/com/autodrive/app/core/designsystem/components/data/DataComponents.kt:247:113: error: unresolved reference: Offset
        fun horizontal(y: Float, on: Boolean) = drawLine(if (on) color else inactive, Offset(ox + gap, oy + y), Offset(ox + w - gap, oy + y), thickness, StrokeCap.Round)
                                                                                                                ^
core/designsystem/src/main/kotlin/com/autodrive/app/core/designsystem/components/data/DataComponents.kt:247:154: error: unresolved reference: StrokeCap
        fun horizontal(y: Float, on: Boolean) = drawLine(if (on) color else inactive, Offset(ox + gap, oy + y), Offset(ox + w - gap, oy + y), thickness, StrokeCap.Round)
                                                                                                                                                         ^
core/designsystem/src/main/kotlin/com/autodrive/app/core/designsystem/components/data/DataComponents.kt:248:69: error: unresolved reference: drawLine
        fun vertical(x: Float, y1: Float, y2: Float, on: Boolean) = drawLine(if (on) color else inactive, Offset(ox + x, oy + y1 + gap), Offset(ox + x, oy + y2 - gap), thickness, StrokeCap.Round)
                                                                    ^
core/designsystem/src/main/kotlin/com/autodrive/app/core/designsystem/components/data/DataComponents.kt:248:107: error: unresolved reference: Offset
        fun vertical(x: Float, y1: Float, y2: Float, on: Boolean) = drawLine(if (on) color else inactive, Offset(ox + x, oy + y1 + gap), Offset(ox + x, oy + y2 - gap), thickness, StrokeCap.Round)
                                                                                                          ^
core/designsystem/src/main/kotlin/com/autodrive/app/core/designsystem/components/data/DataComponents.kt:248:138: error: unresolved reference: Offset
        fun vertical(x: Float, y1: Float, y2: Float, on: Boolean) = drawLine(if (on) color else inactive, Offset(ox + x, oy + y1 + gap), Offset(ox + x, oy + y2 - gap), thickness, StrokeCap.Round)
                                                                                                                                         ^
core/designsystem/src/main/kotlin/com/autodrive/app/core/designsystem/components/data/DataComponents.kt:248:180: error: unresolved reference: StrokeCap
        fun vertical(x: Float, y1: Float, y2: Float, on: Boolean) = drawLine(if (on) color else inactive, Offset(ox + x, oy + y1 + gap), Offset(ox + x, oy + y2 - gap), thickness, StrokeCap.Round)
                                                                                                                                                                                   ^
core/designsystem/src/main/kotlin/com/autodrive/app/core/designsystem/components/data/DataComponents.kt:255:2: error: unresolved reference: Composable
@Composable
 ^
core/designsystem/src/main/kotlin/com/autodrive/app/core/designsystem/components/data/DataComponents.kt:259:15: error: unresolved reference: Modifier
    modifier: Modifier = Modifier,
              ^
core/designsystem/src/main/kotlin/com/autodrive/app/core/designsystem/components/data/DataComponents.kt:259:26: error: unresolved reference: Modifier
    modifier: Modifier = Modifier,
                         ^
core/designsystem/src/main/kotlin/com/autodrive/app/core/designsystem/components/data/DataComponents.kt:270:5: error: unresolved reference: CompositionLocalProvider
    CompositionLocalProvider(LocalLayoutDirection provides LayoutDirection.Ltr) {
    ^
core/designsystem/src/main/kotlin/com/autodrive/app/core/designsystem/components/data/DataComponents.kt:270:30: error: unresolved reference: LocalLayoutDirection
    CompositionLocalProvider(LocalLayoutDirection provides LayoutDirection.Ltr) {
                             ^
core/designsystem/src/main/kotlin/com/autodrive/app/core/designsystem/components/data/DataComponents.kt:270:60: error: unresolved reference: LayoutDirection
    CompositionLocalProvider(LocalLayoutDirection provides LayoutDirection.Ltr) {
                                                           ^
core/designsystem/src/main/kotlin/com/autodrive/app/core/designsystem/components/data/DataComponents.kt:271:9: error: unresolved reference: Row
        Row(
        ^
core/designsystem/src/main/kotlin/com/autodrive/app/core/designsystem/components/data/DataComponents.kt:272:34: error: unresolved reference: contentDescription
            modifier.semantics { contentDescription = text },
                                 ^
core/designsystem/src/main/kotlin/com/autodrive/app/core/designsystem/components/data/DataComponents.kt:273:33: error: unresolved reference: Alignment
            verticalAlignment = Alignment.Bottom,
                                ^
core/designsystem/src/main/kotlin/com/autodrive/app/core/designsystem/components/data/DataComponents.kt:274:37: error: unresolved reference: Arrangement
            horizontalArrangement = Arrangement.spacedBy(2.dp),
                                    ^
core/designsystem/src/main/kotlin/com/autodrive/app/core/designsystem/components/data/DataComponents.kt:274:60: error: unresolved reference: dp
            horizontalArrangement = Arrangement.spacedBy(2.dp),
                                                           ^
core/designsystem/src/main/kotlin/com/autodrive/app/core/designsystem/components/data/DataComponents.kt:278:77: error: unresolved reference: dp
                    ch.isDigit() -> SegmentDigit(ch.digitToInt(), color, 20.dp, 36.dp)
                                                                            ^
core/designsystem/src/main/kotlin/com/autodrive/app/core/designsystem/components/data/DataComponents.kt:278:84: error: unresolved reference: dp
                    ch.isDigit() -> SegmentDigit(ch.digitToInt(), color, 20.dp, 36.dp)
                                                                                   ^
core/designsystem/src/main/kotlin/com/autodrive/app/core/designsystem/components/data/DataComponents.kt:279:47: error: unresolved reference: Canvas
                    ch == '.' || ch == ',' -> Canvas(Modifier.size(8.dp, 36.dp)) {
                                              ^
core/designsystem/src/main/kotlin/com/autodrive/app/core/designsystem/components/data/DataComponents.kt:279:54: error: unresolved reference: Modifier
                    ch == '.' || ch == ',' -> Canvas(Modifier.size(8.dp, 36.dp)) {
                                                     ^
core/designsystem/src/main/kotlin/com/autodrive/app/core/designsystem/components/data/DataComponents.kt:279:70: error: unresolved reference: dp
                    ch == '.' || ch == ',' -> Canvas(Modifier.size(8.dp, 36.dp)) {
                                                                     ^
core/designsystem/src/main/kotlin/com/autodrive/app/core/designsystem/components/data/DataComponents.kt:279:77: error: unresolved reference: dp
                    ch == '.' || ch == ',' -> Canvas(Modifier.size(8.dp, 36.dp)) {
                                                                            ^
core/designsystem/src/main/kotlin/com/autodrive/app/core/designsystem/components/data/DataComponents.kt:280:25: error: unresolved reference: drawCircle
                        drawCircle(color, radius = size.width * 0.25f, center = Offset(size.width / 2f, size.height - size.width * 0.35f))
                        ^
core/designsystem/src/main/kotlin/com/autodrive/app/core/designsystem/components/data/DataComponents.kt:280:52: error: unresolved reference: size
                        drawCircle(color, radius = size.width * 0.25f, center = Offset(size.width / 2f, size.height - size.width * 0.35f))
                                                   ^
core/designsystem/src/main/kotlin/com/autodrive/app/core/designsystem/components/data/DataComponents.kt:280:81: error: unresolved reference: Offset
                        drawCircle(color, radius = size.width * 0.25f, center = Offset(size.width / 2f, size.height - size.width * 0.35f))
                                                                                ^
core/designsystem/src/main/kotlin/com/autodrive/app/core/designsystem/components/data/DataComponents.kt:280:88: error: unresolved reference: size
                        drawCircle(color, radius = size.width * 0.25f, center = Offset(size.width / 2f, size.height - size.width * 0.35f))
                                                                                       ^
core/designsystem/src/main/kotlin/com/autodrive/app/core/designsystem/components/data/DataComponents.kt:280:105: error: unresolved reference: size
                        drawCircle(color, radius = size.width * 0.25f, center = Offset(size.width / 2f, size.height - size.width * 0.35f))
                                                                                                        ^
core/designsystem/src/main/kotlin/com/autodrive/app/core/designsystem/components/data/DataComponents.kt:280:119: error: unresolved reference: size
                        drawCircle(color, radius = size.width * 0.25f, center = Offset(size.width / 2f, size.height - size.width * 0.35f))
                                                                                                                      ^
core/designsystem/src/main/kotlin/com/autodrive/app/core/designsystem/components/data/DataComponents.kt:282:34: error: unresolved reference: Spacer
                    ch == ' ' -> Spacer(Modifier.width(AutoDriveSpace.SM))
                                 ^
core/designsystem/src/main/kotlin/com/autodrive/app/core/designsystem/components/data/DataComponents.kt:282:41: error: unresolved reference: Modifier
                    ch == ' ' -> Spacer(Modifier.width(AutoDriveSpace.SM))
                                        ^
core/designsystem/src/main/kotlin/com/autodrive/app/core/designsystem/components/data/DataComponents.kt:289:2: error: unresolved reference: Preview
@Preview(showBackground = true, backgroundColor = 0xFF08090C)
 ^
core/designsystem/src/main/kotlin/com/autodrive/app/core/designsystem/components/data/DataComponents.kt:290:2: error: unresolved reference: Composable
@Composable
 ^
core/designsystem/src/main/kotlin/com/autodrive/app/core/designsystem/components/data/DataComponents.kt:292:5: error: unresolved reference: Column
    Column(verticalArrangement = Arrangement.spacedBy(AutoDriveSpace.LG)) {
    ^
core/designsystem/src/main/kotlin/com/autodrive/app/core/designsystem/components/data/DataComponents.kt:292:34: error: unresolved reference: Arrangement
    Column(verticalArrangement = Arrangement.spacedBy(AutoDriveSpace.LG)) {
                                 ^
core/designsystem/src/main/kotlin/com/autodrive/app/core/designsystem/components/feedback/FeedbackComponents.kt:3:8: error: unresolved reference: androidx
import androidx.compose.foundation.BorderStroke
       ^
core/designsystem/src/main/kotlin/com/autodrive/app/core/designsystem/components/feedback/FeedbackComponents.kt:4:8: error: unresolved reference: androidx
import androidx.compose.foundation.layout.Arrangement
       ^
core/designsystem/src/main/kotlin/com/autodrive/app/core/designsystem/components/feedback/FeedbackComponents.kt:5:8: error: unresolved reference: androidx
import androidx.compose.foundation.layout.Box
       ^
core/designsystem/src/main/kotlin/com/autodrive/app/core/designsystem/components/feedback/FeedbackComponents.kt:6:8: error: unresolved reference: androidx
import androidx.compose.foundation.layout.Column
       ^
core/designsystem/src/main/kotlin/com/autodrive/app/core/designsystem/components/feedback/FeedbackComponents.kt:7:8: error: unresolved reference: androidx
import androidx.compose.foundation.layout.Row
       ^
core/designsystem/src/main/kotlin/com/autodrive/app/core/designsystem/components/feedback/FeedbackComponents.kt:8:8: error: unresolved reference: androidx
import androidx.compose.foundation.layout.RowScope
       ^
core/designsystem/src/main/kotlin/com/autodrive/app/core/designsystem/components/feedback/FeedbackComponents.kt:9:8: error: unresolved reference: androidx
import androidx.compose.foundation.layout.defaultMinSize
       ^
core/designsystem/src/main/kotlin/com/autodrive/app/core/designsystem/components/feedback/FeedbackComponents.kt:10:8: error: unresolved reference: androidx
import androidx.compose.foundation.layout.fillMaxWidth
       ^
core/designsystem/src/main/kotlin/com/autodrive/app/core/designsystem/components/feedback/FeedbackComponents.kt:11:8: error: unresolved reference: androidx
import androidx.compose.foundation.layout.height
       ^
core/designsystem/src/main/kotlin/com/autodrive/app/core/designsystem/components/feedback/FeedbackComponents.kt:12:8: error: unresolved reference: androidx
import androidx.compose.foundation.layout.padding
       ^
core/designsystem/src/main/kotlin/com/autodrive/app/core/designsystem/components/feedback/FeedbackComponents.kt:13:8: error: unresolved reference: androidx
import androidx.compose.foundation.layout.size
       ^
core/designsystem/src/main/kotlin/com/autodrive/app/core/designsystem/components/feedback/FeedbackComponents.kt:14:8: error: unresolved reference: androidx
import androidx.compose.foundation.layout.widthIn
       ^
core/designsystem/src/main/kotlin/com/autodrive/app/core/designsystem/components/feedback/FeedbackComponents.kt:15:8: error: unresolved reference: androidx
import androidx.compose.foundation.shape.CircleShape
       ^
core/designsystem/src/main/kotlin/com/autodrive/app/core/designsystem/components/feedback/FeedbackComponents.kt:16:8: error: unresolved reference: androidx
import androidx.compose.material.icons.Icons
       ^
core/designsystem/src/main/kotlin/com/autodrive/app/core/designsystem/components/feedback/FeedbackComponents.kt:17:8: error: unresolved reference: androidx
import androidx.compose.material.icons.rounded.Inbox
       ^
core/designsystem/src/main/kotlin/com/autodrive/app/core/designsystem/components/feedback/FeedbackComponents.kt:18:8: error: unresolved reference: androidx
import androidx.compose.material3.CircularProgressIndicator
       ^
core/designsystem/src/main/kotlin/com/autodrive/app/core/designsystem/components/feedback/FeedbackComponents.kt:19:8: error: unresolved reference: androidx
import androidx.compose.material3.ExperimentalMaterial3Api
       ^
core/designsystem/src/main/kotlin/com/autodrive/app/core/designsystem/components/feedback/FeedbackComponents.kt:20:8: error: unresolved reference: androidx
import androidx.compose.material3.Icon
       ^
core/designsystem/src/main/kotlin/com/autodrive/app/core/designsystem/components/feedback/FeedbackComponents.kt:21:8: error: unresolved reference: androidx
import androidx.compose.material3.MaterialTheme
       ^
core/designsystem/src/main/kotlin/com/autodrive/app/core/designsystem/components/feedback/FeedbackComponents.kt:22:8: error: unresolved reference: androidx
import androidx.compose.material3.ModalBottomSheet
       ^
core/designsystem/src/main/kotlin/com/autodrive/app/core/designsystem/components/feedback/FeedbackComponents.kt:23:8: error: unresolved reference: androidx
import androidx.compose.material3.Surface
       ^
core/designsystem/src/main/kotlin/com/autodrive/app/core/designsystem/components/feedback/FeedbackComponents.kt:24:8: error: unresolved reference: androidx
import androidx.compose.material3.Text
       ^
core/designsystem/src/main/kotlin/com/autodrive/app/core/designsystem/components/feedback/FeedbackComponents.kt:25:8: error: unresolved reference: androidx
import androidx.compose.runtime.Composable
       ^
core/designsystem/src/main/kotlin/com/autodrive/app/core/designsystem/components/feedback/FeedbackComponents.kt:26:8: error: unresolved reference: androidx
import androidx.compose.ui.Alignment
       ^
core/designsystem/src/main/kotlin/com/autodrive/app/core/designsystem/components/feedback/FeedbackComponents.kt:27:8: error: unresolved reference: androidx
import androidx.compose.ui.Modifier
       ^
core/designsystem/src/main/kotlin/com/autodrive/app/core/designsystem/components/feedback/FeedbackComponents.kt:28:8: error: unresolved reference: androidx
import androidx.compose.ui.graphics.vector.ImageVector
       ^
core/designsystem/src/main/kotlin/com/autodrive/app/core/designsystem/components/feedback/FeedbackComponents.kt:29:8: error: unresolved reference: androidx
import androidx.compose.ui.semantics.clearAndSetSemantics
       ^
core/designsystem/src/main/kotlin/com/autodrive/app/core/designsystem/components/feedback/FeedbackComponents.kt:30:8: error: unresolved reference: androidx
import androidx.compose.ui.semantics.heading
       ^
core/designsystem/src/main/kotlin/com/autodrive/app/core/designsystem/components/feedback/FeedbackComponents.kt:31:8: error: unresolved reference: androidx
import androidx.compose.ui.semantics.semantics
       ^
core/designsystem/src/main/kotlin/com/autodrive/app/core/designsystem/components/feedback/FeedbackComponents.kt:32:8: error: unresolved reference: androidx
import androidx.compose.ui.text.style.TextAlign
       ^
core/designsystem/src/main/kotlin/com/autodrive/app/core/designsystem/components/feedback/FeedbackComponents.kt:33:8: error: unresolved reference: androidx
import androidx.compose.ui.tooling.preview.Preview
       ^
core/designsystem/src/main/kotlin/com/autodrive/app/core/designsystem/components/feedback/FeedbackComponents.kt:34:8: error: unresolved reference: androidx
import androidx.compose.ui.unit.dp
       ^
core/designsystem/src/main/kotlin/com/autodrive/app/core/designsystem/components/feedback/FeedbackComponents.kt:35:8: error: unresolved reference: androidx
import androidx.compose.ui.window.Dialog
       ^
core/designsystem/src/main/kotlin/com/autodrive/app/core/designsystem/components/feedback/FeedbackComponents.kt:52:2: error: unresolved reference: Composable
@Composable
 ^
core/designsystem/src/main/kotlin/com/autodrive/app/core/designsystem/components/feedback/FeedbackComponents.kt:54:15: error: unresolved reference: Modifier
    modifier: Modifier = Modifier,
              ^
core/designsystem/src/main/kotlin/com/autodrive/app/core/designsystem/components/feedback/FeedbackComponents.kt:54:26: error: unresolved reference: Modifier
    modifier: Modifier = Modifier,
                         ^
core/designsystem/src/main/kotlin/com/autodrive/app/core/designsystem/components/feedback/FeedbackComponents.kt:58:9: error: unresolved reference: Box
        Box(modifier = modifier.size(8.dp).clearAndSetSemantics { }) {
        ^
core/designsystem/src/main/kotlin/com/autodrive/app/core/designsystem/components/feedback/FeedbackComponents.kt:58:40: error: unresolved reference: dp
        Box(modifier = modifier.size(8.dp).clearAndSetSemantics { }) {
                                       ^
core/designsystem/src/main/kotlin/com/autodrive/app/core/designsystem/components/feedback/FeedbackComponents.kt:59:13: error: unresolved reference: Surface
            Surface(modifier = Modifier.matchParentSize(), color = AutoDriveBrand.Primary, shape = CircleShape) {}
            ^
core/designsystem/src/main/kotlin/com/autodrive/app/core/designsystem/components/feedback/FeedbackComponents.kt:59:32: error: unresolved reference: Modifier
            Surface(modifier = Modifier.matchParentSize(), color = AutoDriveBrand.Primary, shape = CircleShape) {}
                               ^
core/designsystem/src/main/kotlin/com/autodrive/app/core/designsystem/components/feedback/FeedbackComponents.kt:59:100: error: unresolved reference: CircleShape
            Surface(modifier = Modifier.matchParentSize(), color = AutoDriveBrand.Primary, shape = CircleShape) {}
                                                                                                   ^
core/designsystem/src/main/kotlin/com/autodrive/app/core/designsystem/components/feedback/FeedbackComponents.kt:62:9: error: unresolved reference: Surface
        Surface(
        ^
core/designsystem/src/main/kotlin/com/autodrive/app/core/designsystem/components/feedback/FeedbackComponents.kt:66:62: error: unresolved reference: dp
            modifier = modifier.defaultMinSize(minWidth = 18.dp, minHeight = 18.dp).clearAndSetSemantics { },
                                                             ^
core/designsystem/src/main/kotlin/com/autodrive/app/core/designsystem/components/feedback/FeedbackComponents.kt:66:81: error: unresolved reference: dp
            modifier = modifier.defaultMinSize(minWidth = 18.dp, minHeight = 18.dp).clearAndSetSemantics { },
                                                                                ^
core/designsystem/src/main/kotlin/com/autodrive/app/core/designsystem/components/feedback/FeedbackComponents.kt:68:13: error: unresolved reference: Box
            Box(contentAlignment = Alignment.Center, modifier = Modifier.padding(horizontal = AutoDriveSpace.XS)) {
            ^
core/designsystem/src/main/kotlin/com/autodrive/app/core/designsystem/components/feedback/FeedbackComponents.kt:68:36: error: unresolved reference: Alignment
            Box(contentAlignment = Alignment.Center, modifier = Modifier.padding(horizontal = AutoDriveSpace.XS)) {
                                   ^
core/designsystem/src/main/kotlin/com/autodrive/app/core/designsystem/components/feedback/FeedbackComponents.kt:68:65: error: unresolved reference: Modifier
            Box(contentAlignment = Alignment.Center, modifier = Modifier.padding(horizontal = AutoDriveSpace.XS)) {
                                                                ^
core/designsystem/src/main/kotlin/com/autodrive/app/core/designsystem/components/feedback/FeedbackComponents.kt:69:17: error: unresolved reference: Text
                Text(if (count > 99) "99+" else count.coerceAtLeast(0).toString(), style = MaterialTheme.typography.labelSmall)
                ^
core/designsystem/src/main/kotlin/com/autodrive/app/core/designsystem/components/feedback/FeedbackComponents.kt:69:92: error: unresolved reference: MaterialTheme
                Text(if (count > 99) "99+" else count.coerceAtLeast(0).toString(), style = MaterialTheme.typography.labelSmall)
                                                                                           ^
core/designsystem/src/main/kotlin/com/autodrive/app/core/designsystem/components/feedback/FeedbackComponents.kt:75:2: error: unresolved reference: Composable
@Composable
 ^
core/designsystem/src/main/kotlin/com/autodrive/app/core/designsystem/components/feedback/FeedbackComponents.kt:79:15: error: unresolved reference: Modifier
    modifier: Modifier = Modifier,
              ^
core/designsystem/src/main/kotlin/com/autodrive/app/core/designsystem/components/feedback/FeedbackComponents.kt:79:26: error: unresolved reference: Modifier
    modifier: Modifier = Modifier,
                         ^
core/designsystem/src/main/kotlin/com/autodrive/app/core/designsystem/components/feedback/FeedbackComponents.kt:80:11: error: unresolved reference: ImageVector
    icon: ImageVector? = null,
          ^
core/designsystem/src/main/kotlin/com/autodrive/app/core/designsystem/components/feedback/FeedbackComponents.kt:83:5: error: unresolved reference: Surface
    Surface(
    ^
core/designsystem/src/main/kotlin/com/autodrive/app/core/designsystem/components/feedback/FeedbackComponents.kt:86:18: error: unresolved reference: BorderStroke
        border = BorderStroke(AutoDriveBorder.Thin, if (tone == AutoDriveStatusTone.Neutral) AutoDriveBorderColor.Default else color.copy(alpha = AutoDriveOpacity.Muted)),
                 ^
core/designsystem/src/main/kotlin/com/autodrive/app/core/designsystem/components/feedback/FeedbackComponents.kt:88:39: error: unresolved reference: dp
        modifier = modifier.height(32.dp),
                                      ^
core/designsystem/src/main/kotlin/com/autodrive/app/core/designsystem/components/feedback/FeedbackComponents.kt:90:9: error: unresolved reference: Row
        Row(
        ^
core/designsystem/src/main/kotlin/com/autodrive/app/core/designsystem/components/feedback/FeedbackComponents.kt:91:24: error: unresolved reference: Modifier
            modifier = Modifier.padding(horizontal = AutoDriveSpace.MD),
                       ^
core/designsystem/src/main/kotlin/com/autodrive/app/core/designsystem/components/feedback/FeedbackComponents.kt:92:37: error: unresolved reference: Arrangement
            horizontalArrangement = Arrangement.spacedBy(AutoDriveSpace.XS),
                                    ^
core/designsystem/src/main/kotlin/com/autodrive/app/core/designsystem/components/feedback/FeedbackComponents.kt:93:33: error: unresolved reference: Alignment
            verticalAlignment = Alignment.CenterVertically,
                                ^
core/designsystem/src/main/kotlin/com/autodrive/app/core/designsystem/components/feedback/FeedbackComponents.kt:95:31: error: unresolved reference: Icon
            if (icon != null) Icon(icon, null, Modifier.size(AutoDriveIconSize.XS))
                              ^
core/designsystem/src/main/kotlin/com/autodrive/app/core/designsystem/components/feedback/FeedbackComponents.kt:95:48: error: unresolved reference: Modifier
            if (icon != null) Icon(icon, null, Modifier.size(AutoDriveIconSize.XS))
                                               ^
core/designsystem/src/main/kotlin/com/autodrive/app/core/designsystem/components/feedback/FeedbackComponents.kt:96:13: error: unresolved reference: Text
            Text(text, style = MaterialTheme.typography.labelMedium)
            ^
core/designsystem/src/main/kotlin/com/autodrive/app/core/designsystem/components/feedback/FeedbackComponents.kt:96:32: error: unresolved reference: MaterialTheme
            Text(text, style = MaterialTheme.typography.labelMedium)
                               ^
core/designsystem/src/main/kotlin/com/autodrive/app/core/designsystem/components/feedback/FeedbackComponents.kt:101:2: error: unresolved reference: Composable
@Composable
 ^
core/designsystem/src/main/kotlin/com/autodrive/app/core/designsystem/components/feedback/FeedbackComponents.kt:104:15: error: unresolved reference: Modifier
    modifier: Modifier = Modifier,
              ^
core/designsystem/src/main/kotlin/com/autodrive/app/core/designsystem/components/feedback/FeedbackComponents.kt:104:26: error: unresolved reference: Modifier
    modifier: Modifier = Modifier,
                         ^
core/designsystem/src/main/kotlin/com/autodrive/app/core/designsystem/components/feedback/FeedbackComponents.kt:105:11: error: unresolved reference: ImageVector
    icon: ImageVector? = null,
          ^
core/designsystem/src/main/kotlin/com/autodrive/app/core/designsystem/components/feedback/FeedbackComponents.kt:106:15: error: unresolved reference: Composable
    action: (@Composable () -> Unit)? = null,
              ^
core/designsystem/src/main/kotlin/com/autodrive/app/core/designsystem/components/feedback/FeedbackComponents.kt:108:5: error: unresolved reference: Surface
    Surface(
    ^
core/designsystem/src/main/kotlin/com/autodrive/app/core/designsystem/components/feedback/FeedbackComponents.kt:111:18: error: unresolved reference: BorderStroke
        border = BorderStroke(AutoDriveBorder.Thin, AutoDriveBorderColor.Default),
                 ^
core/designsystem/src/main/kotlin/com/autodrive/app/core/designsystem/components/feedback/FeedbackComponents.kt:112:74: error: unresolved reference: dp
        modifier = modifier.fillMaxWidth().defaultMinSize(minHeight = 56.dp),
                                                                         ^
core/designsystem/src/main/kotlin/com/autodrive/app/core/designsystem/components/feedback/FeedbackComponents.kt:114:9: error: unresolved reference: Row
        Row(
        ^
core/designsystem/src/main/kotlin/com/autodrive/app/core/designsystem/components/feedback/FeedbackComponents.kt:115:24: error: unresolved reference: Modifier
            modifier = Modifier.padding(AutoDriveSpace.LG),
                       ^
core/designsystem/src/main/kotlin/com/autodrive/app/core/designsystem/components/feedback/FeedbackComponents.kt:116:33: error: unresolved reference: Alignment
            verticalAlignment = Alignment.CenterVertically,
                                ^
core/designsystem/src/main/kotlin/com/autodrive/app/core/designsystem/components/feedback/FeedbackComponents.kt:117:37: error: unresolved reference: Arrangement
            horizontalArrangement = Arrangement.spacedBy(AutoDriveSpace.SM),
                                    ^
core/designsystem/src/main/kotlin/com/autodrive/app/core/designsystem/components/feedback/FeedbackComponents.kt:119:31: error: unresolved reference: Icon
            if (icon != null) Icon(icon, null, tint = AutoDriveText.Secondary, modifier = Modifier.size(AutoDriveIconSize.SM))
                              ^
core/designsystem/src/main/kotlin/com/autodrive/app/core/designsystem/components/feedback/FeedbackComponents.kt:119:91: error: unresolved reference: Modifier
            if (icon != null) Icon(icon, null, tint = AutoDriveText.Secondary, modifier = Modifier.size(AutoDriveIconSize.SM))
                                                                                          ^
core/designsystem/src/main/kotlin/com/autodrive/app/core/designsystem/components/feedback/FeedbackComponents.kt:120:13: error: unresolved reference: Text
            Text(message, style = MaterialTheme.typography.bodyMedium, color = AutoDriveText.Primary, modifier = Modifier.weight(1f))
            ^
core/designsystem/src/main/kotlin/com/autodrive/app/core/designsystem/components/feedback/FeedbackComponents.kt:120:35: error: unresolved reference: MaterialTheme
            Text(message, style = MaterialTheme.typography.bodyMedium, color = AutoDriveText.Primary, modifier = Modifier.weight(1f))
                                  ^
core/designsystem/src/main/kotlin/com/autodrive/app/core/designsystem/components/feedback/FeedbackComponents.kt:120:114: error: unresolved reference: Modifier
            Text(message, style = MaterialTheme.typography.bodyMedium, color = AutoDriveText.Primary, modifier = Modifier.weight(1f))
                                                                                                                 ^
core/designsystem/src/main/kotlin/com/autodrive/app/core/designsystem/components/feedback/FeedbackComponents.kt:126:2: error: unresolved reference: Composable
@Composable
 ^
core/designsystem/src/main/kotlin/com/autodrive/app/core/designsystem/components/feedback/FeedbackComponents.kt:130:15: error: unresolved reference: Modifier
    modifier: Modifier = Modifier,
              ^
core/designsystem/src/main/kotlin/com/autodrive/app/core/designsystem/components/feedback/FeedbackComponents.kt:130:26: error: unresolved reference: Modifier
    modifier: Modifier = Modifier,
                         ^
core/designsystem/src/main/kotlin/com/autodrive/app/core/designsystem/components/feedback/FeedbackComponents.kt:133:16: error: unresolved reference: Composable
    content: (@Composable () -> Unit)? = null,
               ^
core/designsystem/src/main/kotlin/com/autodrive/app/core/designsystem/components/feedback/FeedbackComponents.kt:134:15: error: unresolved reference: Composable
    actions: @Composable RowScope.() -> Unit = {},
              ^
core/designsystem/src/main/kotlin/com/autodrive/app/core/designsystem/components/feedback/FeedbackComponents.kt:134:26: error: unresolved reference: RowScope
    actions: @Composable RowScope.() -> Unit = {},
                         ^
core/designsystem/src/main/kotlin/com/autodrive/app/core/designsystem/components/feedback/FeedbackComponents.kt:136:5: error: unresolved reference: Dialog
    Dialog(onDismissRequest = onDismissRequest) {
    ^
core/designsystem/src/main/kotlin/com/autodrive/app/core/designsystem/components/feedback/FeedbackComponents.kt:137:9: error: unresolved reference: Surface
        Surface(
        ^
core/designsystem/src/main/kotlin/com/autodrive/app/core/designsystem/components/feedback/FeedbackComponents.kt:140:22: error: unresolved reference: BorderStroke
            border = BorderStroke(
                     ^
core/designsystem/src/main/kotlin/com/autodrive/app/core/designsystem/components/feedback/FeedbackComponents.kt:145:66: error: unresolved reference: dp
            modifier = modifier.fillMaxWidth().widthIn(max = 360.dp),
                                                                 ^
core/designsystem/src/main/kotlin/com/autodrive/app/core/designsystem/components/feedback/FeedbackComponents.kt:147:13: error: unresolved reference: Column
            Column(
            ^
core/designsystem/src/main/kotlin/com/autodrive/app/core/designsystem/components/feedback/FeedbackComponents.kt:148:28: error: unresolved reference: Modifier
                modifier = Modifier.padding(AutoDriveSpace.X2L),
                           ^
core/designsystem/src/main/kotlin/com/autodrive/app/core/designsystem/components/feedback/FeedbackComponents.kt:149:39: error: unresolved reference: Arrangement
                verticalArrangement = Arrangement.spacedBy(AutoDriveSpace.MD),
                                      ^
core/designsystem/src/main/kotlin/com/autodrive/app/core/designsystem/components/feedback/FeedbackComponents.kt:151:17: error: unresolved reference: Text
                Text(title, style = MaterialTheme.typography.headlineSmall, color = AutoDriveText.Primary, modifier = Modifier.semantics { heading() })
                ^
core/designsystem/src/main/kotlin/com/autodrive/app/core/designsystem/components/feedback/FeedbackComponents.kt:151:37: error: unresolved reference: MaterialTheme
                Text(title, style = MaterialTheme.typography.headlineSmall, color = AutoDriveText.Primary, modifier = Modifier.semantics { heading() })
                                    ^
core/designsystem/src/main/kotlin/com/autodrive/app/core/designsystem/components/feedback/FeedbackComponents.kt:151:119: error: unresolved reference: Modifier
                Text(title, style = MaterialTheme.typography.headlineSmall, color = AutoDriveText.Primary, modifier = Modifier.semantics { heading() })
                                                                                                                      ^
core/designsystem/src/main/kotlin/com/autodrive/app/core/designsystem/components/feedback/FeedbackComponents.kt:151:140: error: unresolved reference: heading
                Text(title, style = MaterialTheme.typography.headlineSmall, color = AutoDriveText.Primary, modifier = Modifier.semantics { heading() })
                                                                                                                                           ^
core/designsystem/src/main/kotlin/com/autodrive/app/core/designsystem/components/feedback/FeedbackComponents.kt:152:35: error: unresolved reference: Text
                if (body != null) Text(body, style = MaterialTheme.typography.bodyMedium, color = AutoDriveText.Secondary)
                                  ^
core/designsystem/src/main/kotlin/com/autodrive/app/core/designsystem/components/feedback/FeedbackComponents.kt:152:54: error: unresolved reference: MaterialTheme
                if (body != null) Text(body, style = MaterialTheme.typography.bodyMedium, color = AutoDriveText.Secondary)
                                                     ^
core/designsystem/src/main/kotlin/com/autodrive/app/core/designsystem/components/feedback/FeedbackComponents.kt:154:17: error: unresolved reference: Row
                Row(
                ^
core/designsystem/src/main/kotlin/com/autodrive/app/core/designsystem/components/feedback/FeedbackComponents.kt:155:32: error: unresolved reference: Modifier
                    modifier = Modifier.fillMaxWidth(),
                               ^
core/designsystem/src/main/kotlin/com/autodrive/app/core/designsystem/components/feedback/FeedbackComponents.kt:156:45: error: unresolved reference: Arrangement
                    horizontalArrangement = Arrangement.spacedBy(AutoDriveSpace.SM, Alignment.End),
                                            ^
core/designsystem/src/main/kotlin/com/autodrive/app/core/designsystem/components/feedback/FeedbackComponents.kt:156:85: error: unresolved reference: Alignment
                    horizontalArrangement = Arrangement.spacedBy(AutoDriveSpace.SM, Alignment.End),
                                                                                    ^
core/designsystem/src/main/kotlin/com/autodrive/app/core/designsystem/components/feedback/FeedbackComponents.kt:164:8: error: unresolved reference: ExperimentalMaterial3Api
@OptIn(ExperimentalMaterial3Api::class)
       ^
core/designsystem/src/main/kotlin/com/autodrive/app/core/designsystem/components/feedback/FeedbackComponents.kt:164:8: error: an annotation argument must be a compile-time constant
@OptIn(ExperimentalMaterial3Api::class)
       ^
core/designsystem/src/main/kotlin/com/autodrive/app/core/designsystem/components/feedback/FeedbackComponents.kt:165:2: error: unresolved reference: Composable
@Composable
 ^
core/designsystem/src/main/kotlin/com/autodrive/app/core/designsystem/components/feedback/FeedbackComponents.kt:169:15: error: unresolved reference: Modifier
    modifier: Modifier = Modifier,
              ^
core/designsystem/src/main/kotlin/com/autodrive/app/core/designsystem/components/feedback/FeedbackComponents.kt:169:26: error: unresolved reference: Modifier
    modifier: Modifier = Modifier,
                         ^
core/designsystem/src/main/kotlin/com/autodrive/app/core/designsystem/components/feedback/FeedbackComponents.kt:171:15: error: unresolved reference: Composable
    content: @Composable () -> Unit,
              ^
core/designsystem/src/main/kotlin/com/autodrive/app/core/designsystem/components/feedback/FeedbackComponents.kt:173:22: error: unresolved reference: androidx
    val sheetState = androidx.compose.material3.rememberModalBottomSheetState(skipPartiallyExpanded = skipPartiallyExpanded)
                     ^
core/designsystem/src/main/kotlin/com/autodrive/app/core/designsystem/components/feedback/FeedbackComponents.kt:174:5: error: unresolved reference: ModalBottomSheet
    ModalBottomSheet(
    ^
core/designsystem/src/main/kotlin/com/autodrive/app/core/designsystem/components/feedback/FeedbackComponents.kt:179:17: error: unresolved reference: androidx
        shape = androidx.compose.foundation.shape.RoundedCornerShape(topStart = AutoDriveRadius.X2L, topEnd = AutoDriveRadius.X2L),
                ^
core/designsystem/src/main/kotlin/com/autodrive/app/core/designsystem/components/feedback/FeedbackComponents.kt:181:13: error: unresolved reference: Surface
            Surface(
            ^
core/designsystem/src/main/kotlin/com/autodrive/app/core/designsystem/components/feedback/FeedbackComponents.kt:184:28: error: unresolved reference: Modifier
                modifier = Modifier.size(width = 32.dp, height = 4.dp),
                           ^
core/designsystem/src/main/kotlin/com/autodrive/app/core/designsystem/components/feedback/FeedbackComponents.kt:184:53: error: unresolved reference: dp
                modifier = Modifier.size(width = 32.dp, height = 4.dp),
                                                    ^
core/designsystem/src/main/kotlin/com/autodrive/app/core/designsystem/components/feedback/FeedbackComponents.kt:184:68: error: unresolved reference: dp
                modifier = Modifier.size(width = 32.dp, height = 4.dp),
                                                                   ^
core/designsystem/src/main/kotlin/com/autodrive/app/core/designsystem/components/feedback/FeedbackComponents.kt:189:9: error: unresolved reference: Column
        Column(Modifier.fillMaxWidth().padding(AutoDriveSpace.XL), verticalArrangement = Arrangement.spacedBy(AutoDriveSpace.LG)) {
        ^
core/designsystem/src/main/kotlin/com/autodrive/app/core/designsystem/components/feedback/FeedbackComponents.kt:189:16: error: unresolved reference: Modifier
        Column(Modifier.fillMaxWidth().padding(AutoDriveSpace.XL), verticalArrangement = Arrangement.spacedBy(AutoDriveSpace.LG)) {
               ^
core/designsystem/src/main/kotlin/com/autodrive/app/core/designsystem/components/feedback/FeedbackComponents.kt:189:90: error: unresolved reference: Arrangement
        Column(Modifier.fillMaxWidth().padding(AutoDriveSpace.XL), verticalArrangement = Arrangement.spacedBy(AutoDriveSpace.LG)) {
                                                                                         ^
core/designsystem/src/main/kotlin/com/autodrive/app/core/designsystem/components/feedback/FeedbackComponents.kt:190:13: error: unresolved reference: Text
            Text(title, style = MaterialTheme.typography.headlineSmall, color = AutoDriveText.Primary, modifier = Modifier.semantics { heading() })
            ^
core/designsystem/src/main/kotlin/com/autodrive/app/core/designsystem/components/feedback/FeedbackComponents.kt:190:33: error: unresolved reference: MaterialTheme
            Text(title, style = MaterialTheme.typography.headlineSmall, color = AutoDriveText.Primary, modifier = Modifier.semantics { heading() })
                                ^
core/designsystem/src/main/kotlin/com/autodrive/app/core/designsystem/components/feedback/FeedbackComponents.kt:190:115: error: unresolved reference: Modifier
            Text(title, style = MaterialTheme.typography.headlineSmall, color = AutoDriveText.Primary, modifier = Modifier.semantics { heading() })
                                                                                                                  ^
core/designsystem/src/main/kotlin/com/autodrive/app/core/designsystem/components/feedback/FeedbackComponents.kt:190:136: error: unresolved reference: heading
            Text(title, style = MaterialTheme.typography.headlineSmall, color = AutoDriveText.Primary, modifier = Modifier.semantics { heading() })
                                                                                                                                       ^
core/designsystem/src/main/kotlin/com/autodrive/app/core/designsystem/components/feedback/FeedbackComponents.kt:196:2: error: unresolved reference: Composable
@Composable
 ^
core/designsystem/src/main/kotlin/com/autodrive/app/core/designsystem/components/feedback/FeedbackComponents.kt:198:15: error: unresolved reference: Modifier
    modifier: Modifier = Modifier,
              ^
core/designsystem/src/main/kotlin/com/autodrive/app/core/designsystem/components/feedback/FeedbackComponents.kt:198:26: error: unresolved reference: Modifier
    modifier: Modifier = Modifier,
                         ^
core/designsystem/src/main/kotlin/com/autodrive/app/core/designsystem/components/feedback/FeedbackComponents.kt:202:67: error: unresolved reference: dp
    val size = if (variant == AutoDriveLoadingVariant.Content) 32.dp else 20.dp
                                                                  ^
core/designsystem/src/main/kotlin/com/autodrive/app/core/designsystem/components/feedback/FeedbackComponents.kt:202:78: error: unresolved reference: dp
    val size = if (variant == AutoDriveLoadingVariant.Content) 32.dp else 20.dp
                                                                             ^
core/designsystem/src/main/kotlin/com/autodrive/app/core/designsystem/components/feedback/FeedbackComponents.kt:203:19: error: unresolved reference: Composable
    val content: @Composable () -> Unit = {
                  ^
core/designsystem/src/main/kotlin/com/autodrive/app/core/designsystem/components/feedback/FeedbackComponents.kt:204:9: error: unresolved reference: CircularProgressIndicator
        CircularProgressIndicator(modifier = Modifier.size(size), color = AutoDriveBrand.Primary, strokeWidth = AutoDriveBorder.Strong)
        ^
core/designsystem/src/main/kotlin/com/autodrive/app/core/designsystem/components/feedback/FeedbackComponents.kt:204:46: error: unresolved reference: Modifier
        CircularProgressIndicator(modifier = Modifier.size(size), color = AutoDriveBrand.Primary, strokeWidth = AutoDriveBorder.Strong)
                                             ^
core/designsystem/src/main/kotlin/com/autodrive/app/core/designsystem/components/feedback/FeedbackComponents.kt:205:28: error: unresolved reference: Text
        if (label != null) Text(label, style = MaterialTheme.typography.bodyMedium, color = AutoDriveText.Secondary)
                           ^
core/designsystem/src/main/kotlin/com/autodrive/app/core/designsystem/components/feedback/FeedbackComponents.kt:205:48: error: unresolved reference: MaterialTheme
        if (label != null) Text(label, style = MaterialTheme.typography.bodyMedium, color = AutoDriveText.Secondary)
                                               ^
core/designsystem/src/main/kotlin/com/autodrive/app/core/designsystem/components/feedback/FeedbackComponents.kt:208:9: error: unresolved reference: Column
        Column(modifier = modifier, horizontalAlignment = Alignment.CenterHorizontally, verticalArrangement = Arrangement.spacedBy(AutoDriveSpace.MD)) { content() }
        ^
core/designsystem/src/main/kotlin/com/autodrive/app/core/designsystem/components/feedback/FeedbackComponents.kt:208:59: error: unresolved reference: Alignment
        Column(modifier = modifier, horizontalAlignment = Alignment.CenterHorizontally, verticalArrangement = Arrangement.spacedBy(AutoDriveSpace.MD)) { content() }
                                                          ^
core/designsystem/src/main/kotlin/com/autodrive/app/core/designsystem/components/feedback/FeedbackComponents.kt:208:111: error: unresolved reference: Arrangement
        Column(modifier = modifier, horizontalAlignment = Alignment.CenterHorizontally, verticalArrangement = Arrangement.spacedBy(AutoDriveSpace.MD)) { content() }
                                                                                                              ^
core/designsystem/src/main/kotlin/com/autodrive/app/core/designsystem/components/feedback/FeedbackComponents.kt:210:9: error: unresolved reference: Row
        Row(modifier = modifier, verticalAlignment = Alignment.CenterVertically, horizontalArrangement = Arrangement.spacedBy(AutoDriveSpace.MD)) { content() }
        ^
core/designsystem/src/main/kotlin/com/autodrive/app/core/designsystem/components/feedback/FeedbackComponents.kt:210:54: error: unresolved reference: Alignment
        Row(modifier = modifier, verticalAlignment = Alignment.CenterVertically, horizontalArrangement = Arrangement.spacedBy(AutoDriveSpace.MD)) { content() }
                                                     ^
core/designsystem/src/main/kotlin/com/autodrive/app/core/designsystem/components/feedback/FeedbackComponents.kt:210:106: error: unresolved reference: Arrangement
        Row(modifier = modifier, verticalAlignment = Alignment.CenterVertically, horizontalArrangement = Arrangement.spacedBy(AutoDriveSpace.MD)) { content() }
                                                                                                         ^
core/designsystem/src/main/kotlin/com/autodrive/app/core/designsystem/components/feedback/FeedbackComponents.kt:214:2: error: unresolved reference: Composable
@Composable
 ^
core/designsystem/src/main/kotlin/com/autodrive/app/core/designsystem/components/feedback/FeedbackComponents.kt:218:15: error: unresolved reference: Modifier
    modifier: Modifier = Modifier,
              ^
core/designsystem/src/main/kotlin/com/autodrive/app/core/designsystem/components/feedback/FeedbackComponents.kt:218:26: error: unresolved reference: Modifier
    modifier: Modifier = Modifier,
                         ^
core/designsystem/src/main/kotlin/com/autodrive/app/core/designsystem/components/feedback/FeedbackComponents.kt:219:11: error: unresolved reference: ImageVector
    icon: ImageVector = Icons.Rounded.Inbox,
          ^
core/designsystem/src/main/kotlin/com/autodrive/app/core/designsystem/components/feedback/FeedbackComponents.kt:219:25: error: unresolved reference: Icons
    icon: ImageVector = Icons.Rounded.Inbox,
                        ^
core/designsystem/src/main/kotlin/com/autodrive/app/core/designsystem/components/feedback/FeedbackComponents.kt:220:15: error: unresolved reference: Composable
    action: (@Composable () -> Unit)? = null,
              ^
core/designsystem/src/main/kotlin/com/autodrive/app/core/designsystem/components/feedback/FeedbackComponents.kt:223:5: error: unresolved reference: Column
    Column(
    ^
core/designsystem/src/main/kotlin/com/autodrive/app/core/designsystem/components/feedback/FeedbackComponents.kt:225:45: error: unresolved reference: Alignment
        horizontalAlignment = if (centered) Alignment.CenterHorizontally else Alignment.Start,
                                            ^
core/designsystem/src/main/kotlin/com/autodrive/app/core/designsystem/components/feedback/FeedbackComponents.kt:225:79: error: unresolved reference: Alignment
        horizontalAlignment = if (centered) Alignment.CenterHorizontally else Alignment.Start,
                                                                              ^
core/designsystem/src/main/kotlin/com/autodrive/app/core/designsystem/components/feedback/FeedbackComponents.kt:226:31: error: unresolved reference: Arrangement
        verticalArrangement = Arrangement.spacedBy(AutoDriveSpace.MD),
                              ^
core/designsystem/src/main/kotlin/com/autodrive/app/core/designsystem/components/feedback/FeedbackComponents.kt:228:9: error: unresolved reference: Icon
        Icon(icon, null, tint = AutoDriveText.Secondary, modifier = Modifier.size(AutoDriveIconSize.Hero))
        ^
core/designsystem/src/main/kotlin/com/autodrive/app/core/designsystem/components/feedback/FeedbackComponents.kt:228:69: error: unresolved reference: Modifier
        Icon(icon, null, tint = AutoDriveText.Secondary, modifier = Modifier.size(AutoDriveIconSize.Hero))
                                                                    ^
core/designsystem/src/main/kotlin/com/autodrive/app/core/designsystem/components/feedback/FeedbackComponents.kt:229:9: error: unresolved reference: Text
        Text(title, style = MaterialTheme.typography.headlineSmall, color = AutoDriveText.Primary, textAlign = if (centered) TextAlign.Center else TextAlign.Start, modifier = Modifier.semantics { heading() })
        ^
core/designsystem/src/main/kotlin/com/autodrive/app/core/designsystem/components/feedback/FeedbackComponents.kt:229:29: error: unresolved reference: MaterialTheme
        Text(title, style = MaterialTheme.typography.headlineSmall, color = AutoDriveText.Primary, textAlign = if (centered) TextAlign.Center else TextAlign.Start, modifier = Modifier.semantics { heading() })
                            ^
core/designsystem/src/main/kotlin/com/autodrive/app/core/designsystem/components/feedback/FeedbackComponents.kt:229:126: error: unresolved reference: TextAlign
        Text(title, style = MaterialTheme.typography.headlineSmall, color = AutoDriveText.Primary, textAlign = if (centered) TextAlign.Center else TextAlign.Start, modifier = Modifier.semantics { heading() })
                                                                                                                             ^
core/designsystem/src/main/kotlin/com/autodrive/app/core/designsystem/components/feedback/FeedbackComponents.kt:229:148: error: unresolved reference: TextAlign
        Text(title, style = MaterialTheme.typography.headlineSmall, color = AutoDriveText.Primary, textAlign = if (centered) TextAlign.Center else TextAlign.Start, modifier = Modifier.semantics { heading() })
                                                                                                                                                   ^
core/designsystem/src/main/kotlin/com/autodrive/app/core/designsystem/components/feedback/FeedbackComponents.kt:229:176: error: unresolved reference: Modifier
        Text(title, style = MaterialTheme.typography.headlineSmall, color = AutoDriveText.Primary, textAlign = if (centered) TextAlign.Center else TextAlign.Start, modifier = Modifier.semantics { heading() })
                                                                                                                                                                               ^
core/designsystem/src/main/kotlin/com/autodrive/app/core/designsystem/components/feedback/FeedbackComponents.kt:229:197: error: unresolved reference: heading
        Text(title, style = MaterialTheme.typography.headlineSmall, color = AutoDriveText.Primary, textAlign = if (centered) TextAlign.Center else TextAlign.Start, modifier = Modifier.semantics { heading() })
                                                                                                                                                                                                    ^
core/designsystem/src/main/kotlin/com/autodrive/app/core/designsystem/components/feedback/FeedbackComponents.kt:230:9: error: unresolved reference: Text
        Text(body, style = MaterialTheme.typography.bodyMedium, color = AutoDriveText.Secondary, textAlign = if (centered) TextAlign.Center else TextAlign.Start)
        ^
core/designsystem/src/main/kotlin/com/autodrive/app/core/designsystem/components/feedback/FeedbackComponents.kt:230:28: error: unresolved reference: MaterialTheme
        Text(body, style = MaterialTheme.typography.bodyMedium, color = AutoDriveText.Secondary, textAlign = if (centered) TextAlign.Center else TextAlign.Start)
                           ^
core/designsystem/src/main/kotlin/com/autodrive/app/core/designsystem/components/feedback/FeedbackComponents.kt:230:124: error: unresolved reference: TextAlign
        Text(body, style = MaterialTheme.typography.bodyMedium, color = AutoDriveText.Secondary, textAlign = if (centered) TextAlign.Center else TextAlign.Start)
                                                                                                                           ^
core/designsystem/src/main/kotlin/com/autodrive/app/core/designsystem/components/feedback/FeedbackComponents.kt:230:146: error: unresolved reference: TextAlign
        Text(body, style = MaterialTheme.typography.bodyMedium, color = AutoDriveText.Secondary, textAlign = if (centered) TextAlign.Center else TextAlign.Start)
                                                                                                                                                 ^
core/designsystem/src/main/kotlin/com/autodrive/app/core/designsystem/components/feedback/FeedbackComponents.kt:235:2: error: unresolved reference: Preview
@Preview(showBackground = true, backgroundColor = 0xFF08090C)
 ^
core/designsystem/src/main/kotlin/com/autodrive/app/core/designsystem/components/feedback/FeedbackComponents.kt:236:2: error: unresolved reference: Composable
@Composable
 ^
core/designsystem/src/main/kotlin/com/autodrive/app/core/designsystem/components/feedback/FeedbackComponents.kt:238:5: error: unresolved reference: Column
    Column(verticalArrangement = Arrangement.spacedBy(AutoDriveSpace.MD)) {
    ^
core/designsystem/src/main/kotlin/com/autodrive/app/core/designsystem/components/feedback/FeedbackComponents.kt:238:34: error: unresolved reference: Arrangement
    Column(verticalArrangement = Arrangement.spacedBy(AutoDriveSpace.MD)) {
                                 ^
core/designsystem/src/main/kotlin/com/autodrive/app/core/designsystem/components/inputs/InputComponents.kt:3:8: error: unresolved reference: androidx
import androidx.compose.foundation.layout.fillMaxWidth
       ^
core/designsystem/src/main/kotlin/com/autodrive/app/core/designsystem/components/inputs/InputComponents.kt:4:8: error: unresolved reference: androidx
import androidx.compose.foundation.layout.heightIn
       ^
core/designsystem/src/main/kotlin/com/autodrive/app/core/designsystem/components/inputs/InputComponents.kt:5:8: error: unresolved reference: androidx
import androidx.compose.foundation.layout.size
       ^
core/designsystem/src/main/kotlin/com/autodrive/app/core/designsystem/components/inputs/InputComponents.kt:6:8: error: unresolved reference: androidx
import androidx.compose.foundation.text.KeyboardActions
       ^
core/designsystem/src/main/kotlin/com/autodrive/app/core/designsystem/components/inputs/InputComponents.kt:7:8: error: unresolved reference: androidx
import androidx.compose.foundation.text.KeyboardOptions
       ^
core/designsystem/src/main/kotlin/com/autodrive/app/core/designsystem/components/inputs/InputComponents.kt:8:8: error: unresolved reference: androidx
import androidx.compose.material.icons.Icons
       ^
core/designsystem/src/main/kotlin/com/autodrive/app/core/designsystem/components/inputs/InputComponents.kt:9:8: error: unresolved reference: androidx
import androidx.compose.material.icons.rounded.Close
       ^
core/designsystem/src/main/kotlin/com/autodrive/app/core/designsystem/components/inputs/InputComponents.kt:10:8: error: unresolved reference: androidx
import androidx.compose.material.icons.rounded.Search
       ^
core/designsystem/src/main/kotlin/com/autodrive/app/core/designsystem/components/inputs/InputComponents.kt:11:8: error: unresolved reference: androidx
import androidx.compose.material3.CircularProgressIndicator
       ^
core/designsystem/src/main/kotlin/com/autodrive/app/core/designsystem/components/inputs/InputComponents.kt:12:8: error: unresolved reference: androidx
import androidx.compose.material3.DropdownMenuItem
       ^
core/designsystem/src/main/kotlin/com/autodrive/app/core/designsystem/components/inputs/InputComponents.kt:13:8: error: unresolved reference: androidx
import androidx.compose.material3.ExperimentalMaterial3Api
       ^
core/designsystem/src/main/kotlin/com/autodrive/app/core/designsystem/components/inputs/InputComponents.kt:14:8: error: unresolved reference: androidx
import androidx.compose.material3.ExposedDropdownMenuBox
       ^
core/designsystem/src/main/kotlin/com/autodrive/app/core/designsystem/components/inputs/InputComponents.kt:15:8: error: unresolved reference: androidx
import androidx.compose.material3.ExposedDropdownMenuDefaults
       ^
core/designsystem/src/main/kotlin/com/autodrive/app/core/designsystem/components/inputs/InputComponents.kt:16:8: error: unresolved reference: androidx
import androidx.compose.material3.Icon
       ^
core/designsystem/src/main/kotlin/com/autodrive/app/core/designsystem/components/inputs/InputComponents.kt:17:8: error: unresolved reference: androidx
import androidx.compose.material3.IconButton
       ^
core/designsystem/src/main/kotlin/com/autodrive/app/core/designsystem/components/inputs/InputComponents.kt:18:8: error: unresolved reference: androidx
import androidx.compose.material3.MaterialTheme
       ^
core/designsystem/src/main/kotlin/com/autodrive/app/core/designsystem/components/inputs/InputComponents.kt:19:8: error: unresolved reference: androidx
import androidx.compose.material3.MenuAnchorType
       ^
core/designsystem/src/main/kotlin/com/autodrive/app/core/designsystem/components/inputs/InputComponents.kt:20:8: error: unresolved reference: androidx
import androidx.compose.material3.OutlinedTextField
       ^
core/designsystem/src/main/kotlin/com/autodrive/app/core/designsystem/components/inputs/InputComponents.kt:21:8: error: unresolved reference: androidx
import androidx.compose.material3.OutlinedTextFieldDefaults
       ^
core/designsystem/src/main/kotlin/com/autodrive/app/core/designsystem/components/inputs/InputComponents.kt:22:8: error: unresolved reference: androidx
import androidx.compose.material3.Text
       ^
core/designsystem/src/main/kotlin/com/autodrive/app/core/designsystem/components/inputs/InputComponents.kt:23:8: error: unresolved reference: androidx
import androidx.compose.runtime.Composable
       ^
core/designsystem/src/main/kotlin/com/autodrive/app/core/designsystem/components/inputs/InputComponents.kt:24:8: error: unresolved reference: androidx
import androidx.compose.runtime.CompositionLocalProvider
       ^
core/designsystem/src/main/kotlin/com/autodrive/app/core/designsystem/components/inputs/InputComponents.kt:25:8: error: unresolved reference: androidx
import androidx.compose.runtime.getValue
       ^
core/designsystem/src/main/kotlin/com/autodrive/app/core/designsystem/components/inputs/InputComponents.kt:26:8: error: unresolved reference: androidx
import androidx.compose.runtime.mutableStateOf
       ^
core/designsystem/src/main/kotlin/com/autodrive/app/core/designsystem/components/inputs/InputComponents.kt:27:8: error: unresolved reference: androidx
import androidx.compose.runtime.remember
       ^
core/designsystem/src/main/kotlin/com/autodrive/app/core/designsystem/components/inputs/InputComponents.kt:28:8: error: unresolved reference: androidx
import androidx.compose.runtime.setValue
       ^
core/designsystem/src/main/kotlin/com/autodrive/app/core/designsystem/components/inputs/InputComponents.kt:29:8: error: unresolved reference: androidx
import androidx.compose.ui.Modifier
       ^
core/designsystem/src/main/kotlin/com/autodrive/app/core/designsystem/components/inputs/InputComponents.kt:30:8: error: unresolved reference: androidx
import androidx.compose.ui.platform.LocalLayoutDirection
       ^
core/designsystem/src/main/kotlin/com/autodrive/app/core/designsystem/components/inputs/InputComponents.kt:31:8: error: unresolved reference: androidx
import androidx.compose.ui.graphics.vector.ImageVector
       ^
core/designsystem/src/main/kotlin/com/autodrive/app/core/designsystem/components/inputs/InputComponents.kt:32:8: error: unresolved reference: androidx
import androidx.compose.ui.semantics.selected
       ^
core/designsystem/src/main/kotlin/com/autodrive/app/core/designsystem/components/inputs/InputComponents.kt:33:8: error: unresolved reference: androidx
import androidx.compose.ui.semantics.semantics
       ^
core/designsystem/src/main/kotlin/com/autodrive/app/core/designsystem/components/inputs/InputComponents.kt:34:8: error: unresolved reference: androidx
import androidx.compose.ui.tooling.preview.Preview
       ^
core/designsystem/src/main/kotlin/com/autodrive/app/core/designsystem/components/inputs/InputComponents.kt:35:8: error: unresolved reference: androidx
import androidx.compose.ui.unit.LayoutDirection
       ^
core/designsystem/src/main/kotlin/com/autodrive/app/core/designsystem/components/inputs/InputComponents.kt:36:8: error: unresolved reference: androidx
import androidx.compose.ui.unit.dp
       ^
core/designsystem/src/main/kotlin/com/autodrive/app/core/designsystem/components/inputs/InputComponents.kt:49:2: error: unresolved reference: Composable
@Composable
 ^
core/designsystem/src/main/kotlin/com/autodrive/app/core/designsystem/components/inputs/InputComponents.kt:54:15: error: unresolved reference: Modifier
    modifier: Modifier = Modifier,
              ^
core/designsystem/src/main/kotlin/com/autodrive/app/core/designsystem/components/inputs/InputComponents.kt:54:26: error: unresolved reference: Modifier
    modifier: Modifier = Modifier,
                         ^
core/designsystem/src/main/kotlin/com/autodrive/app/core/designsystem/components/inputs/InputComponents.kt:63:18: error: unresolved reference: ImageVector
    leadingIcon: ImageVector? = null,
                 ^
core/designsystem/src/main/kotlin/com/autodrive/app/core/designsystem/components/inputs/InputComponents.kt:64:24: error: unresolved reference: Composable
    trailingContent: (@Composable () -> Unit)? = null,
                       ^
core/designsystem/src/main/kotlin/com/autodrive/app/core/designsystem/components/inputs/InputComponents.kt:65:22: error: unresolved reference: KeyboardOptions
    keyboardOptions: KeyboardOptions = KeyboardOptions.Default,
                     ^
core/designsystem/src/main/kotlin/com/autodrive/app/core/designsystem/components/inputs/InputComponents.kt:65:40: error: unresolved reference: KeyboardOptions
    keyboardOptions: KeyboardOptions = KeyboardOptions.Default,
                                       ^
core/designsystem/src/main/kotlin/com/autodrive/app/core/designsystem/components/inputs/InputComponents.kt:66:22: error: unresolved reference: KeyboardActions
    keyboardActions: KeyboardActions = KeyboardActions.Default,
                     ^
core/designsystem/src/main/kotlin/com/autodrive/app/core/designsystem/components/inputs/InputComponents.kt:66:40: error: unresolved reference: KeyboardActions
    keyboardActions: KeyboardActions = KeyboardActions.Default,
                                       ^
core/designsystem/src/main/kotlin/com/autodrive/app/core/designsystem/components/inputs/InputComponents.kt:69:5: error: unresolved reference: OutlinedTextField
    OutlinedTextField(
    ^
core/designsystem/src/main/kotlin/com/autodrive/app/core/designsystem/components/inputs/InputComponents.kt:72:41: error: unresolved reference: Text
        label = label?.let { text -> ({ Text(text, style = MaterialTheme.typography.bodySmall) }) },
                                        ^
core/designsystem/src/main/kotlin/com/autodrive/app/core/designsystem/components/inputs/InputComponents.kt:72:60: error: unresolved reference: MaterialTheme
        label = label?.let { text -> ({ Text(text, style = MaterialTheme.typography.bodySmall) }) },
                                                           ^
core/designsystem/src/main/kotlin/com/autodrive/app/core/designsystem/components/inputs/InputComponents.kt:73:55: error: unresolved reference: Text
        placeholder = { if (placeholder.isNotEmpty()) Text(placeholder) },
                                                      ^
core/designsystem/src/main/kotlin/com/autodrive/app/core/designsystem/components/inputs/InputComponents.kt:75:37: error: unresolved reference: Text
            errorText != null -> ({ Text(errorText) })
                                    ^
core/designsystem/src/main/kotlin/com/autodrive/app/core/designsystem/components/inputs/InputComponents.kt:76:42: error: unresolved reference: Text
            supportingText != null -> ({ Text(supportingText) })
                                         ^
core/designsystem/src/main/kotlin/com/autodrive/app/core/designsystem/components/inputs/InputComponents.kt:84:42: error: cannot infer a type for this parameter. Please specify it explicitly.
        leadingIcon = leadingIcon?.let { icon -> ({ Icon(icon, null, Modifier.size(AutoDriveIconSize.SM)) }) },
                                         ^
core/designsystem/src/main/kotlin/com/autodrive/app/core/designsystem/components/inputs/InputComponents.kt:84:53: error: unresolved reference: Icon
        leadingIcon = leadingIcon?.let { icon -> ({ Icon(icon, null, Modifier.size(AutoDriveIconSize.SM)) }) },
                                                    ^
core/designsystem/src/main/kotlin/com/autodrive/app/core/designsystem/components/inputs/InputComponents.kt:84:70: error: unresolved reference: Modifier
        leadingIcon = leadingIcon?.let { icon -> ({ Icon(icon, null, Modifier.size(AutoDriveIconSize.SM)) }) },
                                                                     ^
core/designsystem/src/main/kotlin/com/autodrive/app/core/designsystem/components/inputs/InputComponents.kt:89:21: error: unresolved reference: MaterialTheme
        textStyle = MaterialTheme.typography.bodyLarge,
                    ^
core/designsystem/src/main/kotlin/com/autodrive/app/core/designsystem/components/inputs/InputComponents.kt:90:18: error: unresolved reference: OutlinedTextFieldDefaults
        colors = OutlinedTextFieldDefaults.colors(
                 ^
core/designsystem/src/main/kotlin/com/autodrive/app/core/designsystem/components/inputs/InputComponents.kt:112:34: error: unresolved reference: dp
                singleLine -> 56.dp
                                 ^
core/designsystem/src/main/kotlin/com/autodrive/app/core/designsystem/components/inputs/InputComponents.kt:113:75: error: unresolved reference: dp
                layout == AutoDriveTextFieldLayout.CompactMultiline -> 56.dp
                                                                          ^
core/designsystem/src/main/kotlin/com/autodrive/app/core/designsystem/components/inputs/InputComponents.kt:114:29: error: unresolved reference: dp
                else -> 112.dp
                            ^
core/designsystem/src/main/kotlin/com/autodrive/app/core/designsystem/components/inputs/InputComponents.kt:119:2: error: unresolved reference: Composable
@Composable
 ^
core/designsystem/src/main/kotlin/com/autodrive/app/core/designsystem/components/inputs/InputComponents.kt:124:15: error: unresolved reference: Modifier
    modifier: Modifier = Modifier,
              ^
core/designsystem/src/main/kotlin/com/autodrive/app/core/designsystem/components/inputs/InputComponents.kt:124:26: error: unresolved reference: Modifier
    modifier: Modifier = Modifier,
                         ^
core/designsystem/src/main/kotlin/com/autodrive/app/core/designsystem/components/inputs/InputComponents.kt:129:5: error: unresolved reference: OutlinedTextField
    OutlinedTextField(
    ^
core/designsystem/src/main/kotlin/com/autodrive/app/core/designsystem/components/inputs/InputComponents.kt:134:25: error: unresolved reference: Text
        placeholder = { Text(placeholder, style = MaterialTheme.typography.bodyMedium) },
                        ^
core/designsystem/src/main/kotlin/com/autodrive/app/core/designsystem/components/inputs/InputComponents.kt:134:51: error: unresolved reference: MaterialTheme
        placeholder = { Text(placeholder, style = MaterialTheme.typography.bodyMedium) },
                                                  ^
core/designsystem/src/main/kotlin/com/autodrive/app/core/designsystem/components/inputs/InputComponents.kt:135:25: error: unresolved reference: Icon
        leadingIcon = { Icon(Icons.Rounded.Search, null, Modifier.size(AutoDriveIconSize.MD)) },
                        ^
core/designsystem/src/main/kotlin/com/autodrive/app/core/designsystem/components/inputs/InputComponents.kt:135:30: error: unresolved reference: Icons
        leadingIcon = { Icon(Icons.Rounded.Search, null, Modifier.size(AutoDriveIconSize.MD)) },
                             ^
core/designsystem/src/main/kotlin/com/autodrive/app/core/designsystem/components/inputs/InputComponents.kt:135:58: error: unresolved reference: Modifier
        leadingIcon = { Icon(Icons.Rounded.Search, null, Modifier.size(AutoDriveIconSize.MD)) },
                                                         ^
core/designsystem/src/main/kotlin/com/autodrive/app/core/designsystem/components/inputs/InputComponents.kt:137:13: error: 'when' expression must be exhaustive, add necessary 'else' branch
            when {
            ^
core/designsystem/src/main/kotlin/com/autodrive/app/core/designsystem/components/inputs/InputComponents.kt:138:30: error: unresolved reference: CircularProgressIndicator
                searching -> CircularProgressIndicator(
                             ^
core/designsystem/src/main/kotlin/com/autodrive/app/core/designsystem/components/inputs/InputComponents.kt:139:32: error: unresolved reference: Modifier
                    modifier = Modifier.size(AutoDriveIconSize.SM),
                               ^
core/designsystem/src/main/kotlin/com/autodrive/app/core/designsystem/components/inputs/InputComponents.kt:143:39: error: unresolved reference: IconButton
                value.isNotBlank() -> IconButton(onClick = onClear, modifier = Modifier.size(AutoDriveIconSize.TouchTarget)) {
                                      ^
core/designsystem/src/main/kotlin/com/autodrive/app/core/designsystem/components/inputs/InputComponents.kt:143:80: error: unresolved reference: Modifier
                value.isNotBlank() -> IconButton(onClick = onClear, modifier = Modifier.size(AutoDriveIconSize.TouchTarget)) {
                                                                               ^
core/designsystem/src/main/kotlin/com/autodrive/app/core/designsystem/components/inputs/InputComponents.kt:144:21: error: unresolved reference: Icon
                    Icon(Icons.Rounded.Close, contentDescription = "??? ?????", modifier = Modifier.size(AutoDriveIconSize.SM))
                    ^
core/designsystem/src/main/kotlin/com/autodrive/app/core/designsystem/components/inputs/InputComponents.kt:144:26: error: unresolved reference: Icons
                    Icon(Icons.Rounded.Close, contentDescription = "??? ?????", modifier = Modifier.size(AutoDriveIconSize.SM))
                         ^
core/designsystem/src/main/kotlin/com/autodrive/app/core/designsystem/components/inputs/InputComponents.kt:144:92: error: unresolved reference: Modifier
                    Icon(Icons.Rounded.Close, contentDescription = "??? ?????", modifier = Modifier.size(AutoDriveIconSize.SM))
                                                                                           ^
core/designsystem/src/main/kotlin/com/autodrive/app/core/designsystem/components/inputs/InputComponents.kt:149:21: error: unresolved reference: MaterialTheme
        textStyle = MaterialTheme.typography.bodyMedium,
                    ^
core/designsystem/src/main/kotlin/com/autodrive/app/core/designsystem/components/inputs/InputComponents.kt:150:18: error: unresolved reference: OutlinedTextFieldDefaults
        colors = OutlinedTextFieldDefaults.colors(
                 ^
core/designsystem/src/main/kotlin/com/autodrive/app/core/designsystem/components/inputs/InputComponents.kt:170:2: error: unresolved reference: Composable
@Composable
 ^
core/designsystem/src/main/kotlin/com/autodrive/app/core/designsystem/components/inputs/InputComponents.kt:175:15: error: unresolved reference: Modifier
    modifier: Modifier = Modifier,
              ^
core/designsystem/src/main/kotlin/com/autodrive/app/core/designsystem/components/inputs/InputComponents.kt:175:26: error: unresolved reference: Modifier
    modifier: Modifier = Modifier,
                         ^
core/designsystem/src/main/kotlin/com/autodrive/app/core/designsystem/components/inputs/InputComponents.kt:180:22: error: unresolved reference: KeyboardOptions
    keyboardOptions: KeyboardOptions = KeyboardOptions.Default,
                     ^
core/designsystem/src/main/kotlin/com/autodrive/app/core/designsystem/components/inputs/InputComponents.kt:180:40: error: unresolved reference: KeyboardOptions
    keyboardOptions: KeyboardOptions = KeyboardOptions.Default,
                                       ^
core/designsystem/src/main/kotlin/com/autodrive/app/core/designsystem/components/inputs/InputComponents.kt:181:22: error: unresolved reference: KeyboardActions
    keyboardActions: KeyboardActions = KeyboardActions.Default,
                     ^
core/designsystem/src/main/kotlin/com/autodrive/app/core/designsystem/components/inputs/InputComponents.kt:181:40: error: unresolved reference: KeyboardActions
    keyboardActions: KeyboardActions = KeyboardActions.Default,
                                       ^
core/designsystem/src/main/kotlin/com/autodrive/app/core/designsystem/components/inputs/InputComponents.kt:183:5: error: unresolved reference: CompositionLocalProvider
    CompositionLocalProvider(LocalLayoutDirection provides LayoutDirection.Ltr) {
    ^
core/designsystem/src/main/kotlin/com/autodrive/app/core/designsystem/components/inputs/InputComponents.kt:183:30: error: unresolved reference: LocalLayoutDirection
    CompositionLocalProvider(LocalLayoutDirection provides LayoutDirection.Ltr) {
                             ^
core/designsystem/src/main/kotlin/com/autodrive/app/core/designsystem/components/inputs/InputComponents.kt:183:60: error: unresolved reference: LayoutDirection
    CompositionLocalProvider(LocalLayoutDirection provides LayoutDirection.Ltr) {
                                                           ^
core/designsystem/src/main/kotlin/com/autodrive/app/core/designsystem/components/inputs/InputComponents.kt:201:8: error: unresolved reference: ExperimentalMaterial3Api
@OptIn(ExperimentalMaterial3Api::class)
       ^
core/designsystem/src/main/kotlin/com/autodrive/app/core/designsystem/components/inputs/InputComponents.kt:201:8: error: an annotation argument must be a compile-time constant
@OptIn(ExperimentalMaterial3Api::class)
       ^
core/designsystem/src/main/kotlin/com/autodrive/app/core/designsystem/components/inputs/InputComponents.kt:202:2: error: unresolved reference: Composable
@Composable
 ^
core/designsystem/src/main/kotlin/com/autodrive/app/core/designsystem/components/inputs/InputComponents.kt:208:15: error: unresolved reference: Modifier
    modifier: Modifier = Modifier,
              ^
core/designsystem/src/main/kotlin/com/autodrive/app/core/designsystem/components/inputs/InputComponents.kt:208:26: error: unresolved reference: Modifier
    modifier: Modifier = Modifier,
                         ^
core/designsystem/src/main/kotlin/com/autodrive/app/core/designsystem/components/inputs/InputComponents.kt:212:21: error: unresolved reference: remember
    var expanded by remember { mutableStateOf(false) }
                    ^
core/designsystem/src/main/kotlin/com/autodrive/app/core/designsystem/components/inputs/InputComponents.kt:212:32: error: unresolved reference: mutableStateOf
    var expanded by remember { mutableStateOf(false) }
                               ^
core/designsystem/src/main/kotlin/com/autodrive/app/core/designsystem/components/inputs/InputComponents.kt:213:5: error: unresolved reference: ExposedDropdownMenuBox
    ExposedDropdownMenuBox(
    ^
core/designsystem/src/main/kotlin/com/autodrive/app/core/designsystem/components/inputs/InputComponents.kt:218:9: error: unresolved reference: OutlinedTextField
        OutlinedTextField(
        ^
core/designsystem/src/main/kotlin/com/autodrive/app/core/designsystem/components/inputs/InputComponents.kt:223:23: error: unresolved reference: Text
            label = { Text(label) },
                      ^
core/designsystem/src/main/kotlin/com/autodrive/app/core/designsystem/components/inputs/InputComponents.kt:224:29: error: unresolved reference: Text
            placeholder = { Text(placeholder) },
                            ^
core/designsystem/src/main/kotlin/com/autodrive/app/core/designsystem/components/inputs/InputComponents.kt:225:30: error: unresolved reference: ExposedDropdownMenuDefaults
            trailingIcon = { ExposedDropdownMenuDefaults.TrailingIcon(expanded) },
                             ^
core/designsystem/src/main/kotlin/com/autodrive/app/core/designsystem/components/inputs/InputComponents.kt:227:22: error: unresolved reference: OutlinedTextFieldDefaults
            colors = OutlinedTextFieldDefaults.colors(
                     ^
core/designsystem/src/main/kotlin/com/autodrive/app/core/designsystem/components/inputs/InputComponents.kt:237:24: error: unresolved reference: Modifier
            modifier = Modifier.menuAnchor(MenuAnchorType.PrimaryNotEditable).fillMaxWidth(),
                       ^
core/designsystem/src/main/kotlin/com/autodrive/app/core/designsystem/components/inputs/InputComponents.kt:237:44: error: unresolved reference: MenuAnchorType
            modifier = Modifier.menuAnchor(MenuAnchorType.PrimaryNotEditable).fillMaxWidth(),
                                           ^
core/designsystem/src/main/kotlin/com/autodrive/app/core/designsystem/components/inputs/InputComponents.kt:239:9: error: unresolved reference: ExposedDropdownMenu
        ExposedDropdownMenu(expanded = expanded, onDismissRequest = { expanded = false }, containerColor = AutoDriveSurface.Raised) {
        ^
core/designsystem/src/main/kotlin/com/autodrive/app/core/designsystem/components/inputs/InputComponents.kt:241:17: error: unresolved reference: DropdownMenuItem
                DropdownMenuItem(
                ^
core/designsystem/src/main/kotlin/com/autodrive/app/core/designsystem/components/inputs/InputComponents.kt:242:32: error: unresolved reference: Modifier
                    modifier = Modifier.semantics { this.selected = option.id == selected?.id },
                               ^
core/designsystem/src/main/kotlin/com/autodrive/app/core/designsystem/components/inputs/InputComponents.kt:242:53: error: 'this' is not defined in this context
                    modifier = Modifier.semantics { this.selected = option.id == selected?.id },
                                                    ^
core/designsystem/src/main/kotlin/com/autodrive/app/core/designsystem/components/inputs/InputComponents.kt:242:58: error: variable expected
                    modifier = Modifier.semantics { this.selected = option.id == selected?.id },
                                                         ^
core/designsystem/src/main/kotlin/com/autodrive/app/core/designsystem/components/inputs/InputComponents.kt:244:25: error: unresolved reference: Text
                        Text(
                        ^
core/designsystem/src/main/kotlin/com/autodrive/app/core/designsystem/components/inputs/InputComponents.kt:256:2: error: unresolved reference: Preview
@Preview(showBackground = true, backgroundColor = 0xFF08090C)
 ^
core/designsystem/src/main/kotlin/com/autodrive/app/core/designsystem/components/inputs/InputComponents.kt:257:2: error: unresolved reference: Composable
@Composable
 ^
core/designsystem/src/main/kotlin/com/autodrive/app/core/designsystem/components/navigation/NavigationComponents.kt:3:8: error: unresolved reference: androidx
import androidx.compose.foundation.BorderStroke
       ^
core/designsystem/src/main/kotlin/com/autodrive/app/core/designsystem/components/navigation/NavigationComponents.kt:4:8: error: unresolved reference: androidx
import androidx.compose.foundation.background
       ^
core/designsystem/src/main/kotlin/com/autodrive/app/core/designsystem/components/navigation/NavigationComponents.kt:5:8: error: unresolved reference: androidx
import androidx.compose.foundation.clickable
       ^
core/designsystem/src/main/kotlin/com/autodrive/app/core/designsystem/components/navigation/NavigationComponents.kt:6:8: error: unresolved reference: androidx
import androidx.compose.foundation.selection.selectable
       ^
core/designsystem/src/main/kotlin/com/autodrive/app/core/designsystem/components/navigation/NavigationComponents.kt:7:8: error: unresolved reference: androidx
import androidx.compose.foundation.layout.Arrangement
       ^
core/designsystem/src/main/kotlin/com/autodrive/app/core/designsystem/components/navigation/NavigationComponents.kt:8:8: error: unresolved reference: androidx
import androidx.compose.foundation.layout.Box
       ^
core/designsystem/src/main/kotlin/com/autodrive/app/core/designsystem/components/navigation/NavigationComponents.kt:9:8: error: unresolved reference: androidx
import androidx.compose.foundation.layout.Column
       ^
core/designsystem/src/main/kotlin/com/autodrive/app/core/designsystem/components/navigation/NavigationComponents.kt:10:8: error: unresolved reference: androidx
import androidx.compose.foundation.layout.Row
       ^
core/designsystem/src/main/kotlin/com/autodrive/app/core/designsystem/components/navigation/NavigationComponents.kt:11:8: error: unresolved reference: androidx
import androidx.compose.foundation.layout.RowScope
       ^
core/designsystem/src/main/kotlin/com/autodrive/app/core/designsystem/components/navigation/NavigationComponents.kt:12:8: error: unresolved reference: androidx
import androidx.compose.foundation.layout.Spacer
       ^
core/designsystem/src/main/kotlin/com/autodrive/app/core/designsystem/components/navigation/NavigationComponents.kt:13:8: error: unresolved reference: androidx
import androidx.compose.foundation.layout.fillMaxWidth
       ^
core/designsystem/src/main/kotlin/com/autodrive/app/core/designsystem/components/navigation/NavigationComponents.kt:14:8: error: unresolved reference: androidx
import androidx.compose.foundation.layout.height
       ^
core/designsystem/src/main/kotlin/com/autodrive/app/core/designsystem/components/navigation/NavigationComponents.kt:15:8: error: unresolved reference: androidx
import androidx.compose.foundation.layout.navigationBarsPadding
       ^
core/designsystem/src/main/kotlin/com/autodrive/app/core/designsystem/components/navigation/NavigationComponents.kt:16:8: error: unresolved reference: androidx
import androidx.compose.foundation.layout.padding
       ^
core/designsystem/src/main/kotlin/com/autodrive/app/core/designsystem/components/navigation/NavigationComponents.kt:17:8: error: unresolved reference: androidx
import androidx.compose.foundation.layout.size
       ^
core/designsystem/src/main/kotlin/com/autodrive/app/core/designsystem/components/navigation/NavigationComponents.kt:18:8: error: unresolved reference: androidx
import androidx.compose.foundation.layout.width
       ^
core/designsystem/src/main/kotlin/com/autodrive/app/core/designsystem/components/navigation/NavigationComponents.kt:19:8: error: unresolved reference: androidx
import androidx.compose.foundation.shape.RoundedCornerShape
       ^
core/designsystem/src/main/kotlin/com/autodrive/app/core/designsystem/components/navigation/NavigationComponents.kt:20:8: error: unresolved reference: androidx
import androidx.compose.material.icons.Icons
       ^
core/designsystem/src/main/kotlin/com/autodrive/app/core/designsystem/components/navigation/NavigationComponents.kt:21:8: error: unresolved reference: androidx
import androidx.compose.material.icons.automirrored.rounded.ArrowBack
       ^
core/designsystem/src/main/kotlin/com/autodrive/app/core/designsystem/components/navigation/NavigationComponents.kt:22:8: error: unresolved reference: androidx
import androidx.compose.material.icons.rounded.BarChart
       ^
core/designsystem/src/main/kotlin/com/autodrive/app/core/designsystem/components/navigation/NavigationComponents.kt:23:8: error: unresolved reference: androidx
import androidx.compose.material.icons.rounded.Home
       ^
core/designsystem/src/main/kotlin/com/autodrive/app/core/designsystem/components/navigation/NavigationComponents.kt:24:8: error: unresolved reference: androidx
import androidx.compose.material.icons.rounded.Message
       ^
core/designsystem/src/main/kotlin/com/autodrive/app/core/designsystem/components/navigation/NavigationComponents.kt:25:8: error: unresolved reference: androidx
import androidx.compose.material3.Icon
       ^
core/designsystem/src/main/kotlin/com/autodrive/app/core/designsystem/components/navigation/NavigationComponents.kt:26:8: error: unresolved reference: androidx
import androidx.compose.material3.MaterialTheme
       ^
core/designsystem/src/main/kotlin/com/autodrive/app/core/designsystem/components/navigation/NavigationComponents.kt:27:8: error: unresolved reference: androidx
import androidx.compose.material3.Surface
       ^
core/designsystem/src/main/kotlin/com/autodrive/app/core/designsystem/components/navigation/NavigationComponents.kt:28:8: error: unresolved reference: androidx
import androidx.compose.material3.Text
       ^
core/designsystem/src/main/kotlin/com/autodrive/app/core/designsystem/components/navigation/NavigationComponents.kt:29:8: error: unresolved reference: androidx
import androidx.compose.runtime.Composable
       ^
core/designsystem/src/main/kotlin/com/autodrive/app/core/designsystem/components/navigation/NavigationComponents.kt:30:8: error: unresolved reference: androidx
import androidx.compose.ui.Alignment
       ^
core/designsystem/src/main/kotlin/com/autodrive/app/core/designsystem/components/navigation/NavigationComponents.kt:31:8: error: unresolved reference: androidx
import androidx.compose.ui.Modifier
       ^
core/designsystem/src/main/kotlin/com/autodrive/app/core/designsystem/components/navigation/NavigationComponents.kt:32:8: error: unresolved reference: androidx
import androidx.compose.ui.draw.clip
       ^
core/designsystem/src/main/kotlin/com/autodrive/app/core/designsystem/components/navigation/NavigationComponents.kt:33:8: error: unresolved reference: androidx
import androidx.compose.ui.graphics.vector.ImageVector
       ^
core/designsystem/src/main/kotlin/com/autodrive/app/core/designsystem/components/navigation/NavigationComponents.kt:34:8: error: unresolved reference: androidx
import androidx.compose.ui.semantics.Role
       ^
core/designsystem/src/main/kotlin/com/autodrive/app/core/designsystem/components/navigation/NavigationComponents.kt:35:8: error: unresolved reference: androidx
import androidx.compose.ui.semantics.contentDescription
       ^
core/designsystem/src/main/kotlin/com/autodrive/app/core/designsystem/components/navigation/NavigationComponents.kt:36:8: error: unresolved reference: androidx
import androidx.compose.ui.semantics.heading
       ^
core/designsystem/src/main/kotlin/com/autodrive/app/core/designsystem/components/navigation/NavigationComponents.kt:37:8: error: unresolved reference: androidx
import androidx.compose.ui.semantics.semantics
       ^
core/designsystem/src/main/kotlin/com/autodrive/app/core/designsystem/components/navigation/NavigationComponents.kt:38:8: error: unresolved reference: androidx
import androidx.compose.ui.semantics.stateDescription
       ^
core/designsystem/src/main/kotlin/com/autodrive/app/core/designsystem/components/navigation/NavigationComponents.kt:39:8: error: unresolved reference: androidx
import androidx.compose.ui.graphics.Shape
       ^
core/designsystem/src/main/kotlin/com/autodrive/app/core/designsystem/components/navigation/NavigationComponents.kt:40:8: error: unresolved reference: androidx
import androidx.compose.ui.tooling.preview.Preview
       ^
core/designsystem/src/main/kotlin/com/autodrive/app/core/designsystem/components/navigation/NavigationComponents.kt:41:8: error: unresolved reference: androidx
import androidx.compose.ui.unit.dp
       ^
core/designsystem/src/main/kotlin/com/autodrive/app/core/designsystem/components/navigation/NavigationComponents.kt:42:8: error: unresolved reference: androidx
import androidx.compose.ui.unit.Dp
       ^
core/designsystem/src/main/kotlin/com/autodrive/app/core/designsystem/components/navigation/NavigationComponents.kt:58:15: error: unresolved reference: ImageVector
    val icon: ImageVector,
              ^
core/designsystem/src/main/kotlin/com/autodrive/app/core/designsystem/components/navigation/NavigationComponents.kt:62:2: error: unresolved reference: Composable
@Composable
 ^
core/designsystem/src/main/kotlin/com/autodrive/app/core/designsystem/components/navigation/NavigationComponents.kt:67:15: error: unresolved reference: Modifier
    modifier: Modifier = Modifier,
              ^
core/designsystem/src/main/kotlin/com/autodrive/app/core/designsystem/components/navigation/NavigationComponents.kt:67:26: error: unresolved reference: Modifier
    modifier: Modifier = Modifier,
                         ^
core/designsystem/src/main/kotlin/com/autodrive/app/core/designsystem/components/navigation/NavigationComponents.kt:68:12: error: unresolved reference: Shape
    shape: Shape = RoundedCornerShape(topStart = AutoDriveRadius.X2L, topEnd = AutoDriveRadius.X2L),
           ^
core/designsystem/src/main/kotlin/com/autodrive/app/core/designsystem/components/navigation/NavigationComponents.kt:68:20: error: unresolved reference: RoundedCornerShape
    shape: Shape = RoundedCornerShape(topStart = AutoDriveRadius.X2L, topEnd = AutoDriveRadius.X2L),
                   ^
core/designsystem/src/main/kotlin/com/autodrive/app/core/designsystem/components/navigation/NavigationComponents.kt:69:20: error: unresolved reference: Dp
    contentHeight: Dp = 72.dp,
                   ^
core/designsystem/src/main/kotlin/com/autodrive/app/core/designsystem/components/navigation/NavigationComponents.kt:69:28: error: unresolved reference: dp
    contentHeight: Dp = 72.dp,
                           ^
core/designsystem/src/main/kotlin/com/autodrive/app/core/designsystem/components/navigation/NavigationComponents.kt:70:21: error: unresolved reference: Composable
    centerAction: (@Composable () -> Unit)? = null,
                    ^
core/designsystem/src/main/kotlin/com/autodrive/app/core/designsystem/components/navigation/NavigationComponents.kt:73:5: error: unresolved reference: Surface
    Surface(
    ^
core/designsystem/src/main/kotlin/com/autodrive/app/core/designsystem/components/navigation/NavigationComponents.kt:76:18: error: unresolved reference: BorderStroke
        border = BorderStroke(AutoDriveBorder.Thin, AutoDriveBorderColor.Default),
                 ^
core/designsystem/src/main/kotlin/com/autodrive/app/core/designsystem/components/navigation/NavigationComponents.kt:79:9: error: unresolved reference: Row
        Row(
        ^
core/designsystem/src/main/kotlin/com/autodrive/app/core/designsystem/components/navigation/NavigationComponents.kt:80:24: error: unresolved reference: Modifier
            modifier = Modifier.navigationBarsPadding().height(contentHeight).padding(horizontal = AutoDriveSpace.SM),
                       ^
core/designsystem/src/main/kotlin/com/autodrive/app/core/designsystem/components/navigation/NavigationComponents.kt:81:37: error: unresolved reference: Arrangement
            horizontalArrangement = Arrangement.SpaceEvenly,
                                    ^
core/designsystem/src/main/kotlin/com/autodrive/app/core/designsystem/components/navigation/NavigationComponents.kt:82:33: error: unresolved reference: Alignment
            verticalAlignment = Alignment.CenterVertically,
                                ^
core/designsystem/src/main/kotlin/com/autodrive/app/core/designsystem/components/navigation/NavigationComponents.kt:89:32: error: unresolved reference: Modifier
                    modifier = Modifier.weight(1f),
                               ^
core/designsystem/src/main/kotlin/com/autodrive/app/core/designsystem/components/navigation/NavigationComponents.kt:90:57: error: unresolved reference: dp
                    itemHeight = if (contentHeight < 64.dp) contentHeight else 64.dp,
                                                        ^
core/designsystem/src/main/kotlin/com/autodrive/app/core/designsystem/components/navigation/NavigationComponents.kt:90:83: error: unresolved reference: dp
                    itemHeight = if (contentHeight < 64.dp) contentHeight else 64.dp,
                                                                                  ^
core/designsystem/src/main/kotlin/com/autodrive/app/core/designsystem/components/navigation/NavigationComponents.kt:91:50: error: unresolved reference: dp
                    compact = contentHeight < 64.dp,
                                                 ^
core/designsystem/src/main/kotlin/com/autodrive/app/core/designsystem/components/navigation/NavigationComponents.kt:94:21: error: unresolved reference: Box
                    Box(Modifier.width(AutoDriveSpace.X6L), contentAlignment = Alignment.Center) { centerAction() }
                    ^
core/designsystem/src/main/kotlin/com/autodrive/app/core/designsystem/components/navigation/NavigationComponents.kt:94:25: error: unresolved reference: Modifier
                    Box(Modifier.width(AutoDriveSpace.X6L), contentAlignment = Alignment.Center) { centerAction() }
                        ^
core/designsystem/src/main/kotlin/com/autodrive/app/core/designsystem/components/navigation/NavigationComponents.kt:94:80: error: unresolved reference: Alignment
                    Box(Modifier.width(AutoDriveSpace.X6L), contentAlignment = Alignment.Center) { centerAction() }
                                                                               ^
core/designsystem/src/main/kotlin/com/autodrive/app/core/designsystem/components/navigation/NavigationComponents.kt:101:2: error: unresolved reference: Composable
@Composable
 ^
core/designsystem/src/main/kotlin/com/autodrive/app/core/designsystem/components/navigation/NavigationComponents.kt:106:15: error: unresolved reference: Modifier
    modifier: Modifier = Modifier,
              ^
core/designsystem/src/main/kotlin/com/autodrive/app/core/designsystem/components/navigation/NavigationComponents.kt:106:26: error: unresolved reference: Modifier
    modifier: Modifier = Modifier,
                         ^
core/designsystem/src/main/kotlin/com/autodrive/app/core/designsystem/components/navigation/NavigationComponents.kt:107:17: error: unresolved reference: Dp
    itemHeight: Dp = 64.dp,
                ^
core/designsystem/src/main/kotlin/com/autodrive/app/core/designsystem/components/navigation/NavigationComponents.kt:107:25: error: unresolved reference: dp
    itemHeight: Dp = 64.dp,
                        ^
core/designsystem/src/main/kotlin/com/autodrive/app/core/designsystem/components/navigation/NavigationComponents.kt:111:5: error: unresolved reference: Column
    Column(
    ^
core/designsystem/src/main/kotlin/com/autodrive/app/core/designsystem/components/navigation/NavigationComponents.kt:115:53: error: unresolved reference: Role
            .selectable(selected = selected, role = Role.Tab, onClick = { onClick(item) })
                                                    ^
core/designsystem/src/main/kotlin/com/autodrive/app/core/designsystem/components/navigation/NavigationComponents.kt:117:42: error: unresolved reference: stateDescription
                if (item.badgeCount > 0) stateDescription = "??? ?????: ${item.badgeCount}"
                                         ^
core/designsystem/src/main/kotlin/com/autodrive/app/core/designsystem/components/navigation/NavigationComponents.kt:119:80: error: unresolved reference: dp
            .padding(horizontal = AutoDriveSpace.XS, vertical = if (compact) 4.dp else AutoDriveSpace.SM),
                                                                               ^
core/designsystem/src/main/kotlin/com/autodrive/app/core/designsystem/components/navigation/NavigationComponents.kt:120:31: error: unresolved reference: Alignment
        horizontalAlignment = Alignment.CenterHorizontally,
                              ^
core/designsystem/src/main/kotlin/com/autodrive/app/core/designsystem/components/navigation/NavigationComponents.kt:121:31: error: unresolved reference: Arrangement
        verticalArrangement = Arrangement.spacedBy(AutoDriveSpace.XS, Alignment.CenterVertically),
                              ^
core/designsystem/src/main/kotlin/com/autodrive/app/core/designsystem/components/navigation/NavigationComponents.kt:121:71: error: unresolved reference: Alignment
        verticalArrangement = Arrangement.spacedBy(AutoDriveSpace.XS, Alignment.CenterVertically),
                                                                      ^
core/designsystem/src/main/kotlin/com/autodrive/app/core/designsystem/components/navigation/NavigationComponents.kt:123:9: error: unresolved reference: Box
        Box(contentAlignment = Alignment.TopEnd) {
        ^
core/designsystem/src/main/kotlin/com/autodrive/app/core/designsystem/components/navigation/NavigationComponents.kt:123:32: error: unresolved reference: Alignment
        Box(contentAlignment = Alignment.TopEnd) {
                               ^
core/designsystem/src/main/kotlin/com/autodrive/app/core/designsystem/components/navigation/NavigationComponents.kt:124:13: error: unresolved reference: Box
            Box(
            ^
core/designsystem/src/main/kotlin/com/autodrive/app/core/designsystem/components/navigation/NavigationComponents.kt:125:28: error: unresolved reference: Modifier
                modifier = Modifier
                           ^
core/designsystem/src/main/kotlin/com/autodrive/app/core/designsystem/components/navigation/NavigationComponents.kt:128:110: error: unresolved reference: androidx
                    .background(if (selected) AutoDriveBrand.Active.copy(alpha = AutoDriveOpacity.Tint) else androidx.compose.ui.graphics.Color.Transparent),
                                                                                                             ^
core/designsystem/src/main/kotlin/com/autodrive/app/core/designsystem/components/navigation/NavigationComponents.kt:129:36: error: unresolved reference: Alignment
                contentAlignment = Alignment.Center,
                                   ^
core/designsystem/src/main/kotlin/com/autodrive/app/core/designsystem/components/navigation/NavigationComponents.kt:131:17: error: unresolved reference: Icon
                Icon(item.icon, contentDescription = null, tint = color, modifier = Modifier.size(AutoDriveIconSize.MD))
                ^
core/designsystem/src/main/kotlin/com/autodrive/app/core/designsystem/components/navigation/NavigationComponents.kt:131:85: error: unresolved reference: Modifier
                Icon(item.icon, contentDescription = null, tint = color, modifier = Modifier.size(AutoDriveIconSize.MD))
                                                                                    ^
core/designsystem/src/main/kotlin/com/autodrive/app/core/designsystem/components/navigation/NavigationComponents.kt:135:9: error: unresolved reference: Text
        Text(item.label, style = MaterialTheme.typography.labelSmall, color = color)
        ^
core/designsystem/src/main/kotlin/com/autodrive/app/core/designsystem/components/navigation/NavigationComponents.kt:135:34: error: unresolved reference: MaterialTheme
        Text(item.label, style = MaterialTheme.typography.labelSmall, color = color)
                                 ^
core/designsystem/src/main/kotlin/com/autodrive/app/core/designsystem/components/navigation/NavigationComponents.kt:139:2: error: unresolved reference: Composable
@Composable
 ^
core/designsystem/src/main/kotlin/com/autodrive/app/core/designsystem/components/navigation/NavigationComponents.kt:142:15: error: unresolved reference: Modifier
    modifier: Modifier = Modifier,
              ^
core/designsystem/src/main/kotlin/com/autodrive/app/core/designsystem/components/navigation/NavigationComponents.kt:142:26: error: unresolved reference: Modifier
    modifier: Modifier = Modifier,
                         ^
core/designsystem/src/main/kotlin/com/autodrive/app/core/designsystem/components/navigation/NavigationComponents.kt:144:23: error: unresolved reference: Composable
    leadingContent: (@Composable () -> Unit)? = null,
                      ^
core/designsystem/src/main/kotlin/com/autodrive/app/core/designsystem/components/navigation/NavigationComponents.kt:145:16: error: unresolved reference: Composable
    actions: (@Composable RowScope.() -> Unit)? = null,
               ^
core/designsystem/src/main/kotlin/com/autodrive/app/core/designsystem/components/navigation/NavigationComponents.kt:145:27: error: unresolved reference: RowScope
    actions: (@Composable RowScope.() -> Unit)? = null,
                          ^
core/designsystem/src/main/kotlin/com/autodrive/app/core/designsystem/components/navigation/NavigationComponents.kt:146:21: error: unresolved reference: Composable
    titleContent: (@Composable () -> Unit)? = null,
                    ^
core/designsystem/src/main/kotlin/com/autodrive/app/core/designsystem/components/navigation/NavigationComponents.kt:148:5: error: unresolved reference: Row
    Row(
    ^
core/designsystem/src/main/kotlin/com/autodrive/app/core/designsystem/components/navigation/NavigationComponents.kt:149:54: error: unresolved reference: dp
        modifier = modifier.fillMaxWidth().height(64.dp).padding(horizontal = AutoDriveSpace.LG),
                                                     ^
core/designsystem/src/main/kotlin/com/autodrive/app/core/designsystem/components/navigation/NavigationComponents.kt:150:29: error: unresolved reference: Alignment
        verticalAlignment = Alignment.CenterVertically,
                            ^
core/designsystem/src/main/kotlin/com/autodrive/app/core/designsystem/components/navigation/NavigationComponents.kt:151:33: error: unresolved reference: Arrangement
        horizontalArrangement = Arrangement.spacedBy(AutoDriveSpace.MD),
                                ^
core/designsystem/src/main/kotlin/com/autodrive/app/core/designsystem/components/navigation/NavigationComponents.kt:154:9: error: unresolved reference: Column
        Column(Modifier.weight(1f)) {
        ^
core/designsystem/src/main/kotlin/com/autodrive/app/core/designsystem/components/navigation/NavigationComponents.kt:154:16: error: unresolved reference: Modifier
        Column(Modifier.weight(1f)) {
               ^
core/designsystem/src/main/kotlin/com/autodrive/app/core/designsystem/components/navigation/NavigationComponents.kt:156:18: error: unresolved reference: Text
            else Text(title, style = MaterialTheme.typography.headlineMedium, color = AutoDriveText.Primary, modifier = Modifier.semantics { heading() })
                 ^
core/designsystem/src/main/kotlin/com/autodrive/app/core/designsystem/components/navigation/NavigationComponents.kt:156:38: error: unresolved reference: MaterialTheme
            else Text(title, style = MaterialTheme.typography.headlineMedium, color = AutoDriveText.Primary, modifier = Modifier.semantics { heading() })
                                     ^
core/designsystem/src/main/kotlin/com/autodrive/app/core/designsystem/components/navigation/NavigationComponents.kt:156:121: error: unresolved reference: Modifier
            else Text(title, style = MaterialTheme.typography.headlineMedium, color = AutoDriveText.Primary, modifier = Modifier.semantics { heading() })
                                                                                                                        ^
core/designsystem/src/main/kotlin/com/autodrive/app/core/designsystem/components/navigation/NavigationComponents.kt:156:142: error: unresolved reference: heading
            else Text(title, style = MaterialTheme.typography.headlineMedium, color = AutoDriveText.Primary, modifier = Modifier.semantics { heading() })
                                                                                                                                             ^
core/designsystem/src/main/kotlin/com/autodrive/app/core/designsystem/components/navigation/NavigationComponents.kt:157:35: error: unresolved reference: Text
            if (subtitle != null) Text(subtitle, style = MaterialTheme.typography.bodySmall, color = AutoDriveText.Secondary)
                                  ^
core/designsystem/src/main/kotlin/com/autodrive/app/core/designsystem/components/navigation/NavigationComponents.kt:157:58: error: unresolved reference: MaterialTheme
            if (subtitle != null) Text(subtitle, style = MaterialTheme.typography.bodySmall, color = AutoDriveText.Secondary)
                                                         ^
core/designsystem/src/main/kotlin/com/autodrive/app/core/designsystem/components/navigation/NavigationComponents.kt:159:37: error: no value passed for parameter 'p1'
        if (actions != null) actions()
                                    ^
core/designsystem/src/main/kotlin/com/autodrive/app/core/designsystem/components/navigation/NavigationComponents.kt:163:2: error: unresolved reference: Composable
@Composable
 ^
core/designsystem/src/main/kotlin/com/autodrive/app/core/designsystem/components/navigation/NavigationComponents.kt:167:15: error: unresolved reference: Modifier
    modifier: Modifier = Modifier,
              ^
core/designsystem/src/main/kotlin/com/autodrive/app/core/designsystem/components/navigation/NavigationComponents.kt:167:26: error: unresolved reference: Modifier
    modifier: Modifier = Modifier,
                         ^
core/designsystem/src/main/kotlin/com/autodrive/app/core/designsystem/components/navigation/NavigationComponents.kt:168:21: error: unresolved reference: Composable
    titleContent: (@Composable () -> Unit)? = null,
                    ^
core/designsystem/src/main/kotlin/com/autodrive/app/core/designsystem/components/navigation/NavigationComponents.kt:169:23: error: unresolved reference: Composable
    trailingAction: (@Composable () -> Unit)? = null,
                      ^
core/designsystem/src/main/kotlin/com/autodrive/app/core/designsystem/components/navigation/NavigationComponents.kt:171:5: error: unresolved reference: Row
    Row(
    ^
core/designsystem/src/main/kotlin/com/autodrive/app/core/designsystem/components/navigation/NavigationComponents.kt:172:54: error: unresolved reference: dp
        modifier = modifier.fillMaxWidth().height(56.dp).padding(horizontal = AutoDriveSpace.SM),
                                                     ^
core/designsystem/src/main/kotlin/com/autodrive/app/core/designsystem/components/navigation/NavigationComponents.kt:173:29: error: unresolved reference: Alignment
        verticalAlignment = Alignment.CenterVertically,
                            ^
core/designsystem/src/main/kotlin/com/autodrive/app/core/designsystem/components/navigation/NavigationComponents.kt:175:9: error: unresolved reference: Box
        Box(
        ^
core/designsystem/src/main/kotlin/com/autodrive/app/core/designsystem/components/navigation/NavigationComponents.kt:176:24: error: unresolved reference: Modifier
            modifier = Modifier
                       ^
core/designsystem/src/main/kotlin/com/autodrive/app/core/designsystem/components/navigation/NavigationComponents.kt:179:35: error: unresolved reference: Role
                .clickable(role = Role.Button, onClick = onBack)
                                  ^
core/designsystem/src/main/kotlin/com/autodrive/app/core/designsystem/components/navigation/NavigationComponents.kt:180:30: error: unresolved reference: contentDescription
                .semantics { contentDescription = "????" },
                             ^
core/designsystem/src/main/kotlin/com/autodrive/app/core/designsystem/components/navigation/NavigationComponents.kt:181:32: error: unresolved reference: Alignment
            contentAlignment = Alignment.Center,
                               ^
core/designsystem/src/main/kotlin/com/autodrive/app/core/designsystem/components/navigation/NavigationComponents.kt:183:13: error: unresolved reference: Icon
            Icon(Icons.AutoMirrored.Rounded.ArrowBack, contentDescription = null, tint = AutoDriveText.Primary, modifier = Modifier.size(AutoDriveIconSize.MD))
            ^
core/designsystem/src/main/kotlin/com/autodrive/app/core/designsystem/components/navigation/NavigationComponents.kt:183:18: error: unresolved reference: Icons
            Icon(Icons.AutoMirrored.Rounded.ArrowBack, contentDescription = null, tint = AutoDriveText.Primary, modifier = Modifier.size(AutoDriveIconSize.MD))
                 ^
core/designsystem/src/main/kotlin/com/autodrive/app/core/designsystem/components/navigation/NavigationComponents.kt:183:124: error: unresolved reference: Modifier
            Icon(Icons.AutoMirrored.Rounded.ArrowBack, contentDescription = null, tint = AutoDriveText.Primary, modifier = Modifier.size(AutoDriveIconSize.MD))
                                                                                                                           ^
core/designsystem/src/main/kotlin/com/autodrive/app/core/designsystem/components/navigation/NavigationComponents.kt:185:9: error: unresolved reference: Box
        Box(modifier = Modifier.weight(1f)) {
        ^
core/designsystem/src/main/kotlin/com/autodrive/app/core/designsystem/components/navigation/NavigationComponents.kt:185:24: error: unresolved reference: Modifier
        Box(modifier = Modifier.weight(1f)) {
                       ^
core/designsystem/src/main/kotlin/com/autodrive/app/core/designsystem/components/navigation/NavigationComponents.kt:187:18: error: unresolved reference: Text
            else Text(title, style = MaterialTheme.typography.headlineSmall, color = AutoDriveText.Primary, modifier = Modifier.semantics { heading() })
                 ^
core/designsystem/src/main/kotlin/com/autodrive/app/core/designsystem/components/navigation/NavigationComponents.kt:187:38: error: unresolved reference: MaterialTheme
            else Text(title, style = MaterialTheme.typography.headlineSmall, color = AutoDriveText.Primary, modifier = Modifier.semantics { heading() })
                                     ^
core/designsystem/src/main/kotlin/com/autodrive/app/core/designsystem/components/navigation/NavigationComponents.kt:187:120: error: unresolved reference: Modifier
            else Text(title, style = MaterialTheme.typography.headlineSmall, color = AutoDriveText.Primary, modifier = Modifier.semantics { heading() })
                                                                                                                       ^
core/designsystem/src/main/kotlin/com/autodrive/app/core/designsystem/components/navigation/NavigationComponents.kt:187:141: error: unresolved reference: heading
            else Text(title, style = MaterialTheme.typography.headlineSmall, color = AutoDriveText.Primary, modifier = Modifier.semantics { heading() })
                                                                                                                                            ^
core/designsystem/src/main/kotlin/com/autodrive/app/core/designsystem/components/navigation/NavigationComponents.kt:193:2: error: unresolved reference: Preview
@Preview(showBackground = true, backgroundColor = 0xFF08090C)
 ^
core/designsystem/src/main/kotlin/com/autodrive/app/core/designsystem/components/navigation/NavigationComponents.kt:194:2: error: unresolved reference: Composable
@Composable
 ^
core/designsystem/src/main/kotlin/com/autodrive/app/core/designsystem/components/navigation/NavigationComponents.kt:198:57: error: unresolved reference: Icons
            AutoDriveNavigationItem("home", "????????", Icons.Rounded.Home),
                                                        ^
core/designsystem/src/main/kotlin/com/autodrive/app/core/designsystem/components/navigation/NavigationComponents.kt:199:60: error: unresolved reference: Icons
            AutoDriveNavigationItem("messages", "???????", Icons.Rounded.Message, 4),
                                                           ^
core/designsystem/src/main/kotlin/com/autodrive/app/core/designsystem/components/navigation/NavigationComponents.kt:200:60: error: unresolved reference: Icons
            AutoDriveNavigationItem("reports", "????????", Icons.Rounded.BarChart),
                                                           ^
core/designsystem/src/main/kotlin/com/autodrive/app/core/designsystem/components/preview/V1ComponentPreviews.kt:3:8: error: unresolved reference: androidx
import androidx.compose.foundation.layout.Column
       ^
core/designsystem/src/main/kotlin/com/autodrive/app/core/designsystem/components/preview/V1ComponentPreviews.kt:4:8: error: unresolved reference: androidx
import androidx.compose.foundation.layout.fillMaxWidth
       ^
core/designsystem/src/main/kotlin/com/autodrive/app/core/designsystem/components/preview/V1ComponentPreviews.kt:5:8: error: unresolved reference: androidx
import androidx.compose.material.icons.Icons
       ^
core/designsystem/src/main/kotlin/com/autodrive/app/core/designsystem/components/preview/V1ComponentPreviews.kt:6:8: error: unresolved reference: androidx
import androidx.compose.material.icons.rounded.Add
       ^
core/designsystem/src/main/kotlin/com/autodrive/app/core/designsystem/components/preview/V1ComponentPreviews.kt:7:8: error: unresolved reference: androidx
import androidx.compose.material.icons.rounded.Home
       ^
core/designsystem/src/main/kotlin/com/autodrive/app/core/designsystem/components/preview/V1ComponentPreviews.kt:8:8: error: unresolved reference: androidx
import androidx.compose.material.icons.rounded.Info
       ^
core/designsystem/src/main/kotlin/com/autodrive/app/core/designsystem/components/preview/V1ComponentPreviews.kt:9:8: error: unresolved reference: androidx
import androidx.compose.material.icons.rounded.Message
       ^
core/designsystem/src/main/kotlin/com/autodrive/app/core/designsystem/components/preview/V1ComponentPreviews.kt:10:8: error: unresolved reference: androidx
import androidx.compose.runtime.Composable
       ^
core/designsystem/src/main/kotlin/com/autodrive/app/core/designsystem/components/preview/V1ComponentPreviews.kt:11:8: error: unresolved reference: androidx
import androidx.compose.ui.Modifier
       ^
core/designsystem/src/main/kotlin/com/autodrive/app/core/designsystem/components/preview/V1ComponentPreviews.kt:12:8: error: unresolved reference: androidx
import androidx.compose.ui.tooling.preview.Preview
       ^
core/designsystem/src/main/kotlin/com/autodrive/app/core/designsystem/components/preview/V1ComponentPreviews.kt:23:2: error: unresolved reference: Preview
@Preview(locale = "ar", showBackground = true, backgroundColor = 0xFF08090C) @Composable private fun PrimaryButtonPreview() = AutoDriveTheme { AutoDrivePrimaryButton("???", {}) }
 ^
core/designsystem/src/main/kotlin/com/autodrive/app/core/designsystem/components/preview/V1ComponentPreviews.kt:23:79: error: unresolved reference: Composable
@Preview(locale = "ar", showBackground = true, backgroundColor = 0xFF08090C) @Composable private fun PrimaryButtonPreview() = AutoDriveTheme { AutoDrivePrimaryButton("???", {}) }
                                                                              ^
core/designsystem/src/main/kotlin/com/autodrive/app/core/designsystem/components/preview/V1ComponentPreviews.kt:24:2: error: unresolved reference: Preview
@Preview(locale = "ar", showBackground = true, backgroundColor = 0xFF08090C) @Composable private fun SecondaryButtonPreview() = AutoDriveTheme { AutoDriveSecondaryButton("?????", {}) }
 ^
core/designsystem/src/main/kotlin/com/autodrive/app/core/designsystem/components/preview/V1ComponentPreviews.kt:24:79: error: unresolved reference: Composable
@Preview(locale = "ar", showBackground = true, backgroundColor = 0xFF08090C) @Composable private fun SecondaryButtonPreview() = AutoDriveTheme { AutoDriveSecondaryButton("?????", {}) }
                                                                              ^
core/designsystem/src/main/kotlin/com/autodrive/app/core/designsystem/components/preview/V1ComponentPreviews.kt:25:2: error: unresolved reference: Preview
@Preview(locale = "ar", showBackground = true, backgroundColor = 0xFF08090C) @Composable private fun TextButtonPreview() = AutoDriveTheme { AutoDriveTextButton("??????", {}) }
 ^
core/designsystem/src/main/kotlin/com/autodrive/app/core/designsystem/components/preview/V1ComponentPreviews.kt:25:79: error: unresolved reference: Composable
@Preview(locale = "ar", showBackground = true, backgroundColor = 0xFF08090C) @Composable private fun TextButtonPreview() = AutoDriveTheme { AutoDriveTextButton("??????", {}) }
                                                                              ^
core/designsystem/src/main/kotlin/com/autodrive/app/core/designsystem/components/preview/V1ComponentPreviews.kt:26:2: error: unresolved reference: Preview
@Preview(locale = "ar", showBackground = true, backgroundColor = 0xFF08090C) @Composable private fun IconButtonPreview() = AutoDriveTheme { AutoDriveIconButton(Icons.Rounded.Info, "???????", {}) }
 ^
core/designsystem/src/main/kotlin/com/autodrive/app/core/designsystem/components/preview/V1ComponentPreviews.kt:26:79: error: unresolved reference: Composable
@Preview(locale = "ar", showBackground = true, backgroundColor = 0xFF08090C) @Composable private fun IconButtonPreview() = AutoDriveTheme { AutoDriveIconButton(Icons.Rounded.Info, "???????", {}) }
                                                                              ^
core/designsystem/src/main/kotlin/com/autodrive/app/core/designsystem/components/preview/V1ComponentPreviews.kt:26:161: error: unresolved reference: Icons
@Preview(locale = "ar", showBackground = true, backgroundColor = 0xFF08090C) @Composable private fun IconButtonPreview() = AutoDriveTheme { AutoDriveIconButton(Icons.Rounded.Info, "???????", {}) }
                                                                                                                                                                ^
core/designsystem/src/main/kotlin/com/autodrive/app/core/designsystem/components/preview/V1ComponentPreviews.kt:27:2: error: unresolved reference: Preview
@Preview(locale = "ar", showBackground = true, backgroundColor = 0xFF08090C) @Composable private fun FabPreview() = AutoDriveTheme { AutoDriveFab({}, contentDescription = "?????") }
 ^
core/designsystem/src/main/kotlin/com/autodrive/app/core/designsystem/components/preview/V1ComponentPreviews.kt:27:79: error: unresolved reference: Composable
@Preview(locale = "ar", showBackground = true, backgroundColor = 0xFF08090C) @Composable private fun FabPreview() = AutoDriveTheme { AutoDriveFab({}, contentDescription = "?????") }
                                                                              ^
core/designsystem/src/main/kotlin/com/autodrive/app/core/designsystem/components/preview/V1ComponentPreviews.kt:29:2: error: unresolved reference: Preview
@Preview(locale = "ar", showBackground = true, backgroundColor = 0xFF08090C) @Composable private fun TextFieldPreview() = AutoDriveTheme { AutoDriveTextField("????", {}, "?????") }
 ^
core/designsystem/src/main/kotlin/com/autodrive/app/core/designsystem/components/preview/V1ComponentPreviews.kt:29:79: error: unresolved reference: Composable
@Preview(locale = "ar", showBackground = true, backgroundColor = 0xFF08090C) @Composable private fun TextFieldPreview() = AutoDriveTheme { AutoDriveTextField("????", {}, "?????") }
                                                                              ^
core/designsystem/src/main/kotlin/com/autodrive/app/core/designsystem/components/preview/V1ComponentPreviews.kt:30:2: error: unresolved reference: Preview
@Preview(locale = "ar", showBackground = true, backgroundColor = 0xFF08090C) @Composable private fun SearchFieldPreview() = AutoDriveTheme { AutoDriveSearchField("????", {}, "????") }
 ^
core/designsystem/src/main/kotlin/com/autodrive/app/core/designsystem/components/preview/V1ComponentPreviews.kt:30:79: error: unresolved reference: Composable
@Preview(locale = "ar", showBackground = true, backgroundColor = 0xFF08090C) @Composable private fun SearchFieldPreview() = AutoDriveTheme { AutoDriveSearchField("????", {}, "????") }
                                                                              ^
core/designsystem/src/main/kotlin/com/autodrive/app/core/designsystem/components/preview/V1ComponentPreviews.kt:31:2: error: unresolved reference: Preview
@Preview(locale = "ar", showBackground = true, backgroundColor = 0xFF08090C) @Composable private fun NumericFieldPreview() = AutoDriveTheme { AutoDriveNumericField("250000", {}, "??????") }
 ^
core/designsystem/src/main/kotlin/com/autodrive/app/core/designsystem/components/preview/V1ComponentPreviews.kt:31:79: error: unresolved reference: Composable
@Preview(locale = "ar", showBackground = true, backgroundColor = 0xFF08090C) @Composable private fun NumericFieldPreview() = AutoDriveTheme { AutoDriveNumericField("250000", {}, "??????") }
                                                                              ^
core/designsystem/src/main/kotlin/com/autodrive/app/core/designsystem/components/preview/V1ComponentPreviews.kt:32:2: error: unresolved reference: Preview
@Preview(locale = "ar", showBackground = true, backgroundColor = 0xFF08090C) @Composable private fun SelectionFieldPreview() = AutoDriveTheme {
 ^
core/designsystem/src/main/kotlin/com/autodrive/app/core/designsystem/components/preview/V1ComponentPreviews.kt:32:79: error: unresolved reference: Composable
@Preview(locale = "ar", showBackground = true, backgroundColor = 0xFF08090C) @Composable private fun SelectionFieldPreview() = AutoDriveTheme {
                                                                              ^
core/designsystem/src/main/kotlin/com/autodrive/app/core/designsystem/components/preview/V1ComponentPreviews.kt:37:2: error: unresolved reference: Preview
@Preview(locale = "ar", showBackground = true, backgroundColor = 0xFF08090C) @Composable private fun CardPreview() = AutoDriveTheme { AutoDriveCard { androidx.compose.material3.Text("?????") } }
 ^
core/designsystem/src/main/kotlin/com/autodrive/app/core/designsystem/components/preview/V1ComponentPreviews.kt:37:79: error: unresolved reference: Composable
@Preview(locale = "ar", showBackground = true, backgroundColor = 0xFF08090C) @Composable private fun CardPreview() = AutoDriveTheme { AutoDriveCard { androidx.compose.material3.Text("?????") } }
                                                                              ^
core/designsystem/src/main/kotlin/com/autodrive/app/core/designsystem/components/preview/V1ComponentPreviews.kt:38:2: error: unresolved reference: Preview
@Preview(locale = "ar", showBackground = true, backgroundColor = 0xFF08090C) @Composable private fun MetricCardPreview() = AutoDriveTheme { AutoDriveMetricCard("???????", "24") }
 ^
core/designsystem/src/main/kotlin/com/autodrive/app/core/designsystem/components/preview/V1ComponentPreviews.kt:38:79: error: unresolved reference: Composable
@Preview(locale = "ar", showBackground = true, backgroundColor = 0xFF08090C) @Composable private fun MetricCardPreview() = AutoDriveTheme { AutoDriveMetricCard("???????", "24") }
                                                                              ^
core/designsystem/src/main/kotlin/com/autodrive/app/core/designsystem/components/preview/V1ComponentPreviews.kt:39:2: error: unresolved reference: Preview
@Preview(locale = "ar", showBackground = true, backgroundColor = 0xFF08090C) @Composable private fun HighlightCardPreview() = AutoDriveTheme { AutoDriveHighlightCard(AutoDriveAccent.Primary) { androidx.compose.material3.Text("???? ?????") } }
 ^
core/designsystem/src/main/kotlin/com/autodrive/app/core/designsystem/components/preview/V1ComponentPreviews.kt:39:79: error: unresolved reference: Composable
@Preview(locale = "ar", showBackground = true, backgroundColor = 0xFF08090C) @Composable private fun HighlightCardPreview() = AutoDriveTheme { AutoDriveHighlightCard(AutoDriveAccent.Primary) { androidx.compose.material3.Text("???? ?????") } }
                                                                              ^
core/designsystem/src/main/kotlin/com/autodrive/app/core/designsystem/components/preview/V1ComponentPreviews.kt:40:2: error: unresolved reference: Preview
@Preview(locale = "ar", showBackground = true, backgroundColor = 0xFF08090C) @Composable private fun AlertCardPreview() = AutoDriveTheme { AutoDriveAlertCard("?????", "?????? ????", AutoDriveStatusTone.Warning) }
 ^
core/designsystem/src/main/kotlin/com/autodrive/app/core/designsystem/components/preview/V1ComponentPreviews.kt:40:79: error: unresolved reference: Composable
@Preview(locale = "ar", showBackground = true, backgroundColor = 0xFF08090C) @Composable private fun AlertCardPreview() = AutoDriveTheme { AutoDriveAlertCard("?????", "?????? ????", AutoDriveStatusTone.Warning) }
                                                                              ^
core/designsystem/src/main/kotlin/com/autodrive/app/core/designsystem/components/preview/V1ComponentPreviews.kt:42:2: error: unresolved reference: Preview
@Preview(locale = "ar", showBackground = true, backgroundColor = 0xFF08090C) @Composable private fun BottomNavigationPreview() = AutoDriveTheme {
 ^
core/designsystem/src/main/kotlin/com/autodrive/app/core/designsystem/components/preview/V1ComponentPreviews.kt:42:79: error: unresolved reference: Composable
@Preview(locale = "ar", showBackground = true, backgroundColor = 0xFF08090C) @Composable private fun BottomNavigationPreview() = AutoDriveTheme {
                                                                              ^
core/designsystem/src/main/kotlin/com/autodrive/app/core/designsystem/components/preview/V1ComponentPreviews.kt:44:60: error: unresolved reference: Icons
        listOf(AutoDriveNavigationItem("home", "????????", Icons.Rounded.Home), AutoDriveNavigationItem("messages", "???????", Icons.Rounded.Message, 2)),
                                                           ^
core/designsystem/src/main/kotlin/com/autodrive/app/core/designsystem/components/preview/V1ComponentPreviews.kt:44:128: error: unresolved reference: Icons
        listOf(AutoDriveNavigationItem("home", "????????", Icons.Rounded.Home), AutoDriveNavigationItem("messages", "???????", Icons.Rounded.Message, 2)),
                                                                                                                               ^
core/designsystem/src/main/kotlin/com/autodrive/app/core/designsystem/components/preview/V1ComponentPreviews.kt:49:2: error: unresolved reference: Preview
@Preview(locale = "ar", showBackground = true, backgroundColor = 0xFF08090C) @Composable private fun TopHeaderPreview() = AutoDriveTheme { AutoDriveTopHeader("????????", subtitle = "??????") }
 ^
core/designsystem/src/main/kotlin/com/autodrive/app/core/designsystem/components/preview/V1ComponentPreviews.kt:49:79: error: unresolved reference: Composable
@Preview(locale = "ar", showBackground = true, backgroundColor = 0xFF08090C) @Composable private fun TopHeaderPreview() = AutoDriveTheme { AutoDriveTopHeader("????????", subtitle = "??????") }
                                                                              ^
core/designsystem/src/main/kotlin/com/autodrive/app/core/designsystem/components/preview/V1ComponentPreviews.kt:50:2: error: unresolved reference: Preview
@Preview(locale = "ar", showBackground = true, backgroundColor = 0xFF08090C) @Composable private fun BackHeaderPreview() = AutoDriveTheme { AutoDriveBackHeader("????????", {}) }
 ^
core/designsystem/src/main/kotlin/com/autodrive/app/core/designsystem/components/preview/V1ComponentPreviews.kt:50:79: error: unresolved reference: Composable
@Preview(locale = "ar", showBackground = true, backgroundColor = 0xFF08090C) @Composable private fun BackHeaderPreview() = AutoDriveTheme { AutoDriveBackHeader("????????", {}) }
                                                                              ^
core/designsystem/src/main/kotlin/com/autodrive/app/core/designsystem/components/preview/V1ComponentPreviews.kt:52:2: error: unresolved reference: Preview
@Preview(locale = "ar", showBackground = true, backgroundColor = 0xFF08090C) @Composable private fun BadgePreview() = AutoDriveTheme { AutoDriveBadge(count = 12) }
 ^
core/designsystem/src/main/kotlin/com/autodrive/app/core/designsystem/components/preview/V1ComponentPreviews.kt:52:79: error: unresolved reference: Composable
@Preview(locale = "ar", showBackground = true, backgroundColor = 0xFF08090C) @Composable private fun BadgePreview() = AutoDriveTheme { AutoDriveBadge(count = 12) }
                                                                              ^
core/designsystem/src/main/kotlin/com/autodrive/app/core/designsystem/components/preview/V1ComponentPreviews.kt:53:2: error: unresolved reference: Preview
@Preview(locale = "ar", showBackground = true, backgroundColor = 0xFF08090C) @Composable private fun StatusChipPreview() = AutoDriveTheme { AutoDriveStatusChip("?????", AutoDriveStatusTone.Success) }
 ^
core/designsystem/src/main/kotlin/com/autodrive/app/core/designsystem/components/preview/V1ComponentPreviews.kt:53:79: error: unresolved reference: Composable
@Preview(locale = "ar", showBackground = true, backgroundColor = 0xFF08090C) @Composable private fun StatusChipPreview() = AutoDriveTheme { AutoDriveStatusChip("?????", AutoDriveStatusTone.Success) }
                                                                              ^
core/designsystem/src/main/kotlin/com/autodrive/app/core/designsystem/components/preview/V1ComponentPreviews.kt:54:2: error: unresolved reference: Preview
@Preview(locale = "ar", showBackground = true, backgroundColor = 0xFF08090C) @Composable private fun SnackbarPreview() = AutoDriveTheme { AutoDriveSnackbarContent("?? ?????") }
 ^
core/designsystem/src/main/kotlin/com/autodrive/app/core/designsystem/components/preview/V1ComponentPreviews.kt:54:79: error: unresolved reference: Composable
@Preview(locale = "ar", showBackground = true, backgroundColor = 0xFF08090C) @Composable private fun SnackbarPreview() = AutoDriveTheme { AutoDriveSnackbarContent("?? ?????") }
                                                                              ^
core/designsystem/src/main/kotlin/com/autodrive/app/core/designsystem/components/preview/V1ComponentPreviews.kt:55:2: error: unresolved reference: Preview
@Preview(locale = "ar", showBackground = true, backgroundColor = 0xFF08090C) @Composable private fun DialogPreview() = AutoDriveTheme { AutoDriveDialog("?????", {}, body = "?? ???? ?????????") }
 ^
core/designsystem/src/main/kotlin/com/autodrive/app/core/designsystem/components/preview/V1ComponentPreviews.kt:55:79: error: unresolved reference: Composable
@Preview(locale = "ar", showBackground = true, backgroundColor = 0xFF08090C) @Composable private fun DialogPreview() = AutoDriveTheme { AutoDriveDialog("?????", {}, body = "?? ???? ?????????") }
                                                                              ^
core/designsystem/src/main/kotlin/com/autodrive/app/core/designsystem/components/preview/V1ComponentPreviews.kt:56:2: error: unresolved reference: Preview
@Preview(locale = "ar", showBackground = true, backgroundColor = 0xFF08090C) @Composable private fun BottomSheetPreview() = AutoDriveTheme { AutoDriveBottomSheet({}, "??????") { androidx.compose.material3.Text("?????") } }
 ^
core/designsystem/src/main/kotlin/com/autodrive/app/core/designsystem/components/preview/V1ComponentPreviews.kt:56:79: error: unresolved reference: Composable
@Preview(locale = "ar", showBackground = true, backgroundColor = 0xFF08090C) @Composable private fun BottomSheetPreview() = AutoDriveTheme { AutoDriveBottomSheet({}, "??????") { androidx.compose.material3.Text("?????") } }
                                                                              ^
core/designsystem/src/main/kotlin/com/autodrive/app/core/designsystem/components/preview/V1ComponentPreviews.kt:56:179: error: unresolved reference: androidx
@Preview(locale = "ar", showBackground = true, backgroundColor = 0xFF08090C) @Composable private fun BottomSheetPreview() = AutoDriveTheme { AutoDriveBottomSheet({}, "??????") { androidx.compose.material3.Text("?????") } }
                                                                                                                                                                                  ^
core/designsystem/src/main/kotlin/com/autodrive/app/core/designsystem/components/preview/V1ComponentPreviews.kt:57:2: error: unresolved reference: Preview
@Preview(locale = "ar", showBackground = true, backgroundColor = 0xFF08090C) @Composable private fun LoadingStatePreview() = AutoDriveTheme { AutoDriveLoadingState(label = "???? ???????") }
 ^
core/designsystem/src/main/kotlin/com/autodrive/app/core/designsystem/components/preview/V1ComponentPreviews.kt:57:79: error: unresolved reference: Composable
@Preview(locale = "ar", showBackground = true, backgroundColor = 0xFF08090C) @Composable private fun LoadingStatePreview() = AutoDriveTheme { AutoDriveLoadingState(label = "???? ???????") }
                                                                              ^
core/designsystem/src/main/kotlin/com/autodrive/app/core/designsystem/components/preview/V1ComponentPreviews.kt:58:2: error: unresolved reference: Preview
@Preview(locale = "ar", showBackground = true, backgroundColor = 0xFF08090C) @Composable private fun EmptyStatePreview() = AutoDriveTheme { AutoDriveEmptyState("?? ???? ??????", "????? ??? ??????") }
 ^
core/designsystem/src/main/kotlin/com/autodrive/app/core/designsystem/components/preview/V1ComponentPreviews.kt:58:79: error: unresolved reference: Composable
@Preview(locale = "ar", showBackground = true, backgroundColor = 0xFF08090C) @Composable private fun EmptyStatePreview() = AutoDriveTheme { AutoDriveEmptyState("?? ???? ??????", "????? ??? ??????") }
                                                                              ^
core/designsystem/src/main/kotlin/com/autodrive/app/core/designsystem/components/preview/V1ComponentPreviews.kt:60:2: error: unresolved reference: Preview
@Preview(locale = "ar", showBackground = true, backgroundColor = 0xFF08090C) @Composable private fun AvatarPreview() = AutoDriveTheme { AutoDriveAvatar("????") }
 ^
core/designsystem/src/main/kotlin/com/autodrive/app/core/designsystem/components/preview/V1ComponentPreviews.kt:60:79: error: unresolved reference: Composable
@Preview(locale = "ar", showBackground = true, backgroundColor = 0xFF08090C) @Composable private fun AvatarPreview() = AutoDriveTheme { AutoDriveAvatar("????") }
                                                                              ^
core/designsystem/src/main/kotlin/com/autodrive/app/core/designsystem/components/preview/V1ComponentPreviews.kt:61:2: error: unresolved reference: Preview
@Preview(locale = "ar", showBackground = true, backgroundColor = 0xFF08090C) @Composable private fun ListRowPreview() = AutoDriveTheme { AutoDriveListRow("????", supportingText = "??? ???? ?????") }
 ^
core/designsystem/src/main/kotlin/com/autodrive/app/core/designsystem/components/preview/V1ComponentPreviews.kt:61:79: error: unresolved reference: Composable
@Preview(locale = "ar", showBackground = true, backgroundColor = 0xFF08090C) @Composable private fun ListRowPreview() = AutoDriveTheme { AutoDriveListRow("????", supportingText = "??? ???? ?????") }
                                                                              ^
core/designsystem/src/main/kotlin/com/autodrive/app/core/designsystem/components/preview/V1ComponentPreviews.kt:62:2: error: unresolved reference: Preview
@Preview(locale = "ar", showBackground = true, backgroundColor = 0xFF08090C) @Composable private fun SectionHeaderPreview() = AutoDriveTheme { AutoDriveSectionHeader("??????") }
 ^
core/designsystem/src/main/kotlin/com/autodrive/app/core/designsystem/components/preview/V1ComponentPreviews.kt:62:79: error: unresolved reference: Composable
@Preview(locale = "ar", showBackground = true, backgroundColor = 0xFF08090C) @Composable private fun SectionHeaderPreview() = AutoDriveTheme { AutoDriveSectionHeader("??????") }
                                                                              ^
core/designsystem/src/main/kotlin/com/autodrive/app/core/designsystem/components/preview/V1ComponentPreviews.kt:63:2: error: unresolved reference: Preview
@Preview(locale = "ar", showBackground = true, backgroundColor = 0xFF08090C) @Composable private fun DividerPreview() = AutoDriveTheme { AutoDriveDivider() }
 ^
core/designsystem/src/main/kotlin/com/autodrive/app/core/designsystem/components/preview/V1ComponentPreviews.kt:63:79: error: unresolved reference: Composable
@Preview(locale = "ar", showBackground = true, backgroundColor = 0xFF08090C) @Composable private fun DividerPreview() = AutoDriveTheme { AutoDriveDivider() }
                                                                              ^
core/designsystem/src/main/kotlin/com/autodrive/app/core/designsystem/components/preview/V1ComponentPreviews.kt:64:2: error: unresolved reference: Preview
@Preview(locale = "ar", showBackground = true, backgroundColor = 0xFF08090C) @Composable private fun StatValuePreview() = AutoDriveTheme { AutoDriveStatValue("1,240,000", size = AutoDriveStatSize.Large) }
 ^
core/designsystem/src/main/kotlin/com/autodrive/app/core/designsystem/components/preview/V1ComponentPreviews.kt:64:79: error: unresolved reference: Composable
@Preview(locale = "ar", showBackground = true, backgroundColor = 0xFF08090C) @Composable private fun StatValuePreview() = AutoDriveTheme { AutoDriveStatValue("1,240,000", size = AutoDriveStatSize.Large) }
                                                                              ^
core/designsystem/src/main/kotlin/com/autodrive/app/core/designsystem/components/preview/V1ComponentPreviews.kt:65:2: error: unresolved reference: Preview
@Preview(locale = "ar", showBackground = true, backgroundColor = 0xFF08090C) @Composable private fun StatusIndicatorPreview() = AutoDriveTheme { AutoDriveStatusIndicator(AutoDriveStatusTone.Info, "??????") }
 ^
core/designsystem/src/main/kotlin/com/autodrive/app/core/designsystem/components/preview/V1ComponentPreviews.kt:65:79: error: unresolved reference: Composable
@Preview(locale = "ar", showBackground = true, backgroundColor = 0xFF08090C) @Composable private fun StatusIndicatorPreview() = AutoDriveTheme { AutoDriveStatusIndicator(AutoDriveStatusTone.Info, "??????") }
                                                                              ^
core/designsystem/src/main/kotlin/com/autodrive/app/core/designsystem/components/preview/V1ComponentPreviews.kt:66:2: error: unresolved reference: Preview
@Preview(locale = "ar", showBackground = true, backgroundColor = 0xFF08090C) @Composable private fun StepIndicatorPreview() = AutoDriveTheme { AutoDriveStepIndicator(1, 3) }
 ^
core/designsystem/src/main/kotlin/com/autodrive/app/core/designsystem/components/preview/V1ComponentPreviews.kt:66:79: error: unresolved reference: Composable
@Preview(locale = "ar", showBackground = true, backgroundColor = 0xFF08090C) @Composable private fun StepIndicatorPreview() = AutoDriveTheme { AutoDriveStepIndicator(1, 3) }
                                                                              ^
core/designsystem/src/main/kotlin/com/autodrive/app/core/designsystem/components/preview/V1ComponentPreviews.kt:67:2: error: unresolved reference: Preview
@Preview(locale = "ar", showBackground = true, backgroundColor = 0xFF08090C) @Composable private fun InstrumentNumberPreview() = AutoDriveTheme { AutoDriveInstrumentNumber("128.4", AutoDriveInstrumentTone.Active) }
 ^
core/designsystem/src/main/kotlin/com/autodrive/app/core/designsystem/components/preview/V1ComponentPreviews.kt:67:79: error: unresolved reference: Composable
@Preview(locale = "ar", showBackground = true, backgroundColor = 0xFF08090C) @Composable private fun InstrumentNumberPreview() = AutoDriveTheme { AutoDriveInstrumentNumber("128.4", AutoDriveInstrumentTone.Active) }
                                                                              ^
core/designsystem/src/main/kotlin/com/autodrive/app/core/designsystem/foundation/border/BorderTokens.kt:3:8: error: unresolved reference: androidx
import androidx.compose.ui.unit.dp
       ^
core/designsystem/src/main/kotlin/com/autodrive/app/core/designsystem/foundation/border/BorderTokens.kt:6:18: error: unresolved reference: dp
    val Thin = 1.dp
                 ^
core/designsystem/src/main/kotlin/com/autodrive/app/core/designsystem/foundation/border/BorderTokens.kt:7:22: error: unresolved reference: dp
    val Accent = 1.5.dp
                     ^
core/designsystem/src/main/kotlin/com/autodrive/app/core/designsystem/foundation/border/BorderTokens.kt:8:20: error: unresolved reference: dp
    val Strong = 2.dp
                   ^
core/designsystem/src/main/kotlin/com/autodrive/app/core/designsystem/foundation/color/ColorTokens.kt:3:8: error: unresolved reference: androidx
import androidx.compose.ui.graphics.Color
       ^
core/designsystem/src/main/kotlin/com/autodrive/app/core/designsystem/foundation/color/ColorTokens.kt:6:18: error: unresolved reference: Color
    val Canvas = Color(0xFF08090C)
                 ^
core/designsystem/src/main/kotlin/com/autodrive/app/core/designsystem/foundation/color/ColorTokens.kt:7:16: error: unresolved reference: Color
    val Base = Color(0xFF0F1117)
               ^
core/designsystem/src/main/kotlin/com/autodrive/app/core/designsystem/foundation/color/ColorTokens.kt:8:18: error: unresolved reference: Color
    val Raised = Color(0xFF161820)
                 ^
core/designsystem/src/main/kotlin/com/autodrive/app/core/designsystem/foundation/color/ColorTokens.kt:9:19: error: unresolved reference: Color
    val Overlay = Color(0xFF1C1F2A)
                  ^
core/designsystem/src/main/kotlin/com/autodrive/app/core/designsystem/foundation/color/ColorTokens.kt:13:19: error: unresolved reference: Color
    val Primary = Color(0xFFFF6B00)
                  ^
core/designsystem/src/main/kotlin/com/autodrive/app/core/designsystem/foundation/color/ColorTokens.kt:14:21: error: unresolved reference: Color
    val Secondary = Color(0xFFFFB547)
                    ^
core/designsystem/src/main/kotlin/com/autodrive/app/core/designsystem/foundation/color/ColorTokens.kt:15:18: error: unresolved reference: Color
    val Active = Color(0xFF4FFFB0)
                 ^
core/designsystem/src/main/kotlin/com/autodrive/app/core/designsystem/foundation/color/ColorTokens.kt:16:16: error: unresolved reference: Color
    val Info = Color(0xFF4F8FFF)
               ^
core/designsystem/src/main/kotlin/com/autodrive/app/core/designsystem/foundation/color/ColorTokens.kt:17:19: error: unresolved reference: Color
    val Insight = Color(0xFFDB9AF3)
                  ^
core/designsystem/src/main/kotlin/com/autodrive/app/core/designsystem/foundation/color/ColorTokens.kt:18:20: error: unresolved reference: Color
    val WhatsApp = Color(0xFF25D366)
                   ^
core/designsystem/src/main/kotlin/com/autodrive/app/core/designsystem/foundation/color/ColorTokens.kt:22:19: error: unresolved reference: Color
    val Success = Color(0xFF4FFFB0)
                  ^
core/designsystem/src/main/kotlin/com/autodrive/app/core/designsystem/foundation/color/ColorTokens.kt:23:19: error: unresolved reference: Color
    val Warning = Color(0xFFFFB547)
                  ^
core/designsystem/src/main/kotlin/com/autodrive/app/core/designsystem/foundation/color/ColorTokens.kt:24:17: error: unresolved reference: Color
    val Error = Color(0xFFFF5252)
                ^
core/designsystem/src/main/kotlin/com/autodrive/app/core/designsystem/foundation/color/ColorTokens.kt:25:16: error: unresolved reference: Color
    val Info = Color(0xFF4F8FFF)
               ^
core/designsystem/src/main/kotlin/com/autodrive/app/core/designsystem/foundation/color/ColorTokens.kt:29:24: error: unresolved reference: Color
    val Withdrawable = Color(0xFF4FFFB0)
                       ^
core/designsystem/src/main/kotlin/com/autodrive/app/core/designsystem/foundation/color/ColorTokens.kt:30:19: error: unresolved reference: Color
    val Pending = Color(0xFFFFB547)
                  ^
core/designsystem/src/main/kotlin/com/autodrive/app/core/designsystem/foundation/color/ColorTokens.kt:31:16: error: unresolved reference: Color
    val Paid = Color(0xFF8890A8)
               ^
core/designsystem/src/main/kotlin/com/autodrive/app/core/designsystem/foundation/color/ColorTokens.kt:35:19: error: unresolved reference: Color
    val Primary = Color(0xFFEFF1F7)
                  ^
core/designsystem/src/main/kotlin/com/autodrive/app/core/designsystem/foundation/color/ColorTokens.kt:36:21: error: unresolved reference: Color
    val Secondary = Color(0xFF8890A8)
                    ^
core/designsystem/src/main/kotlin/com/autodrive/app/core/designsystem/foundation/color/ColorTokens.kt:37:20: error: unresolved reference: Color
    val Disabled = Color(0xFF4A5068)
                   ^
core/designsystem/src/main/kotlin/com/autodrive/app/core/designsystem/foundation/color/ColorTokens.kt:38:19: error: unresolved reference: Color
    val OnBrand = Color(0xFF08090C)
                  ^
core/designsystem/src/main/kotlin/com/autodrive/app/core/designsystem/foundation/color/ColorTokens.kt:42:19: error: unresolved reference: Color
    val Default = Color(0xFF232635)
                  ^
core/designsystem/src/main/kotlin/com/autodrive/app/core/designsystem/foundation/color/ColorTokens.kt:46:16: error: unresolved reference: Color
    val Full = Color(0xFF22C55E)
               ^
core/designsystem/src/main/kotlin/com/autodrive/app/core/designsystem/foundation/color/ColorTokens.kt:47:16: error: unresolved reference: Color
    val Good = Color(0xFF84CC16)
               ^
core/designsystem/src/main/kotlin/com/autodrive/app/core/designsystem/foundation/color/ColorTokens.kt:48:19: error: unresolved reference: Color
    val Caution = Color(0xFFF59E0B)
                  ^
core/designsystem/src/main/kotlin/com/autodrive/app/core/designsystem/foundation/color/ColorTokens.kt:49:15: error: unresolved reference: Color
    val Low = Color(0xFFF97316)
              ^
core/designsystem/src/main/kotlin/com/autodrive/app/core/designsystem/foundation/color/ColorTokens.kt:50:17: error: unresolved reference: Color
    val Empty = Color(0xFFEF4444)
                ^
core/designsystem/src/main/kotlin/com/autodrive/app/core/designsystem/foundation/color/ColorTokens.kt:51:17: error: unresolved reference: Color
    val Track = Color(0xFF1F2937)
                ^
core/designsystem/src/main/kotlin/com/autodrive/app/core/designsystem/foundation/color/ColorTokens.kt:52:17: error: unresolved reference: Color
    val Muted = Color(0xFF6B7280)
                ^
core/designsystem/src/main/kotlin/com/autodrive/app/core/designsystem/foundation/icon/IconTokens.kt:3:8: error: unresolved reference: androidx
import androidx.compose.ui.unit.dp
       ^
core/designsystem/src/main/kotlin/com/autodrive/app/core/designsystem/foundation/icon/IconTokens.kt:6:17: error: unresolved reference: dp
    val XS = 16.dp
                ^
core/designsystem/src/main/kotlin/com/autodrive/app/core/designsystem/foundation/icon/IconTokens.kt:7:17: error: unresolved reference: dp
    val SM = 20.dp
                ^
core/designsystem/src/main/kotlin/com/autodrive/app/core/designsystem/foundation/icon/IconTokens.kt:8:17: error: unresolved reference: dp
    val MD = 24.dp
                ^
core/designsystem/src/main/kotlin/com/autodrive/app/core/designsystem/foundation/icon/IconTokens.kt:9:17: error: unresolved reference: dp
    val LG = 28.dp
                ^
core/designsystem/src/main/kotlin/com/autodrive/app/core/designsystem/foundation/icon/IconTokens.kt:10:17: error: unresolved reference: dp
    val XL = 32.dp
                ^
core/designsystem/src/main/kotlin/com/autodrive/app/core/designsystem/foundation/icon/IconTokens.kt:11:19: error: unresolved reference: dp
    val Hero = 40.dp
                  ^
core/designsystem/src/main/kotlin/com/autodrive/app/core/designsystem/foundation/icon/IconTokens.kt:12:26: error: unresolved reference: dp
    val TouchTarget = 48.dp
                         ^
core/designsystem/src/main/kotlin/com/autodrive/app/core/designsystem/foundation/motion/MotionTokens.kt:3:8: error: unresolved reference: androidx
import androidx.compose.animation.core.FastOutSlowInEasing
       ^
core/designsystem/src/main/kotlin/com/autodrive/app/core/designsystem/foundation/motion/MotionTokens.kt:4:8: error: unresolved reference: androidx
import androidx.compose.animation.core.tween
       ^
core/designsystem/src/main/kotlin/com/autodrive/app/core/designsystem/foundation/motion/MotionTokens.kt:13:22: error: unresolved reference: tween
    fun <T> fast() = tween<T>(durationMillis = Fast, easing = FastOutSlowInEasing)
                     ^
core/designsystem/src/main/kotlin/com/autodrive/app/core/designsystem/foundation/motion/MotionTokens.kt:13:63: error: unresolved reference: FastOutSlowInEasing
    fun <T> fast() = tween<T>(durationMillis = Fast, easing = FastOutSlowInEasing)
                                                              ^
core/designsystem/src/main/kotlin/com/autodrive/app/core/designsystem/foundation/motion/MotionTokens.kt:14:26: error: unresolved reference: tween
    fun <T> standard() = tween<T>(durationMillis = Standard, easing = FastOutSlowInEasing)
                         ^
core/designsystem/src/main/kotlin/com/autodrive/app/core/designsystem/foundation/motion/MotionTokens.kt:14:71: error: unresolved reference: FastOutSlowInEasing
    fun <T> standard() = tween<T>(durationMillis = Standard, easing = FastOutSlowInEasing)
                                                                      ^
core/designsystem/src/main/kotlin/com/autodrive/app/core/designsystem/foundation/motion/MotionTokens.kt:15:28: error: unresolved reference: tween
    fun <T> emphasized() = tween<T>(durationMillis = Emphasized, easing = FastOutSlowInEasing)
                           ^
core/designsystem/src/main/kotlin/com/autodrive/app/core/designsystem/foundation/motion/MotionTokens.kt:15:75: error: unresolved reference: FastOutSlowInEasing
    fun <T> emphasized() = tween<T>(durationMillis = Emphasized, easing = FastOutSlowInEasing)
                                                                          ^
core/designsystem/src/main/kotlin/com/autodrive/app/core/designsystem/foundation/radius/RadiusTokens.kt:3:8: error: unresolved reference: androidx
import androidx.compose.foundation.shape.RoundedCornerShape
       ^
core/designsystem/src/main/kotlin/com/autodrive/app/core/designsystem/foundation/radius/RadiusTokens.kt:4:8: error: unresolved reference: androidx
import androidx.compose.ui.unit.dp
       ^
core/designsystem/src/main/kotlin/com/autodrive/app/core/designsystem/foundation/radius/RadiusTokens.kt:7:18: error: unresolved reference: dp
    val None = 0.dp
                 ^
core/designsystem/src/main/kotlin/com/autodrive/app/core/designsystem/foundation/radius/RadiusTokens.kt:8:16: error: unresolved reference: dp
    val SM = 8.dp
               ^
core/designsystem/src/main/kotlin/com/autodrive/app/core/designsystem/foundation/radius/RadiusTokens.kt:9:17: error: unresolved reference: dp
    val MD = 12.dp
                ^
core/designsystem/src/main/kotlin/com/autodrive/app/core/designsystem/foundation/radius/RadiusTokens.kt:10:17: error: unresolved reference: dp
    val LG = 16.dp
                ^
core/designsystem/src/main/kotlin/com/autodrive/app/core/designsystem/foundation/radius/RadiusTokens.kt:11:17: error: unresolved reference: dp
    val XL = 20.dp
                ^
core/designsystem/src/main/kotlin/com/autodrive/app/core/designsystem/foundation/radius/RadiusTokens.kt:12:18: error: unresolved reference: dp
    val X2L = 24.dp
                 ^
core/designsystem/src/main/kotlin/com/autodrive/app/core/designsystem/foundation/radius/RadiusTokens.kt:13:20: error: unresolved reference: dp
    val Full = 999.dp
                   ^
core/designsystem/src/main/kotlin/com/autodrive/app/core/designsystem/foundation/radius/RadiusTokens.kt:15:22: error: unresolved reference: RoundedCornerShape
    val SmallShape = RoundedCornerShape(SM)
                     ^
core/designsystem/src/main/kotlin/com/autodrive/app/core/designsystem/foundation/radius/RadiusTokens.kt:16:23: error: unresolved reference: RoundedCornerShape
    val MediumShape = RoundedCornerShape(MD)
                      ^
core/designsystem/src/main/kotlin/com/autodrive/app/core/designsystem/foundation/radius/RadiusTokens.kt:17:22: error: unresolved reference: RoundedCornerShape
    val LargeShape = RoundedCornerShape(LG)
                     ^
core/designsystem/src/main/kotlin/com/autodrive/app/core/designsystem/foundation/radius/RadiusTokens.kt:18:27: error: unresolved reference: RoundedCornerShape
    val ExtraLargeShape = RoundedCornerShape(XL)
                          ^
core/designsystem/src/main/kotlin/com/autodrive/app/core/designsystem/foundation/radius/RadiusTokens.kt:19:21: error: unresolved reference: RoundedCornerShape
    val HeroShape = RoundedCornerShape(X2L)
                    ^
core/designsystem/src/main/kotlin/com/autodrive/app/core/designsystem/foundation/radius/RadiusTokens.kt:20:21: error: unresolved reference: RoundedCornerShape
    val PillShape = RoundedCornerShape(Full)
                    ^
core/designsystem/src/main/kotlin/com/autodrive/app/core/designsystem/foundation/spacing/SpacingTokens.kt:3:8: error: unresolved reference: androidx
import androidx.compose.ui.unit.dp
       ^
core/designsystem/src/main/kotlin/com/autodrive/app/core/designsystem/foundation/spacing/SpacingTokens.kt:6:21: error: unresolved reference: dp
    val Optical = 2.dp
                    ^
core/designsystem/src/main/kotlin/com/autodrive/app/core/designsystem/foundation/spacing/SpacingTokens.kt:7:16: error: unresolved reference: dp
    val XS = 4.dp
               ^
core/designsystem/src/main/kotlin/com/autodrive/app/core/designsystem/foundation/spacing/SpacingTokens.kt:8:16: error: unresolved reference: dp
    val SM = 8.dp
               ^
core/designsystem/src/main/kotlin/com/autodrive/app/core/designsystem/foundation/spacing/SpacingTokens.kt:9:17: error: unresolved reference: dp
    val MD = 12.dp
                ^
core/designsystem/src/main/kotlin/com/autodrive/app/core/designsystem/foundation/spacing/SpacingTokens.kt:10:17: error: unresolved reference: dp
    val LG = 16.dp
                ^
core/designsystem/src/main/kotlin/com/autodrive/app/core/designsystem/foundation/spacing/SpacingTokens.kt:11:17: error: unresolved reference: dp
    val XL = 20.dp
                ^
core/designsystem/src/main/kotlin/com/autodrive/app/core/designsystem/foundation/spacing/SpacingTokens.kt:12:18: error: unresolved reference: dp
    val X2L = 24.dp
                 ^
core/designsystem/src/main/kotlin/com/autodrive/app/core/designsystem/foundation/spacing/SpacingTokens.kt:13:18: error: unresolved reference: dp
    val X3L = 32.dp
                 ^
core/designsystem/src/main/kotlin/com/autodrive/app/core/designsystem/foundation/spacing/SpacingTokens.kt:14:18: error: unresolved reference: dp
    val X4L = 40.dp
                 ^
core/designsystem/src/main/kotlin/com/autodrive/app/core/designsystem/foundation/spacing/SpacingTokens.kt:15:18: error: unresolved reference: dp
    val X5L = 48.dp
                 ^
core/designsystem/src/main/kotlin/com/autodrive/app/core/designsystem/foundation/spacing/SpacingTokens.kt:16:18: error: unresolved reference: dp
    val X6L = 64.dp
                 ^
core/designsystem/src/main/kotlin/com/autodrive/app/core/designsystem/foundation/spacing/SpacingTokens.kt:22:24: error: unresolved reference: dp
    val Readable = 600.dp
                       ^
core/designsystem/src/main/kotlin/com/autodrive/app/core/designsystem/foundation/spacing/SpacingTokens.kt:25:25: error: unresolved reference: dp
    val Dashboard = 840.dp
                        ^
core/designsystem/src/main/kotlin/com/autodrive/app/core/designsystem/foundation/spacing/SpacingTokens.kt:28:31: error: unresolved reference: dp
    val ReportTwoColumn = 360.dp
                              ^
core/designsystem/src/main/kotlin/com/autodrive/app/core/designsystem/foundation/typography/TypographyTokens.kt:3:8: error: unresolved reference: androidx
import androidx.compose.material3.Typography
       ^
core/designsystem/src/main/kotlin/com/autodrive/app/core/designsystem/foundation/typography/TypographyTokens.kt:4:8: error: unresolved reference: androidx
import androidx.compose.ui.text.TextStyle
       ^
core/designsystem/src/main/kotlin/com/autodrive/app/core/designsystem/foundation/typography/TypographyTokens.kt:5:8: error: unresolved reference: androidx
import androidx.compose.ui.text.font.Font
       ^
core/designsystem/src/main/kotlin/com/autodrive/app/core/designsystem/foundation/typography/TypographyTokens.kt:6:8: error: unresolved reference: androidx
import androidx.compose.ui.text.font.FontFamily
       ^
core/designsystem/src/main/kotlin/com/autodrive/app/core/designsystem/foundation/typography/TypographyTokens.kt:7:8: error: unresolved reference: androidx
import androidx.compose.ui.text.font.FontWeight
       ^
core/designsystem/src/main/kotlin/com/autodrive/app/core/designsystem/foundation/typography/TypographyTokens.kt:8:8: error: unresolved reference: androidx
import androidx.compose.ui.unit.sp
       ^
core/designsystem/src/main/kotlin/com/autodrive/app/core/designsystem/foundation/typography/TypographyTokens.kt:9:44: error: unresolved reference: R
import com.autodrive.app.core.designsystem.R
                                           ^
core/designsystem/src/main/kotlin/com/autodrive/app/core/designsystem/foundation/typography/TypographyTokens.kt:11:24: error: unresolved reference: FontFamily
val AutoDriveTajawal = FontFamily(
                       ^
core/designsystem/src/main/kotlin/com/autodrive/app/core/designsystem/foundation/typography/TypographyTokens.kt:12:5: error: unresolved reference: Font
    Font(R.font.tajawal_regular, FontWeight.Normal),
    ^
core/designsystem/src/main/kotlin/com/autodrive/app/core/designsystem/foundation/typography/TypographyTokens.kt:12:10: error: unresolved reference: R
    Font(R.font.tajawal_regular, FontWeight.Normal),
         ^
core/designsystem/src/main/kotlin/com/autodrive/app/core/designsystem/foundation/typography/TypographyTokens.kt:12:34: error: unresolved reference: FontWeight
    Font(R.font.tajawal_regular, FontWeight.Normal),
                                 ^
core/designsystem/src/main/kotlin/com/autodrive/app/core/designsystem/foundation/typography/TypographyTokens.kt:13:5: error: unresolved reference: Font
    Font(R.font.tajawal_medium, FontWeight.Medium),
    ^
core/designsystem/src/main/kotlin/com/autodrive/app/core/designsystem/foundation/typography/TypographyTokens.kt:13:10: error: unresolved reference: R
    Font(R.font.tajawal_medium, FontWeight.Medium),
         ^
core/designsystem/src/main/kotlin/com/autodrive/app/core/designsystem/foundation/typography/TypographyTokens.kt:13:33: error: unresolved reference: FontWeight
    Font(R.font.tajawal_medium, FontWeight.Medium),
                                ^
core/designsystem/src/main/kotlin/com/autodrive/app/core/designsystem/foundation/typography/TypographyTokens.kt:14:5: error: unresolved reference: Font
    Font(R.font.tajawal_bold, FontWeight.Bold),
    ^
core/designsystem/src/main/kotlin/com/autodrive/app/core/designsystem/foundation/typography/TypographyTokens.kt:14:10: error: unresolved reference: R
    Font(R.font.tajawal_bold, FontWeight.Bold),
         ^
core/designsystem/src/main/kotlin/com/autodrive/app/core/designsystem/foundation/typography/TypographyTokens.kt:14:31: error: unresolved reference: FontWeight
    Font(R.font.tajawal_bold, FontWeight.Bold),
                              ^
core/designsystem/src/main/kotlin/com/autodrive/app/core/designsystem/foundation/typography/TypographyTokens.kt:15:5: error: unresolved reference: Font
    Font(R.font.tajawal_extrabold, FontWeight.ExtraBold),
    ^
core/designsystem/src/main/kotlin/com/autodrive/app/core/designsystem/foundation/typography/TypographyTokens.kt:15:10: error: unresolved reference: R
    Font(R.font.tajawal_extrabold, FontWeight.ExtraBold),
         ^
core/designsystem/src/main/kotlin/com/autodrive/app/core/designsystem/foundation/typography/TypographyTokens.kt:15:36: error: unresolved reference: FontWeight
    Font(R.font.tajawal_extrabold, FontWeight.ExtraBold),
                                   ^
core/designsystem/src/main/kotlin/com/autodrive/app/core/designsystem/foundation/typography/TypographyTokens.kt:18:27: error: unresolved reference. None of the following candidates is applicable because of receiver type mismatch: 
public operator fun <T, R> DeepRecursiveFunction<TypeVariable(T), TypeVariable(R)>.invoke(value: TypeVariable(T)): TypeVariable(R) defined in kotlin
val AutoDriveTypography = Typography(
                          ^
core/designsystem/src/main/kotlin/com/autodrive/app/core/designsystem/foundation/typography/TypographyTokens.kt:19:20: error: unresolved reference: TextStyle
    displayLarge = TextStyle(fontFamily = AutoDriveTajawal, fontWeight = FontWeight.ExtraBold, fontSize = 48.sp, lineHeight = 56.sp, letterSpacing = (-0.5).sp),
                   ^
core/designsystem/src/main/kotlin/com/autodrive/app/core/designsystem/foundation/typography/TypographyTokens.kt:19:74: error: unresolved reference: FontWeight
    displayLarge = TextStyle(fontFamily = AutoDriveTajawal, fontWeight = FontWeight.ExtraBold, fontSize = 48.sp, lineHeight = 56.sp, letterSpacing = (-0.5).sp),
                                                                         ^
core/designsystem/src/main/kotlin/com/autodrive/app/core/designsystem/foundation/typography/TypographyTokens.kt:19:110: error: unresolved reference: sp
    displayLarge = TextStyle(fontFamily = AutoDriveTajawal, fontWeight = FontWeight.ExtraBold, fontSize = 48.sp, lineHeight = 56.sp, letterSpacing = (-0.5).sp),
                                                                                                             ^
core/designsystem/src/main/kotlin/com/autodrive/app/core/designsystem/foundation/typography/TypographyTokens.kt:19:130: error: unresolved reference: sp
    displayLarge = TextStyle(fontFamily = AutoDriveTajawal, fontWeight = FontWeight.ExtraBold, fontSize = 48.sp, lineHeight = 56.sp, letterSpacing = (-0.5).sp),
                                                                                                                                 ^
core/designsystem/src/main/kotlin/com/autodrive/app/core/designsystem/foundation/typography/TypographyTokens.kt:19:157: error: unresolved reference: sp
    displayLarge = TextStyle(fontFamily = AutoDriveTajawal, fontWeight = FontWeight.ExtraBold, fontSize = 48.sp, lineHeight = 56.sp, letterSpacing = (-0.5).sp),
                                                                                                                                                            ^
core/designsystem/src/main/kotlin/com/autodrive/app/core/designsystem/foundation/typography/TypographyTokens.kt:20:21: error: unresolved reference: TextStyle
    displayMedium = TextStyle(fontFamily = AutoDriveTajawal, fontWeight = FontWeight.Bold, fontSize = 36.sp, lineHeight = 44.sp),
                    ^
core/designsystem/src/main/kotlin/com/autodrive/app/core/designsystem/foundation/typography/TypographyTokens.kt:20:75: error: unresolved reference: FontWeight
    displayMedium = TextStyle(fontFamily = AutoDriveTajawal, fontWeight = FontWeight.Bold, fontSize = 36.sp, lineHeight = 44.sp),
                                                                          ^
core/designsystem/src/main/kotlin/com/autodrive/app/core/designsystem/foundation/typography/TypographyTokens.kt:20:106: error: unresolved reference: sp
    displayMedium = TextStyle(fontFamily = AutoDriveTajawal, fontWeight = FontWeight.Bold, fontSize = 36.sp, lineHeight = 44.sp),
                                                                                                         ^
core/designsystem/src/main/kotlin/com/autodrive/app/core/designsystem/foundation/typography/TypographyTokens.kt:20:126: error: unresolved reference: sp
    displayMedium = TextStyle(fontFamily = AutoDriveTajawal, fontWeight = FontWeight.Bold, fontSize = 36.sp, lineHeight = 44.sp),
                                                                                                                             ^
core/designsystem/src/main/kotlin/com/autodrive/app/core/designsystem/foundation/typography/TypographyTokens.kt:21:20: error: unresolved reference: TextStyle
    displaySmall = TextStyle(fontFamily = AutoDriveTajawal, fontWeight = FontWeight.Bold, fontSize = 28.sp, lineHeight = 36.sp),
                   ^
core/designsystem/src/main/kotlin/com/autodrive/app/core/designsystem/foundation/typography/TypographyTokens.kt:21:74: error: unresolved reference: FontWeight
    displaySmall = TextStyle(fontFamily = AutoDriveTajawal, fontWeight = FontWeight.Bold, fontSize = 28.sp, lineHeight = 36.sp),
                                                                         ^
core/designsystem/src/main/kotlin/com/autodrive/app/core/designsystem/foundation/typography/TypographyTokens.kt:21:105: error: unresolved reference: sp
    displaySmall = TextStyle(fontFamily = AutoDriveTajawal, fontWeight = FontWeight.Bold, fontSize = 28.sp, lineHeight = 36.sp),
                                                                                                        ^
core/designsystem/src/main/kotlin/com/autodrive/app/core/designsystem/foundation/typography/TypographyTokens.kt:21:125: error: unresolved reference: sp
    displaySmall = TextStyle(fontFamily = AutoDriveTajawal, fontWeight = FontWeight.Bold, fontSize = 28.sp, lineHeight = 36.sp),
                                                                                                                            ^
core/designsystem/src/main/kotlin/com/autodrive/app/core/designsystem/foundation/typography/TypographyTokens.kt:22:21: error: unresolved reference: TextStyle
    headlineLarge = TextStyle(fontFamily = AutoDriveTajawal, fontWeight = FontWeight.Bold, fontSize = 24.sp, lineHeight = 32.sp),
                    ^
core/designsystem/src/main/kotlin/com/autodrive/app/core/designsystem/foundation/typography/TypographyTokens.kt:22:75: error: unresolved reference: FontWeight
    headlineLarge = TextStyle(fontFamily = AutoDriveTajawal, fontWeight = FontWeight.Bold, fontSize = 24.sp, lineHeight = 32.sp),
                                                                          ^
core/designsystem/src/main/kotlin/com/autodrive/app/core/designsystem/foundation/typography/TypographyTokens.kt:22:106: error: unresolved reference: sp
    headlineLarge = TextStyle(fontFamily = AutoDriveTajawal, fontWeight = FontWeight.Bold, fontSize = 24.sp, lineHeight = 32.sp),
                                                                                                         ^
core/designsystem/src/main/kotlin/com/autodrive/app/core/designsystem/foundation/typography/TypographyTokens.kt:22:126: error: unresolved reference: sp
    headlineLarge = TextStyle(fontFamily = AutoDriveTajawal, fontWeight = FontWeight.Bold, fontSize = 24.sp, lineHeight = 32.sp),
                                                                                                                             ^
core/designsystem/src/main/kotlin/com/autodrive/app/core/designsystem/foundation/typography/TypographyTokens.kt:23:22: error: unresolved reference: TextStyle
    headlineMedium = TextStyle(fontFamily = AutoDriveTajawal, fontWeight = FontWeight.Bold, fontSize = 20.sp, lineHeight = 28.sp),
                     ^
core/designsystem/src/main/kotlin/com/autodrive/app/core/designsystem/foundation/typography/TypographyTokens.kt:23:76: error: unresolved reference: FontWeight
    headlineMedium = TextStyle(fontFamily = AutoDriveTajawal, fontWeight = FontWeight.Bold, fontSize = 20.sp, lineHeight = 28.sp),
                                                                           ^
core/designsystem/src/main/kotlin/com/autodrive/app/core/designsystem/foundation/typography/TypographyTokens.kt:23:107: error: unresolved reference: sp
    headlineMedium = TextStyle(fontFamily = AutoDriveTajawal, fontWeight = FontWeight.Bold, fontSize = 20.sp, lineHeight = 28.sp),
                                                                                                          ^
core/designsystem/src/main/kotlin/com/autodrive/app/core/designsystem/foundation/typography/TypographyTokens.kt:23:127: error: unresolved reference: sp
    headlineMedium = TextStyle(fontFamily = AutoDriveTajawal, fontWeight = FontWeight.Bold, fontSize = 20.sp, lineHeight = 28.sp),
                                                                                                                              ^
core/designsystem/src/main/kotlin/com/autodrive/app/core/designsystem/foundation/typography/TypographyTokens.kt:24:21: error: unresolved reference: TextStyle
    headlineSmall = TextStyle(fontFamily = AutoDriveTajawal, fontWeight = FontWeight.Medium, fontSize = 18.sp, lineHeight = 26.sp),
                    ^
core/designsystem/src/main/kotlin/com/autodrive/app/core/designsystem/foundation/typography/TypographyTokens.kt:24:75: error: unresolved reference: FontWeight
    headlineSmall = TextStyle(fontFamily = AutoDriveTajawal, fontWeight = FontWeight.Medium, fontSize = 18.sp, lineHeight = 26.sp),
                                                                          ^
core/designsystem/src/main/kotlin/com/autodrive/app/core/designsystem/foundation/typography/TypographyTokens.kt:24:108: error: unresolved reference: sp
    headlineSmall = TextStyle(fontFamily = AutoDriveTajawal, fontWeight = FontWeight.Medium, fontSize = 18.sp, lineHeight = 26.sp),
                                                                                                           ^
core/designsystem/src/main/kotlin/com/autodrive/app/core/designsystem/foundation/typography/TypographyTokens.kt:24:128: error: unresolved reference: sp
    headlineSmall = TextStyle(fontFamily = AutoDriveTajawal, fontWeight = FontWeight.Medium, fontSize = 18.sp, lineHeight = 26.sp),
                                                                                                                               ^
core/designsystem/src/main/kotlin/com/autodrive/app/core/designsystem/foundation/typography/TypographyTokens.kt:25:18: error: unresolved reference: TextStyle
    titleLarge = TextStyle(fontFamily = AutoDriveTajawal, fontWeight = FontWeight.Medium, fontSize = 16.sp, lineHeight = 24.sp),
                 ^
core/designsystem/src/main/kotlin/com/autodrive/app/core/designsystem/foundation/typography/TypographyTokens.kt:25:72: error: unresolved reference: FontWeight
    titleLarge = TextStyle(fontFamily = AutoDriveTajawal, fontWeight = FontWeight.Medium, fontSize = 16.sp, lineHeight = 24.sp),
                                                                       ^
core/designsystem/src/main/kotlin/com/autodrive/app/core/designsystem/foundation/typography/TypographyTokens.kt:25:105: error: unresolved reference: sp
    titleLarge = TextStyle(fontFamily = AutoDriveTajawal, fontWeight = FontWeight.Medium, fontSize = 16.sp, lineHeight = 24.sp),
                                                                                                        ^
core/designsystem/src/main/kotlin/com/autodrive/app/core/designsystem/foundation/typography/TypographyTokens.kt:25:125: error: unresolved reference: sp
    titleLarge = TextStyle(fontFamily = AutoDriveTajawal, fontWeight = FontWeight.Medium, fontSize = 16.sp, lineHeight = 24.sp),
                                                                                                                            ^
core/designsystem/src/main/kotlin/com/autodrive/app/core/designsystem/foundation/typography/TypographyTokens.kt:26:19: error: unresolved reference: TextStyle
    titleMedium = TextStyle(fontFamily = AutoDriveTajawal, fontWeight = FontWeight.Medium, fontSize = 14.sp, lineHeight = 20.sp, letterSpacing = 0.1.sp),
                  ^
core/designsystem/src/main/kotlin/com/autodrive/app/core/designsystem/foundation/typography/TypographyTokens.kt:26:73: error: unresolved reference: FontWeight
    titleMedium = TextStyle(fontFamily = AutoDriveTajawal, fontWeight = FontWeight.Medium, fontSize = 14.sp, lineHeight = 20.sp, letterSpacing = 0.1.sp),
                                                                        ^
core/designsystem/src/main/kotlin/com/autodrive/app/core/designsystem/foundation/typography/TypographyTokens.kt:26:106: error: unresolved reference: sp
    titleMedium = TextStyle(fontFamily = AutoDriveTajawal, fontWeight = FontWeight.Medium, fontSize = 14.sp, lineHeight = 20.sp, letterSpacing = 0.1.sp),
                                                                                                         ^
core/designsystem/src/main/kotlin/com/autodrive/app/core/designsystem/foundation/typography/TypographyTokens.kt:26:126: error: unresolved reference: sp
    titleMedium = TextStyle(fontFamily = AutoDriveTajawal, fontWeight = FontWeight.Medium, fontSize = 14.sp, lineHeight = 20.sp, letterSpacing = 0.1.sp),
                                                                                                                             ^
core/designsystem/src/main/kotlin/com/autodrive/app/core/designsystem/foundation/typography/TypographyTokens.kt:26:150: error: unresolved reference: sp
    titleMedium = TextStyle(fontFamily = AutoDriveTajawal, fontWeight = FontWeight.Medium, fontSize = 14.sp, lineHeight = 20.sp, letterSpacing = 0.1.sp),
                                                                                                                                                     ^
core/designsystem/src/main/kotlin/com/autodrive/app/core/designsystem/foundation/typography/TypographyTokens.kt:27:18: error: unresolved reference: TextStyle
    titleSmall = TextStyle(fontFamily = AutoDriveTajawal, fontWeight = FontWeight.Medium, fontSize = 13.sp, lineHeight = 20.sp),
                 ^
core/designsystem/src/main/kotlin/com/autodrive/app/core/designsystem/foundation/typography/TypographyTokens.kt:27:72: error: unresolved reference: FontWeight
    titleSmall = TextStyle(fontFamily = AutoDriveTajawal, fontWeight = FontWeight.Medium, fontSize = 13.sp, lineHeight = 20.sp),
                                                                       ^
core/designsystem/src/main/kotlin/com/autodrive/app/core/designsystem/foundation/typography/TypographyTokens.kt:27:105: error: unresolved reference: sp
    titleSmall = TextStyle(fontFamily = AutoDriveTajawal, fontWeight = FontWeight.Medium, fontSize = 13.sp, lineHeight = 20.sp),
                                                                                                        ^
core/designsystem/src/main/kotlin/com/autodrive/app/core/designsystem/foundation/typography/TypographyTokens.kt:27:125: error: unresolved reference: sp
    titleSmall = TextStyle(fontFamily = AutoDriveTajawal, fontWeight = FontWeight.Medium, fontSize = 13.sp, lineHeight = 20.sp),
                                                                                                                            ^
core/designsystem/src/main/kotlin/com/autodrive/app/core/designsystem/foundation/typography/TypographyTokens.kt:28:17: error: unresolved reference: TextStyle
    bodyLarge = TextStyle(fontFamily = AutoDriveTajawal, fontWeight = FontWeight.Normal, fontSize = 16.sp, lineHeight = 24.sp),
                ^
core/designsystem/src/main/kotlin/com/autodrive/app/core/designsystem/foundation/typography/TypographyTokens.kt:28:71: error: unresolved reference: FontWeight
    bodyLarge = TextStyle(fontFamily = AutoDriveTajawal, fontWeight = FontWeight.Normal, fontSize = 16.sp, lineHeight = 24.sp),
                                                                      ^
core/designsystem/src/main/kotlin/com/autodrive/app/core/designsystem/foundation/typography/TypographyTokens.kt:28:104: error: unresolved reference: sp
    bodyLarge = TextStyle(fontFamily = AutoDriveTajawal, fontWeight = FontWeight.Normal, fontSize = 16.sp, lineHeight = 24.sp),
                                                                                                       ^
core/designsystem/src/main/kotlin/com/autodrive/app/core/designsystem/foundation/typography/TypographyTokens.kt:28:124: error: unresolved reference: sp
    bodyLarge = TextStyle(fontFamily = AutoDriveTajawal, fontWeight = FontWeight.Normal, fontSize = 16.sp, lineHeight = 24.sp),
                                                                                                                           ^
core/designsystem/src/main/kotlin/com/autodrive/app/core/designsystem/foundation/typography/TypographyTokens.kt:29:18: error: unresolved reference: TextStyle
    bodyMedium = TextStyle(fontFamily = AutoDriveTajawal, fontWeight = FontWeight.Normal, fontSize = 14.sp, lineHeight = 20.sp),
                 ^
core/designsystem/src/main/kotlin/com/autodrive/app/core/designsystem/foundation/typography/TypographyTokens.kt:29:72: error: unresolved reference: FontWeight
    bodyMedium = TextStyle(fontFamily = AutoDriveTajawal, fontWeight = FontWeight.Normal, fontSize = 14.sp, lineHeight = 20.sp),
                                                                       ^
core/designsystem/src/main/kotlin/com/autodrive/app/core/designsystem/foundation/typography/TypographyTokens.kt:29:105: error: unresolved reference: sp
    bodyMedium = TextStyle(fontFamily = AutoDriveTajawal, fontWeight = FontWeight.Normal, fontSize = 14.sp, lineHeight = 20.sp),
                                                                                                        ^
core/designsystem/src/main/kotlin/com/autodrive/app/core/designsystem/foundation/typography/TypographyTokens.kt:29:125: error: unresolved reference: sp
    bodyMedium = TextStyle(fontFamily = AutoDriveTajawal, fontWeight = FontWeight.Normal, fontSize = 14.sp, lineHeight = 20.sp),
                                                                                                                            ^
core/designsystem/src/main/kotlin/com/autodrive/app/core/designsystem/foundation/typography/TypographyTokens.kt:30:17: error: unresolved reference: TextStyle
    bodySmall = TextStyle(fontFamily = AutoDriveTajawal, fontWeight = FontWeight.Normal, fontSize = 12.sp, lineHeight = 16.sp),
                ^
core/designsystem/src/main/kotlin/com/autodrive/app/core/designsystem/foundation/typography/TypographyTokens.kt:30:71: error: unresolved reference: FontWeight
    bodySmall = TextStyle(fontFamily = AutoDriveTajawal, fontWeight = FontWeight.Normal, fontSize = 12.sp, lineHeight = 16.sp),
                                                                      ^
core/designsystem/src/main/kotlin/com/autodrive/app/core/designsystem/foundation/typography/TypographyTokens.kt:30:104: error: unresolved reference: sp
    bodySmall = TextStyle(fontFamily = AutoDriveTajawal, fontWeight = FontWeight.Normal, fontSize = 12.sp, lineHeight = 16.sp),
                                                                                                       ^
core/designsystem/src/main/kotlin/com/autodrive/app/core/designsystem/foundation/typography/TypographyTokens.kt:30:124: error: unresolved reference: sp
    bodySmall = TextStyle(fontFamily = AutoDriveTajawal, fontWeight = FontWeight.Normal, fontSize = 12.sp, lineHeight = 16.sp),
                                                                                                                           ^
core/designsystem/src/main/kotlin/com/autodrive/app/core/designsystem/foundation/typography/TypographyTokens.kt:31:18: error: unresolved reference: TextStyle
    labelLarge = TextStyle(fontFamily = AutoDriveTajawal, fontWeight = FontWeight.Bold, fontSize = 16.sp, lineHeight = 20.sp, letterSpacing = 0.5.sp),
                 ^
core/designsystem/src/main/kotlin/com/autodrive/app/core/designsystem/foundation/typography/TypographyTokens.kt:31:72: error: unresolved reference: FontWeight
    labelLarge = TextStyle(fontFamily = AutoDriveTajawal, fontWeight = FontWeight.Bold, fontSize = 16.sp, lineHeight = 20.sp, letterSpacing = 0.5.sp),
                                                                       ^
core/designsystem/src/main/kotlin/com/autodrive/app/core/designsystem/foundation/typography/TypographyTokens.kt:31:103: error: unresolved reference: sp
    labelLarge = TextStyle(fontFamily = AutoDriveTajawal, fontWeight = FontWeight.Bold, fontSize = 16.sp, lineHeight = 20.sp, letterSpacing = 0.5.sp),
                                                                                                      ^
core/designsystem/src/main/kotlin/com/autodrive/app/core/designsystem/foundation/typography/TypographyTokens.kt:31:123: error: unresolved reference: sp
    labelLarge = TextStyle(fontFamily = AutoDriveTajawal, fontWeight = FontWeight.Bold, fontSize = 16.sp, lineHeight = 20.sp, letterSpacing = 0.5.sp),
                                                                                                                          ^
core/designsystem/src/main/kotlin/com/autodrive/app/core/designsystem/foundation/typography/TypographyTokens.kt:31:147: error: unresolved reference: sp
    labelLarge = TextStyle(fontFamily = AutoDriveTajawal, fontWeight = FontWeight.Bold, fontSize = 16.sp, lineHeight = 20.sp, letterSpacing = 0.5.sp),
                                                                                                                                                  ^
core/designsystem/src/main/kotlin/com/autodrive/app/core/designsystem/foundation/typography/TypographyTokens.kt:32:19: error: unresolved reference: TextStyle
    labelMedium = TextStyle(fontFamily = AutoDriveTajawal, fontWeight = FontWeight.Medium, fontSize = 13.sp, lineHeight = 16.sp),
                  ^
core/designsystem/src/main/kotlin/com/autodrive/app/core/designsystem/foundation/typography/TypographyTokens.kt:32:73: error: unresolved reference: FontWeight
    labelMedium = TextStyle(fontFamily = AutoDriveTajawal, fontWeight = FontWeight.Medium, fontSize = 13.sp, lineHeight = 16.sp),
                                                                        ^
core/designsystem/src/main/kotlin/com/autodrive/app/core/designsystem/foundation/typography/TypographyTokens.kt:32:106: error: unresolved reference: sp
    labelMedium = TextStyle(fontFamily = AutoDriveTajawal, fontWeight = FontWeight.Medium, fontSize = 13.sp, lineHeight = 16.sp),
                                                                                                         ^
core/designsystem/src/main/kotlin/com/autodrive/app/core/designsystem/foundation/typography/TypographyTokens.kt:32:126: error: unresolved reference: sp
    labelMedium = TextStyle(fontFamily = AutoDriveTajawal, fontWeight = FontWeight.Medium, fontSize = 13.sp, lineHeight = 16.sp),
                                                                                                                             ^
core/designsystem/src/main/kotlin/com/autodrive/app/core/designsystem/foundation/typography/TypographyTokens.kt:33:18: error: unresolved reference: TextStyle
    labelSmall = TextStyle(fontFamily = AutoDriveTajawal, fontWeight = FontWeight.Medium, fontSize = 11.sp, lineHeight = 16.sp),
                 ^
core/designsystem/src/main/kotlin/com/autodrive/app/core/designsystem/foundation/typography/TypographyTokens.kt:33:72: error: unresolved reference: FontWeight
    labelSmall = TextStyle(fontFamily = AutoDriveTajawal, fontWeight = FontWeight.Medium, fontSize = 11.sp, lineHeight = 16.sp),
                                                                       ^
core/designsystem/src/main/kotlin/com/autodrive/app/core/designsystem/foundation/typography/TypographyTokens.kt:33:105: error: unresolved reference: sp
    labelSmall = TextStyle(fontFamily = AutoDriveTajawal, fontWeight = FontWeight.Medium, fontSize = 11.sp, lineHeight = 16.sp),
                                                                                                        ^
core/designsystem/src/main/kotlin/com/autodrive/app/core/designsystem/foundation/typography/TypographyTokens.kt:33:125: error: unresolved reference: sp
    labelSmall = TextStyle(fontFamily = AutoDriveTajawal, fontWeight = FontWeight.Medium, fontSize = 11.sp, lineHeight = 16.sp),
                                                                                                                            ^
core/designsystem/src/main/kotlin/com/autodrive/app/core/designsystem/foundation/typography/TypographyTokens.kt:36:23: error: unresolved reference: TextStyle
val AutoDriveStatXL = TextStyle(
                      ^
core/designsystem/src/main/kotlin/com/autodrive/app/core/designsystem/foundation/typography/TypographyTokens.kt:38:18: error: unresolved reference: FontWeight
    fontWeight = FontWeight.ExtraBold,
                 ^
core/designsystem/src/main/kotlin/com/autodrive/app/core/designsystem/foundation/typography/TypographyTokens.kt:39:19: error: unresolved reference: sp
    fontSize = 60.sp,
                  ^
core/designsystem/src/main/kotlin/com/autodrive/app/core/designsystem/foundation/typography/TypographyTokens.kt:40:21: error: unresolved reference: sp
    lineHeight = 68.sp,
                    ^
core/designsystem/src/main/kotlin/com/autodrive/app/core/designsystem/patterns/conversation/ConversationItem.kt:3:8: error: unresolved reference: androidx
import androidx.compose.foundation.layout.Box
       ^
core/designsystem/src/main/kotlin/com/autodrive/app/core/designsystem/patterns/conversation/ConversationItem.kt:4:8: error: unresolved reference: androidx
import androidx.compose.foundation.layout.Column
       ^
core/designsystem/src/main/kotlin/com/autodrive/app/core/designsystem/patterns/conversation/ConversationItem.kt:5:8: error: unresolved reference: androidx
import androidx.compose.foundation.layout.Row
       ^
core/designsystem/src/main/kotlin/com/autodrive/app/core/designsystem/patterns/conversation/ConversationItem.kt:6:8: error: unresolved reference: androidx
import androidx.compose.foundation.layout.padding
       ^
core/designsystem/src/main/kotlin/com/autodrive/app/core/designsystem/patterns/conversation/ConversationItem.kt:7:8: error: unresolved reference: androidx
import androidx.compose.material3.MaterialTheme
       ^
core/designsystem/src/main/kotlin/com/autodrive/app/core/designsystem/patterns/conversation/ConversationItem.kt:8:8: error: unresolved reference: androidx
import androidx.compose.material3.Text
       ^
core/designsystem/src/main/kotlin/com/autodrive/app/core/designsystem/patterns/conversation/ConversationItem.kt:9:8: error: unresolved reference: androidx
import androidx.compose.runtime.Composable
       ^
core/designsystem/src/main/kotlin/com/autodrive/app/core/designsystem/patterns/conversation/ConversationItem.kt:10:8: error: unresolved reference: androidx
import androidx.compose.ui.Alignment
       ^
core/designsystem/src/main/kotlin/com/autodrive/app/core/designsystem/patterns/conversation/ConversationItem.kt:11:8: error: unresolved reference: androidx
import androidx.compose.ui.Modifier
       ^
core/designsystem/src/main/kotlin/com/autodrive/app/core/designsystem/patterns/conversation/ConversationItem.kt:12:8: error: unresolved reference: androidx
import androidx.compose.ui.semantics.semantics
       ^
core/designsystem/src/main/kotlin/com/autodrive/app/core/designsystem/patterns/conversation/ConversationItem.kt:13:8: error: unresolved reference: androidx
import androidx.compose.ui.semantics.stateDescription
       ^
core/designsystem/src/main/kotlin/com/autodrive/app/core/designsystem/patterns/conversation/ConversationItem.kt:14:8: error: unresolved reference: androidx
import androidx.compose.ui.tooling.preview.Preview
       ^
core/designsystem/src/main/kotlin/com/autodrive/app/core/designsystem/patterns/conversation/ConversationItem.kt:23:2: error: unresolved reference: Composable
@Composable
 ^
core/designsystem/src/main/kotlin/com/autodrive/app/core/designsystem/patterns/conversation/ConversationItem.kt:29:15: error: unresolved reference: Modifier
    modifier: Modifier = Modifier,
              ^
core/designsystem/src/main/kotlin/com/autodrive/app/core/designsystem/patterns/conversation/ConversationItem.kt:29:26: error: unresolved reference: Modifier
    modifier: Modifier = Modifier,
                         ^
core/designsystem/src/main/kotlin/com/autodrive/app/core/designsystem/patterns/conversation/ConversationItem.kt:35:34: error: unresolved reference: Modifier
            if (unreadCount > 0) Modifier.semantics { stateDescription = "$unreadCount ????? ??? ??????" } else Modifier
                                 ^
core/designsystem/src/main/kotlin/com/autodrive/app/core/designsystem/patterns/conversation/ConversationItem.kt:35:55: error: unresolved reference: stateDescription
            if (unreadCount > 0) Modifier.semantics { stateDescription = "$unreadCount ????? ??? ??????" } else Modifier
                                                      ^
core/designsystem/src/main/kotlin/com/autodrive/app/core/designsystem/patterns/conversation/ConversationItem.kt:35:113: error: unresolved reference: Modifier
            if (unreadCount > 0) Modifier.semantics { stateDescription = "$unreadCount ????? ??? ??????" } else Modifier
                                                                                                                ^
core/designsystem/src/main/kotlin/com/autodrive/app/core/designsystem/patterns/conversation/ConversationItem.kt:53:2: error: unresolved reference: Preview
@Preview(showBackground = true, backgroundColor = 0xFF08090C)
 ^
core/designsystem/src/main/kotlin/com/autodrive/app/core/designsystem/patterns/conversation/ConversationItem.kt:54:2: error: unresolved reference: Composable
@Composable
 ^
core/designsystem/src/main/kotlin/com/autodrive/app/core/designsystem/patterns/dashboard/DashboardHero.kt:3:8: error: unresolved reference: androidx
import androidx.compose.foundation.layout.Arrangement
       ^
core/designsystem/src/main/kotlin/com/autodrive/app/core/designsystem/patterns/dashboard/DashboardHero.kt:4:8: error: unresolved reference: androidx
import androidx.compose.foundation.layout.Column
       ^
core/designsystem/src/main/kotlin/com/autodrive/app/core/designsystem/patterns/dashboard/DashboardHero.kt:5:8: error: unresolved reference: androidx
import androidx.compose.foundation.layout.fillMaxWidth
       ^
core/designsystem/src/main/kotlin/com/autodrive/app/core/designsystem/patterns/dashboard/DashboardHero.kt:6:8: error: unresolved reference: androidx
import androidx.compose.material3.MaterialTheme
       ^
core/designsystem/src/main/kotlin/com/autodrive/app/core/designsystem/patterns/dashboard/DashboardHero.kt:7:8: error: unresolved reference: androidx
import androidx.compose.material3.Text
       ^
core/designsystem/src/main/kotlin/com/autodrive/app/core/designsystem/patterns/dashboard/DashboardHero.kt:8:8: error: unresolved reference: androidx
import androidx.compose.runtime.Composable
       ^
core/designsystem/src/main/kotlin/com/autodrive/app/core/designsystem/patterns/dashboard/DashboardHero.kt:9:8: error: unresolved reference: androidx
import androidx.compose.ui.Modifier
       ^
core/designsystem/src/main/kotlin/com/autodrive/app/core/designsystem/patterns/dashboard/DashboardHero.kt:10:8: error: unresolved reference: androidx
import androidx.compose.ui.tooling.preview.Preview
       ^
core/designsystem/src/main/kotlin/com/autodrive/app/core/designsystem/patterns/dashboard/DashboardHero.kt:19:2: error: unresolved reference: Composable
@Composable
 ^
core/designsystem/src/main/kotlin/com/autodrive/app/core/designsystem/patterns/dashboard/DashboardHero.kt:21:15: error: unresolved reference: Modifier
    modifier: Modifier = Modifier,
              ^
core/designsystem/src/main/kotlin/com/autodrive/app/core/designsystem/patterns/dashboard/DashboardHero.kt:21:26: error: unresolved reference: Modifier
    modifier: Modifier = Modifier,
                         ^
core/designsystem/src/main/kotlin/com/autodrive/app/core/designsystem/patterns/dashboard/DashboardHero.kt:24:19: error: unresolved reference: Composable
    heroContent: @Composable () -> Unit,
                  ^
core/designsystem/src/main/kotlin/com/autodrive/app/core/designsystem/patterns/dashboard/DashboardHero.kt:25:26: error: unresolved reference: Composable
    supportingContent: (@Composable () -> Unit)? = null,
                         ^
core/designsystem/src/main/kotlin/com/autodrive/app/core/designsystem/patterns/dashboard/DashboardHero.kt:26:15: error: unresolved reference: Composable
    action: (@Composable () -> Unit)? = null,
              ^
core/designsystem/src/main/kotlin/com/autodrive/app/core/designsystem/patterns/dashboard/DashboardHero.kt:38:2: error: unresolved reference: Preview
@Preview(showBackground = true, backgroundColor = 0xFF08090C)
 ^
core/designsystem/src/main/kotlin/com/autodrive/app/core/designsystem/patterns/dashboard/DashboardHero.kt:39:2: error: unresolved reference: Composable
@Composable
 ^
core/designsystem/src/main/kotlin/com/autodrive/app/core/designsystem/patterns/finance/FinancePatterns.kt:3:8: error: unresolved reference: androidx
import androidx.compose.foundation.layout.Arrangement
       ^
core/designsystem/src/main/kotlin/com/autodrive/app/core/designsystem/patterns/finance/FinancePatterns.kt:4:8: error: unresolved reference: androidx
import androidx.compose.foundation.layout.Column
       ^
core/designsystem/src/main/kotlin/com/autodrive/app/core/designsystem/patterns/finance/FinancePatterns.kt:5:8: error: unresolved reference: androidx
import androidx.compose.foundation.layout.Row
       ^
core/designsystem/src/main/kotlin/com/autodrive/app/core/designsystem/patterns/finance/FinancePatterns.kt:6:8: error: unresolved reference: androidx
import androidx.compose.foundation.layout.fillMaxWidth
       ^
core/designsystem/src/main/kotlin/com/autodrive/app/core/designsystem/patterns/finance/FinancePatterns.kt:7:8: error: unresolved reference: androidx
import androidx.compose.material3.MaterialTheme
       ^
core/designsystem/src/main/kotlin/com/autodrive/app/core/designsystem/patterns/finance/FinancePatterns.kt:8:8: error: unresolved reference: androidx
import androidx.compose.material3.Text
       ^
core/designsystem/src/main/kotlin/com/autodrive/app/core/designsystem/patterns/finance/FinancePatterns.kt:9:8: error: unresolved reference: androidx
import androidx.compose.runtime.Composable
       ^
core/designsystem/src/main/kotlin/com/autodrive/app/core/designsystem/patterns/finance/FinancePatterns.kt:10:8: error: unresolved reference: androidx
import androidx.compose.ui.Modifier
       ^
core/designsystem/src/main/kotlin/com/autodrive/app/core/designsystem/patterns/finance/FinancePatterns.kt:11:8: error: unresolved reference: androidx
import androidx.compose.ui.tooling.preview.Preview
       ^
core/designsystem/src/main/kotlin/com/autodrive/app/core/designsystem/patterns/finance/FinancePatterns.kt:24:2: error: unresolved reference: Composable
@Composable
 ^
core/designsystem/src/main/kotlin/com/autodrive/app/core/designsystem/patterns/finance/FinancePatterns.kt:30:15: error: unresolved reference: Modifier
    modifier: Modifier = Modifier,
              ^
core/designsystem/src/main/kotlin/com/autodrive/app/core/designsystem/patterns/finance/FinancePatterns.kt:30:26: error: unresolved reference: Modifier
    modifier: Modifier = Modifier,
                         ^
core/designsystem/src/main/kotlin/com/autodrive/app/core/designsystem/patterns/finance/FinancePatterns.kt:40:13: error: unresolved reference: Column
            Column {
            ^
core/designsystem/src/main/kotlin/com/autodrive/app/core/designsystem/patterns/finance/FinancePatterns.kt:48:2: error: unresolved reference: Composable
@Composable
 ^
core/designsystem/src/main/kotlin/com/autodrive/app/core/designsystem/patterns/finance/FinancePatterns.kt:54:15: error: unresolved reference: Modifier
    modifier: Modifier = Modifier,
              ^
core/designsystem/src/main/kotlin/com/autodrive/app/core/designsystem/patterns/finance/FinancePatterns.kt:54:26: error: unresolved reference: Modifier
    modifier: Modifier = Modifier,
                         ^
core/designsystem/src/main/kotlin/com/autodrive/app/core/designsystem/patterns/finance/FinancePatterns.kt:62:9: error: unresolved reference: Column
        Column(verticalArrangement = Arrangement.spacedBy(AutoDriveSpace.MD)) {
        ^
core/designsystem/src/main/kotlin/com/autodrive/app/core/designsystem/patterns/finance/FinancePatterns.kt:62:38: error: unresolved reference: Arrangement
        Column(verticalArrangement = Arrangement.spacedBy(AutoDriveSpace.MD)) {
                                     ^
core/designsystem/src/main/kotlin/com/autodrive/app/core/designsystem/patterns/finance/FinancePatterns.kt:66:17: error: unresolved reference: Row
                Row(Modifier.fillMaxWidth(), horizontalArrangement = Arrangement.spacedBy(AutoDriveSpace.SM)) {
                ^
core/designsystem/src/main/kotlin/com/autodrive/app/core/designsystem/patterns/finance/FinancePatterns.kt:66:21: error: unresolved reference: Modifier
                Row(Modifier.fillMaxWidth(), horizontalArrangement = Arrangement.spacedBy(AutoDriveSpace.SM)) {
                    ^
core/designsystem/src/main/kotlin/com/autodrive/app/core/designsystem/patterns/finance/FinancePatterns.kt:66:70: error: unresolved reference: Arrangement
                Row(Modifier.fillMaxWidth(), horizontalArrangement = Arrangement.spacedBy(AutoDriveSpace.SM)) {
                                                                     ^
core/designsystem/src/main/kotlin/com/autodrive/app/core/designsystem/patterns/finance/FinancePatterns.kt:67:150: error: unresolved reference: Modifier
                    if (secondaryActionLabel != null && onSecondaryAction != null) AutoDriveSecondaryButton(secondaryActionLabel, onSecondaryAction, Modifier.weight(1f), enabled = !loading)
                                                                                                                                                     ^
core/designsystem/src/main/kotlin/com/autodrive/app/core/designsystem/patterns/finance/FinancePatterns.kt:68:140: error: unresolved reference: Modifier
                    if (primaryActionLabel != null && onPrimaryAction != null) AutoDrivePrimaryButton(primaryActionLabel, onPrimaryAction, Modifier.weight(1f), loading = loading)
                                                                                                                                           ^
core/designsystem/src/main/kotlin/com/autodrive/app/core/designsystem/patterns/finance/FinancePatterns.kt:75:2: error: unresolved reference: Preview
@Preview(showBackground = true, backgroundColor = 0xFF08090C)
 ^
core/designsystem/src/main/kotlin/com/autodrive/app/core/designsystem/patterns/finance/FinancePatterns.kt:76:2: error: unresolved reference: Composable
@Composable
 ^
core/designsystem/src/main/kotlin/com/autodrive/app/core/designsystem/patterns/header/ScreenHeader.kt:3:8: error: unresolved reference: androidx
import androidx.compose.foundation.layout.Column
       ^
core/designsystem/src/main/kotlin/com/autodrive/app/core/designsystem/patterns/header/ScreenHeader.kt:4:8: error: unresolved reference: androidx
import androidx.compose.foundation.layout.fillMaxWidth
       ^
core/designsystem/src/main/kotlin/com/autodrive/app/core/designsystem/patterns/header/ScreenHeader.kt:5:8: error: unresolved reference: androidx
import androidx.compose.foundation.layout.padding
       ^
core/designsystem/src/main/kotlin/com/autodrive/app/core/designsystem/patterns/header/ScreenHeader.kt:6:8: error: unresolved reference: androidx
import androidx.compose.runtime.Composable
       ^
core/designsystem/src/main/kotlin/com/autodrive/app/core/designsystem/patterns/header/ScreenHeader.kt:7:8: error: unresolved reference: androidx
import androidx.compose.ui.Modifier
       ^
core/designsystem/src/main/kotlin/com/autodrive/app/core/designsystem/patterns/header/ScreenHeader.kt:8:8: error: unresolved reference: androidx
import androidx.compose.ui.tooling.preview.Preview
       ^
core/designsystem/src/main/kotlin/com/autodrive/app/core/designsystem/patterns/header/ScreenHeader.kt:14:2: error: unresolved reference: Composable
@Composable
 ^
core/designsystem/src/main/kotlin/com/autodrive/app/core/designsystem/patterns/header/ScreenHeader.kt:17:15: error: unresolved reference: Modifier
    modifier: Modifier = Modifier,
              ^
core/designsystem/src/main/kotlin/com/autodrive/app/core/designsystem/patterns/header/ScreenHeader.kt:17:26: error: unresolved reference: Modifier
    modifier: Modifier = Modifier,
                         ^
core/designsystem/src/main/kotlin/com/autodrive/app/core/designsystem/patterns/header/ScreenHeader.kt:20:17: error: unresolved reference: Composable
    trailing: (@Composable () -> Unit)? = null,
                ^
core/designsystem/src/main/kotlin/com/autodrive/app/core/designsystem/patterns/header/ScreenHeader.kt:21:16: error: unresolved reference: Composable
    context: (@Composable () -> Unit)? = null,
               ^
core/designsystem/src/main/kotlin/com/autodrive/app/core/designsystem/patterns/header/ScreenHeader.kt:22:21: error: unresolved reference: Composable
    titleContent: (@Composable () -> Unit)? = null,
                    ^
core/designsystem/src/main/kotlin/com/autodrive/app/core/designsystem/patterns/header/ScreenHeader.kt:24:5: error: unresolved reference: Column
    Column(modifier.fillMaxWidth()) {
    ^
core/designsystem/src/main/kotlin/com/autodrive/app/core/designsystem/patterns/header/ScreenHeader.kt:29:50: error: type mismatch: inferred type is () -> Unit but Nothing? was expected
                actions = if (trailing != null) ({ trailing() }) else null,
                                                 ^
core/designsystem/src/main/kotlin/com/autodrive/app/core/designsystem/patterns/header/ScreenHeader.kt:35:13: error: unresolved reference: Column
            Column(Modifier.padding(horizontal = AutoDriveSpace.LG, vertical = AutoDriveSpace.SM)) { context() }
            ^
core/designsystem/src/main/kotlin/com/autodrive/app/core/designsystem/patterns/header/ScreenHeader.kt:35:20: error: unresolved reference: Modifier
            Column(Modifier.padding(horizontal = AutoDriveSpace.LG, vertical = AutoDriveSpace.SM)) { context() }
                   ^
core/designsystem/src/main/kotlin/com/autodrive/app/core/designsystem/patterns/header/ScreenHeader.kt:40:2: error: unresolved reference: Preview
@Preview(showBackground = true, backgroundColor = 0xFF08090C)
 ^
core/designsystem/src/main/kotlin/com/autodrive/app/core/designsystem/patterns/header/ScreenHeader.kt:41:2: error: unresolved reference: Composable
@Composable
 ^
core/designsystem/src/main/kotlin/com/autodrive/app/core/designsystem/patterns/media/MediaActionGroup.kt:3:8: error: unresolved reference: androidx
import androidx.compose.foundation.layout.Arrangement
       ^
core/designsystem/src/main/kotlin/com/autodrive/app/core/designsystem/patterns/media/MediaActionGroup.kt:4:8: error: unresolved reference: androidx
import androidx.compose.foundation.layout.Column
       ^
core/designsystem/src/main/kotlin/com/autodrive/app/core/designsystem/patterns/media/MediaActionGroup.kt:5:8: error: unresolved reference: androidx
import androidx.compose.foundation.layout.Row
       ^
core/designsystem/src/main/kotlin/com/autodrive/app/core/designsystem/patterns/media/MediaActionGroup.kt:6:8: error: unresolved reference: androidx
import androidx.compose.foundation.layout.fillMaxWidth
       ^
core/designsystem/src/main/kotlin/com/autodrive/app/core/designsystem/patterns/media/MediaActionGroup.kt:7:8: error: unresolved reference: androidx
import androidx.compose.material.icons.Icons
       ^
core/designsystem/src/main/kotlin/com/autodrive/app/core/designsystem/patterns/media/MediaActionGroup.kt:8:8: error: unresolved reference: androidx
import androidx.compose.material.icons.rounded.CameraAlt
       ^
core/designsystem/src/main/kotlin/com/autodrive/app/core/designsystem/patterns/media/MediaActionGroup.kt:9:8: error: unresolved reference: androidx
import androidx.compose.material.icons.rounded.Delete
       ^
core/designsystem/src/main/kotlin/com/autodrive/app/core/designsystem/patterns/media/MediaActionGroup.kt:10:8: error: unresolved reference: androidx
import androidx.compose.material.icons.rounded.Image
       ^
core/designsystem/src/main/kotlin/com/autodrive/app/core/designsystem/patterns/media/MediaActionGroup.kt:11:8: error: unresolved reference: androidx
import androidx.compose.material.icons.rounded.Mic
       ^
core/designsystem/src/main/kotlin/com/autodrive/app/core/designsystem/patterns/media/MediaActionGroup.kt:12:8: error: unresolved reference: androidx
import androidx.compose.material.icons.rounded.Stop
       ^
core/designsystem/src/main/kotlin/com/autodrive/app/core/designsystem/patterns/media/MediaActionGroup.kt:13:8: error: unresolved reference: androidx
import androidx.compose.material3.MaterialTheme
       ^
core/designsystem/src/main/kotlin/com/autodrive/app/core/designsystem/patterns/media/MediaActionGroup.kt:14:8: error: unresolved reference: androidx
import androidx.compose.material3.Text
       ^
core/designsystem/src/main/kotlin/com/autodrive/app/core/designsystem/patterns/media/MediaActionGroup.kt:15:8: error: unresolved reference: androidx
import androidx.compose.runtime.Composable
       ^
core/designsystem/src/main/kotlin/com/autodrive/app/core/designsystem/patterns/media/MediaActionGroup.kt:16:8: error: unresolved reference: androidx
import androidx.compose.runtime.CompositionLocalProvider
       ^
core/designsystem/src/main/kotlin/com/autodrive/app/core/designsystem/patterns/media/MediaActionGroup.kt:17:8: error: unresolved reference: androidx
import androidx.compose.ui.Modifier
       ^
core/designsystem/src/main/kotlin/com/autodrive/app/core/designsystem/patterns/media/MediaActionGroup.kt:18:8: error: unresolved reference: androidx
import androidx.compose.ui.platform.LocalLayoutDirection
       ^
core/designsystem/src/main/kotlin/com/autodrive/app/core/designsystem/patterns/media/MediaActionGroup.kt:19:8: error: unresolved reference: androidx
import androidx.compose.ui.tooling.preview.Preview
       ^
core/designsystem/src/main/kotlin/com/autodrive/app/core/designsystem/patterns/media/MediaActionGroup.kt:20:8: error: unresolved reference: androidx
import androidx.compose.ui.unit.LayoutDirection
       ^
core/designsystem/src/main/kotlin/com/autodrive/app/core/designsystem/patterns/media/MediaActionGroup.kt:33:2: error: unresolved reference: Composable
@Composable
 ^
core/designsystem/src/main/kotlin/com/autodrive/app/core/designsystem/patterns/media/MediaActionGroup.kt:36:15: error: unresolved reference: Modifier
    modifier: Modifier = Modifier,
              ^
core/designsystem/src/main/kotlin/com/autodrive/app/core/designsystem/patterns/media/MediaActionGroup.kt:36:26: error: unresolved reference: Modifier
    modifier: Modifier = Modifier,
                         ^
core/designsystem/src/main/kotlin/com/autodrive/app/core/designsystem/patterns/media/MediaActionGroup.kt:45:5: error: unresolved reference: Column
    Column(modifier, verticalArrangement = Arrangement.spacedBy(AutoDriveSpace.MD)) {
    ^
core/designsystem/src/main/kotlin/com/autodrive/app/core/designsystem/patterns/media/MediaActionGroup.kt:45:44: error: unresolved reference: Arrangement
    Column(modifier, verticalArrangement = Arrangement.spacedBy(AutoDriveSpace.MD)) {
                                           ^
core/designsystem/src/main/kotlin/com/autodrive/app/core/designsystem/patterns/media/MediaActionGroup.kt:47:38: error: unresolved reference: Row
            MediaActionState.Idle -> Row(horizontalArrangement = Arrangement.spacedBy(AutoDriveSpace.SM)) {
                                     ^
core/designsystem/src/main/kotlin/com/autodrive/app/core/designsystem/patterns/media/MediaActionGroup.kt:47:66: error: unresolved reference: Arrangement
            MediaActionState.Idle -> Row(horizontalArrangement = Arrangement.spacedBy(AutoDriveSpace.SM)) {
                                                                 ^
core/designsystem/src/main/kotlin/com/autodrive/app/core/designsystem/patterns/media/MediaActionGroup.kt:48:37: error: unresolved reference: Icons
                AutoDriveIconButton(Icons.Rounded.CameraAlt, "????????", onCamera)
                                    ^
core/designsystem/src/main/kotlin/com/autodrive/app/core/designsystem/patterns/media/MediaActionGroup.kt:49:37: error: unresolved reference: Icons
                AutoDriveIconButton(Icons.Rounded.Image, "??????", onGallery)
                                    ^
core/designsystem/src/main/kotlin/com/autodrive/app/core/designsystem/patterns/media/MediaActionGroup.kt:50:37: error: unresolved reference: Icons
                AutoDriveIconButton(Icons.Rounded.Mic, "????? ????", onStartVoice)
                                    ^
core/designsystem/src/main/kotlin/com/autodrive/app/core/designsystem/patterns/media/MediaActionGroup.kt:52:61: error: unresolved reference: Modifier
            MediaActionState.MediaSelected -> AutoDriveCard(Modifier.fillMaxWidth()) {
                                                            ^
core/designsystem/src/main/kotlin/com/autodrive/app/core/designsystem/patterns/media/MediaActionGroup.kt:59:17: error: unresolved reference: Row
                Row(horizontalArrangement = Arrangement.spacedBy(AutoDriveSpace.SM)) {
                ^
core/designsystem/src/main/kotlin/com/autodrive/app/core/designsystem/patterns/media/MediaActionGroup.kt:59:45: error: unresolved reference: Arrangement
                Row(horizontalArrangement = Arrangement.spacedBy(AutoDriveSpace.SM)) {
                                            ^
core/designsystem/src/main/kotlin/com/autodrive/app/core/designsystem/patterns/media/MediaActionGroup.kt:61:21: error: unresolved reference: CompositionLocalProvider
                    CompositionLocalProvider(LocalLayoutDirection provides LayoutDirection.Ltr) {
                    ^
core/designsystem/src/main/kotlin/com/autodrive/app/core/designsystem/patterns/media/MediaActionGroup.kt:61:46: error: unresolved reference: LocalLayoutDirection
                    CompositionLocalProvider(LocalLayoutDirection provides LayoutDirection.Ltr) {
                                             ^
core/designsystem/src/main/kotlin/com/autodrive/app/core/designsystem/patterns/media/MediaActionGroup.kt:61:76: error: unresolved reference: LayoutDirection
                    CompositionLocalProvider(LocalLayoutDirection provides LayoutDirection.Ltr) {
                                                                           ^
core/designsystem/src/main/kotlin/com/autodrive/app/core/designsystem/patterns/media/MediaActionGroup.kt:62:25: error: unresolved reference: Text
                        Text(recordingTime ?: "00:00", color = AutoDriveText.Primary)
                        ^
core/designsystem/src/main/kotlin/com/autodrive/app/core/designsystem/patterns/media/MediaActionGroup.kt:64:41: error: unresolved reference: Icons
                    AutoDriveIconButton(Icons.Rounded.Stop, "?????", onStopVoice, tone = AutoDriveIconButtonTone.Destructive)
                                        ^
core/designsystem/src/main/kotlin/com/autodrive/app/core/designsystem/patterns/media/MediaActionGroup.kt:71:2: error: unresolved reference: Preview
@Preview(showBackground = true, backgroundColor = 0xFF08090C)
 ^
core/designsystem/src/main/kotlin/com/autodrive/app/core/designsystem/patterns/media/MediaActionGroup.kt:72:2: error: unresolved reference: Composable
@Composable
 ^
core/designsystem/src/main/kotlin/com/autodrive/app/core/designsystem/patterns/metrics/MetricSummary.kt:3:8: error: unresolved reference: androidx
import androidx.compose.foundation.layout.Arrangement
       ^
core/designsystem/src/main/kotlin/com/autodrive/app/core/designsystem/patterns/metrics/MetricSummary.kt:4:8: error: unresolved reference: androidx
import androidx.compose.foundation.layout.Column
       ^
core/designsystem/src/main/kotlin/com/autodrive/app/core/designsystem/patterns/metrics/MetricSummary.kt:5:8: error: unresolved reference: androidx
import androidx.compose.foundation.layout.Row
       ^
core/designsystem/src/main/kotlin/com/autodrive/app/core/designsystem/patterns/metrics/MetricSummary.kt:6:8: error: unresolved reference: androidx
import androidx.compose.foundation.layout.fillMaxWidth
       ^
core/designsystem/src/main/kotlin/com/autodrive/app/core/designsystem/patterns/metrics/MetricSummary.kt:7:8: error: unresolved reference: androidx
import androidx.compose.runtime.Composable
       ^
core/designsystem/src/main/kotlin/com/autodrive/app/core/designsystem/patterns/metrics/MetricSummary.kt:8:8: error: unresolved reference: androidx
import androidx.compose.ui.Modifier
       ^
core/designsystem/src/main/kotlin/com/autodrive/app/core/designsystem/patterns/metrics/MetricSummary.kt:9:8: error: unresolved reference: androidx
import androidx.compose.ui.tooling.preview.Preview
       ^
core/designsystem/src/main/kotlin/com/autodrive/app/core/designsystem/patterns/metrics/MetricSummary.kt:24:2: error: unresolved reference: Composable
@Composable
 ^
core/designsystem/src/main/kotlin/com/autodrive/app/core/designsystem/patterns/metrics/MetricSummary.kt:27:15: error: unresolved reference: Modifier
    modifier: Modifier = Modifier,
              ^
core/designsystem/src/main/kotlin/com/autodrive/app/core/designsystem/patterns/metrics/MetricSummary.kt:27:26: error: unresolved reference: Modifier
    modifier: Modifier = Modifier,
                         ^
core/designsystem/src/main/kotlin/com/autodrive/app/core/designsystem/patterns/metrics/MetricSummary.kt:31:5: error: unresolved reference: Column
    Column(modifier, verticalArrangement = Arrangement.spacedBy(AutoDriveSpace.MD)) {
    ^
core/designsystem/src/main/kotlin/com/autodrive/app/core/designsystem/patterns/metrics/MetricSummary.kt:31:44: error: unresolved reference: Arrangement
    Column(modifier, verticalArrangement = Arrangement.spacedBy(AutoDriveSpace.MD)) {
                                           ^
core/designsystem/src/main/kotlin/com/autodrive/app/core/designsystem/patterns/metrics/MetricSummary.kt:34:13: error: unresolved reference: Row
            Row(Modifier.fillMaxWidth(), horizontalArrangement = Arrangement.spacedBy(AutoDriveSpace.MD)) {
            ^
core/designsystem/src/main/kotlin/com/autodrive/app/core/designsystem/patterns/metrics/MetricSummary.kt:34:17: error: unresolved reference: Modifier
            Row(Modifier.fillMaxWidth(), horizontalArrangement = Arrangement.spacedBy(AutoDriveSpace.MD)) {
                ^
core/designsystem/src/main/kotlin/com/autodrive/app/core/designsystem/patterns/metrics/MetricSummary.kt:34:66: error: unresolved reference: Arrangement
            Row(Modifier.fillMaxWidth(), horizontalArrangement = Arrangement.spacedBy(AutoDriveSpace.MD)) {
                                                                 ^
core/designsystem/src/main/kotlin/com/autodrive/app/core/designsystem/patterns/metrics/MetricSummary.kt:41:36: error: unresolved reference: Modifier
                        modifier = Modifier.weight(1f),
                                   ^
core/designsystem/src/main/kotlin/com/autodrive/app/core/designsystem/patterns/metrics/MetricSummary.kt:45:41: error: unresolved reference: androidx
                if (rowItems.size == 1) androidx.compose.foundation.layout.Spacer(Modifier.weight(1f))
                                        ^
core/designsystem/src/main/kotlin/com/autodrive/app/core/designsystem/patterns/metrics/MetricSummary.kt:45:83: error: unresolved reference: Modifier
                if (rowItems.size == 1) androidx.compose.foundation.layout.Spacer(Modifier.weight(1f))
                                                                                  ^
core/designsystem/src/main/kotlin/com/autodrive/app/core/designsystem/patterns/metrics/MetricSummary.kt:51:2: error: unresolved reference: Preview
@Preview(showBackground = true, backgroundColor = 0xFF08090C)
 ^
core/designsystem/src/main/kotlin/com/autodrive/app/core/designsystem/patterns/metrics/MetricSummary.kt:52:2: error: unresolved reference: Composable
@Composable
 ^
core/designsystem/src/main/kotlin/com/autodrive/app/core/designsystem/patterns/preview/V1PatternPreviews.kt:3:8: error: unresolved reference: androidx
import androidx.compose.material3.Text
       ^
core/designsystem/src/main/kotlin/com/autodrive/app/core/designsystem/patterns/preview/V1PatternPreviews.kt:4:8: error: unresolved reference: androidx
import androidx.compose.runtime.Composable
       ^
core/designsystem/src/main/kotlin/com/autodrive/app/core/designsystem/patterns/preview/V1PatternPreviews.kt:5:8: error: unresolved reference: androidx
import androidx.compose.ui.tooling.preview.Preview
       ^
core/designsystem/src/main/kotlin/com/autodrive/app/core/designsystem/patterns/preview/V1PatternPreviews.kt:33:2: error: unresolved reference: Preview
@Preview(name = "Screen Header RTL", locale = "ar", showBackground = true, backgroundColor = DARK)
 ^
core/designsystem/src/main/kotlin/com/autodrive/app/core/designsystem/patterns/preview/V1PatternPreviews.kt:34:2: error: unresolved reference: Composable
@Composable private fun ScreenHeaderV1Preview() = AutoDriveTheme { ScreenHeader("?????????", subtitle = "??? ??????") }
 ^
core/designsystem/src/main/kotlin/com/autodrive/app/core/designsystem/patterns/preview/V1PatternPreviews.kt:36:2: error: unresolved reference: Preview
@Preview(name = "Dashboard Hero RTL", locale = "ar", showBackground = true, backgroundColor = DARK)
 ^
core/designsystem/src/main/kotlin/com/autodrive/app/core/designsystem/patterns/preview/V1PatternPreviews.kt:37:2: error: unresolved reference: Composable
@Composable private fun DashboardHeroV1Preview() = AutoDriveTheme {
 ^
core/designsystem/src/main/kotlin/com/autodrive/app/core/designsystem/patterns/preview/V1PatternPreviews.kt:41:2: error: unresolved reference: Preview
@Preview(name = "Metric Summary RTL", locale = "ar", showBackground = true, backgroundColor = DARK)
 ^
core/designsystem/src/main/kotlin/com/autodrive/app/core/designsystem/patterns/preview/V1PatternPreviews.kt:42:2: error: unresolved reference: Composable
@Composable private fun MetricSummaryV1Preview() = AutoDriveTheme {
 ^
core/designsystem/src/main/kotlin/com/autodrive/app/core/designsystem/patterns/preview/V1PatternPreviews.kt:46:2: error: unresolved reference: Preview
@Preview(name = "Conversation Item RTL", locale = "ar", showBackground = true, backgroundColor = DARK)
 ^
core/designsystem/src/main/kotlin/com/autodrive/app/core/designsystem/patterns/preview/V1PatternPreviews.kt:47:2: error: unresolved reference: Composable
@Composable private fun ConversationItemV1Preview() = AutoDriveTheme { ConversationItem("???? ?????", "?? ?????? ?????", "10:42", {}, unreadCount = 3) }
 ^
core/designsystem/src/main/kotlin/com/autodrive/app/core/designsystem/patterns/preview/V1PatternPreviews.kt:49:2: error: unresolved reference: Preview
@Preview(name = "Transaction Row RTL", locale = "ar", showBackground = true, backgroundColor = DARK)
 ^
core/designsystem/src/main/kotlin/com/autodrive/app/core/designsystem/patterns/preview/V1PatternPreviews.kt:50:2: error: unresolved reference: Composable
@Composable private fun TransactionRowV1Preview() = AutoDriveTheme { TransactionRow("????? ???????", "250,000", "????? 10:42", AutoDriveStatusTone.Success, statusLabel = "?????") }
 ^
core/designsystem/src/main/kotlin/com/autodrive/app/core/designsystem/patterns/preview/V1PatternPreviews.kt:52:2: error: unresolved reference: Preview
@Preview(name = "Pending Request RTL", locale = "ar", showBackground = true, backgroundColor = DARK)
 ^
core/designsystem/src/main/kotlin/com/autodrive/app/core/designsystem/patterns/preview/V1PatternPreviews.kt:53:2: error: unresolved reference: Composable
@Composable private fun PendingRequestCardV1Preview() = AutoDriveTheme {
 ^
core/designsystem/src/main/kotlin/com/autodrive/app/core/designsystem/patterns/preview/V1PatternPreviews.kt:57:2: error: unresolved reference: Preview
@Preview(name = "Settings Group RTL", locale = "ar", showBackground = true, backgroundColor = DARK)
 ^
core/designsystem/src/main/kotlin/com/autodrive/app/core/designsystem/patterns/preview/V1PatternPreviews.kt:58:2: error: unresolved reference: Composable
@Composable private fun SettingsGroupV1Preview() = AutoDriveTheme {
 ^
core/designsystem/src/main/kotlin/com/autodrive/app/core/designsystem/patterns/preview/V1PatternPreviews.kt:62:2: error: unresolved reference: Preview
@Preview(name = "Settings Row RTL", locale = "ar", showBackground = true, backgroundColor = DARK)
 ^
core/designsystem/src/main/kotlin/com/autodrive/app/core/designsystem/patterns/preview/V1PatternPreviews.kt:63:2: error: unresolved reference: Composable
@Composable private fun SettingsRowV1Preview() = AutoDriveTheme { SettingsRow("????? ????????", variant = SettingsRowVariant.Navigation, onClick = {}) }
 ^
core/designsystem/src/main/kotlin/com/autodrive/app/core/designsystem/patterns/preview/V1PatternPreviews.kt:65:2: error: unresolved reference: Preview
@Preview(name = "Report Stat Tile RTL", locale = "ar", showBackground = true, backgroundColor = DARK)
 ^
core/designsystem/src/main/kotlin/com/autodrive/app/core/designsystem/patterns/preview/V1PatternPreviews.kt:66:2: error: unresolved reference: Composable
@Composable private fun ReportStatTileV1Preview() = AutoDriveTheme { ReportStatTile("?????? ???????", "1.2M", {}) }
 ^
core/designsystem/src/main/kotlin/com/autodrive/app/core/designsystem/patterns/preview/V1PatternPreviews.kt:68:2: error: unresolved reference: Preview
@Preview(name = "Media Actions RTL", locale = "ar", showBackground = true, backgroundColor = DARK)
 ^
core/designsystem/src/main/kotlin/com/autodrive/app/core/designsystem/patterns/preview/V1PatternPreviews.kt:69:2: error: unresolved reference: Composable
@Composable private fun MediaActionGroupV1Preview() = AutoDriveTheme {
 ^
core/designsystem/src/main/kotlin/com/autodrive/app/core/designsystem/patterns/preview/V1PatternPreviews.kt:73:2: error: unresolved reference: Preview
@Preview(name = "Search Results RTL", locale = "ar", showBackground = true, backgroundColor = DARK)
 ^
core/designsystem/src/main/kotlin/com/autodrive/app/core/designsystem/patterns/preview/V1PatternPreviews.kt:74:2: error: unresolved reference: Composable
@Composable private fun SearchResultsListV1Preview() = AutoDriveTheme {
 ^
core/designsystem/src/main/kotlin/com/autodrive/app/core/designsystem/patterns/preview/V1PatternPreviews.kt:75:198: error: unresolved reference: Text
    SearchResultsList(query = "", onQueryChange = {}, placeholder = "????", state = SearchResultsState.Empty, items = emptyList<String>(), emptyTitle = "?? ?????", emptyBody = "???? ????? ????") { Text(it) }
                                                                                                                                                                                                     ^
core/designsystem/src/main/kotlin/com/autodrive/app/core/designsystem/patterns/preview/V1PatternPreviews.kt:78:2: error: unresolved reference: Preview
@Preview(name = "Empty Screen RTL", locale = "ar", showBackground = true, backgroundColor = DARK)
 ^
core/designsystem/src/main/kotlin/com/autodrive/app/core/designsystem/patterns/preview/V1PatternPreviews.kt:79:2: error: unresolved reference: Composable
@Composable private fun EmptyScreenV1Preview() = AutoDriveTheme { EmptyScreen("?? ???? ??????", "????? ??? ??? ??????") }
 ^
core/designsystem/src/main/kotlin/com/autodrive/app/core/designsystem/patterns/preview/V1PatternPreviews.kt:81:2: error: unresolved reference: Preview
@Preview(name = "Error Screen RTL", locale = "ar", showBackground = true, backgroundColor = DARK)
 ^
core/designsystem/src/main/kotlin/com/autodrive/app/core/designsystem/patterns/preview/V1PatternPreviews.kt:82:2: error: unresolved reference: Composable
@Composable private fun ErrorScreenV1Preview() = AutoDriveTheme { ErrorScreen("???? ???????", "???? ?? ??????? ????? ??????", "????? ????????", {}) }
 ^
core/designsystem/src/main/kotlin/com/autodrive/app/core/designsystem/patterns/preview/V1PatternPreviews.kt:84:2: error: unresolved reference: Preview
@Preview(name = "Loading Screen RTL", locale = "ar", showBackground = true, backgroundColor = DARK)
 ^
core/designsystem/src/main/kotlin/com/autodrive/app/core/designsystem/patterns/preview/V1PatternPreviews.kt:85:2: error: unresolved reference: Composable
@Composable private fun LoadingScreenV1Preview() = AutoDriveTheme { LoadingScreen(label = "???? ???????") }
 ^
core/designsystem/src/main/kotlin/com/autodrive/app/core/designsystem/patterns/reports/ReportStatTile.kt:3:8: error: unresolved reference: androidx
import androidx.compose.runtime.Composable
       ^
core/designsystem/src/main/kotlin/com/autodrive/app/core/designsystem/patterns/reports/ReportStatTile.kt:4:8: error: unresolved reference: androidx
import androidx.compose.ui.Modifier
       ^
core/designsystem/src/main/kotlin/com/autodrive/app/core/designsystem/patterns/reports/ReportStatTile.kt:5:8: error: unresolved reference: androidx
import androidx.compose.ui.graphics.vector.ImageVector
       ^
core/designsystem/src/main/kotlin/com/autodrive/app/core/designsystem/patterns/reports/ReportStatTile.kt:6:8: error: unresolved reference: androidx
import androidx.compose.ui.tooling.preview.Preview
       ^
core/designsystem/src/main/kotlin/com/autodrive/app/core/designsystem/patterns/reports/ReportStatTile.kt:11:2: error: unresolved reference: Composable
@Composable
 ^
core/designsystem/src/main/kotlin/com/autodrive/app/core/designsystem/patterns/reports/ReportStatTile.kt:16:15: error: unresolved reference: Modifier
    modifier: Modifier = Modifier,
              ^
core/designsystem/src/main/kotlin/com/autodrive/app/core/designsystem/patterns/reports/ReportStatTile.kt:16:26: error: unresolved reference: Modifier
    modifier: Modifier = Modifier,
                         ^
core/designsystem/src/main/kotlin/com/autodrive/app/core/designsystem/patterns/reports/ReportStatTile.kt:19:11: error: unresolved reference: ImageVector
    icon: ImageVector? = null,
          ^
core/designsystem/src/main/kotlin/com/autodrive/app/core/designsystem/patterns/reports/ReportStatTile.kt:24:2: error: unresolved reference: Preview
@Preview(showBackground = true, backgroundColor = 0xFF08090C)
 ^
core/designsystem/src/main/kotlin/com/autodrive/app/core/designsystem/patterns/reports/ReportStatTile.kt:25:2: error: unresolved reference: Composable
@Composable
 ^
core/designsystem/src/main/kotlin/com/autodrive/app/core/designsystem/patterns/search/SearchResultsList.kt:3:8: error: unresolved reference: androidx
import androidx.compose.foundation.layout.Arrangement
       ^
core/designsystem/src/main/kotlin/com/autodrive/app/core/designsystem/patterns/search/SearchResultsList.kt:4:8: error: unresolved reference: androidx
import androidx.compose.foundation.layout.Column
       ^
core/designsystem/src/main/kotlin/com/autodrive/app/core/designsystem/patterns/search/SearchResultsList.kt:5:8: error: unresolved reference: androidx
import androidx.compose.runtime.Composable
       ^
core/designsystem/src/main/kotlin/com/autodrive/app/core/designsystem/patterns/search/SearchResultsList.kt:6:8: error: unresolved reference: androidx
import androidx.compose.ui.Modifier
       ^
core/designsystem/src/main/kotlin/com/autodrive/app/core/designsystem/patterns/search/SearchResultsList.kt:7:8: error: unresolved reference: androidx
import androidx.compose.ui.tooling.preview.Preview
       ^
core/designsystem/src/main/kotlin/com/autodrive/app/core/designsystem/patterns/search/SearchResultsList.kt:16:2: error: unresolved reference: Composable
@Composable
 ^
core/designsystem/src/main/kotlin/com/autodrive/app/core/designsystem/patterns/search/SearchResultsList.kt:25:15: error: unresolved reference: Modifier
    modifier: Modifier = Modifier,
              ^
core/designsystem/src/main/kotlin/com/autodrive/app/core/designsystem/patterns/search/SearchResultsList.kt:25:26: error: unresolved reference: Modifier
    modifier: Modifier = Modifier,
                         ^
core/designsystem/src/main/kotlin/com/autodrive/app/core/designsystem/patterns/search/SearchResultsList.kt:29:19: error: unresolved reference: Composable
    itemContent: @Composable (T) -> Unit,
                  ^
core/designsystem/src/main/kotlin/com/autodrive/app/core/designsystem/patterns/search/SearchResultsList.kt:31:5: error: unresolved reference: Column
    Column(modifier, verticalArrangement = Arrangement.spacedBy(AutoDriveSpace.LG)) {
    ^
core/designsystem/src/main/kotlin/com/autodrive/app/core/designsystem/patterns/search/SearchResultsList.kt:31:44: error: unresolved reference: Arrangement
    Column(modifier, verticalArrangement = Arrangement.spacedBy(AutoDriveSpace.LG)) {
                                           ^
core/designsystem/src/main/kotlin/com/autodrive/app/core/designsystem/patterns/search/SearchResultsList.kt:43:2: error: unresolved reference: Preview
@Preview(showBackground = true, backgroundColor = 0xFF08090C)
 ^
core/designsystem/src/main/kotlin/com/autodrive/app/core/designsystem/patterns/search/SearchResultsList.kt:44:2: error: unresolved reference: Composable
@Composable
 ^
core/designsystem/src/main/kotlin/com/autodrive/app/core/designsystem/patterns/settings/SettingsPatterns.kt:3:8: error: unresolved reference: androidx
import androidx.compose.foundation.layout.Column
       ^
core/designsystem/src/main/kotlin/com/autodrive/app/core/designsystem/patterns/settings/SettingsPatterns.kt:4:8: error: unresolved reference: androidx
import androidx.compose.foundation.layout.fillMaxWidth
       ^
core/designsystem/src/main/kotlin/com/autodrive/app/core/designsystem/patterns/settings/SettingsPatterns.kt:5:8: error: unresolved reference: androidx
import androidx.compose.material.icons.Icons
       ^
core/designsystem/src/main/kotlin/com/autodrive/app/core/designsystem/patterns/settings/SettingsPatterns.kt:6:8: error: unresolved reference: androidx
import androidx.compose.material.icons.automirrored.rounded.KeyboardArrowLeft
       ^
core/designsystem/src/main/kotlin/com/autodrive/app/core/designsystem/patterns/settings/SettingsPatterns.kt:7:8: error: unresolved reference: androidx
import androidx.compose.material3.Icon
       ^
core/designsystem/src/main/kotlin/com/autodrive/app/core/designsystem/patterns/settings/SettingsPatterns.kt:8:8: error: unresolved reference: androidx
import androidx.compose.material3.MaterialTheme
       ^
core/designsystem/src/main/kotlin/com/autodrive/app/core/designsystem/patterns/settings/SettingsPatterns.kt:9:8: error: unresolved reference: androidx
import androidx.compose.material3.Text
       ^
core/designsystem/src/main/kotlin/com/autodrive/app/core/designsystem/patterns/settings/SettingsPatterns.kt:10:8: error: unresolved reference: androidx
import androidx.compose.runtime.Composable
       ^
core/designsystem/src/main/kotlin/com/autodrive/app/core/designsystem/patterns/settings/SettingsPatterns.kt:11:8: error: unresolved reference: androidx
import androidx.compose.ui.Modifier
       ^
core/designsystem/src/main/kotlin/com/autodrive/app/core/designsystem/patterns/settings/SettingsPatterns.kt:12:8: error: unresolved reference: androidx
import androidx.compose.ui.tooling.preview.Preview
       ^
core/designsystem/src/main/kotlin/com/autodrive/app/core/designsystem/patterns/settings/SettingsPatterns.kt:34:2: error: unresolved reference: Composable
@Composable
 ^
core/designsystem/src/main/kotlin/com/autodrive/app/core/designsystem/patterns/settings/SettingsPatterns.kt:37:15: error: unresolved reference: Modifier
    modifier: Modifier = Modifier,
              ^
core/designsystem/src/main/kotlin/com/autodrive/app/core/designsystem/patterns/settings/SettingsPatterns.kt:37:26: error: unresolved reference: Modifier
    modifier: Modifier = Modifier,
                         ^
core/designsystem/src/main/kotlin/com/autodrive/app/core/designsystem/patterns/settings/SettingsPatterns.kt:53:79: error: unresolved reference: Icon
                SettingsRowVariant.Navigation, SettingsRowVariant.Editable -> Icon(Icons.AutoMirrored.Rounded.KeyboardArrowLeft, null, tint = if (enabled) AutoDriveText.Secondary else AutoDriveText.Disabled, modifier = Modifier.then(Modifier))
                                                                              ^
core/designsystem/src/main/kotlin/com/autodrive/app/core/designsystem/patterns/settings/SettingsPatterns.kt:53:84: error: unresolved reference: Icons
                SettingsRowVariant.Navigation, SettingsRowVariant.Editable -> Icon(Icons.AutoMirrored.Rounded.KeyboardArrowLeft, null, tint = if (enabled) AutoDriveText.Secondary else AutoDriveText.Disabled, modifier = Modifier.then(Modifier))
                                                                                   ^
core/designsystem/src/main/kotlin/com/autodrive/app/core/designsystem/patterns/settings/SettingsPatterns.kt:53:220: error: unresolved reference: Modifier
                SettingsRowVariant.Navigation, SettingsRowVariant.Editable -> Icon(Icons.AutoMirrored.Rounded.KeyboardArrowLeft, null, tint = if (enabled) AutoDriveText.Secondary else AutoDriveText.Disabled, modifier = Modifier.then(Modifier))
                                                                                                                                                                                                                           ^
core/designsystem/src/main/kotlin/com/autodrive/app/core/designsystem/patterns/settings/SettingsPatterns.kt:53:234: error: unresolved reference: Modifier
                SettingsRowVariant.Navigation, SettingsRowVariant.Editable -> Icon(Icons.AutoMirrored.Rounded.KeyboardArrowLeft, null, tint = if (enabled) AutoDriveText.Secondary else AutoDriveText.Disabled, modifier = Modifier.then(Modifier))
                                                                                                                                                                                                                                         ^
core/designsystem/src/main/kotlin/com/autodrive/app/core/designsystem/patterns/settings/SettingsPatterns.kt:55:44: error: unresolved reference: Text
                else -> if (value != null) Text(value, style = MaterialTheme.typography.bodyMedium, color = if (enabled) AutoDriveText.Secondary else AutoDriveText.Disabled)
                                           ^
core/designsystem/src/main/kotlin/com/autodrive/app/core/designsystem/patterns/settings/SettingsPatterns.kt:55:64: error: unresolved reference: MaterialTheme
                else -> if (value != null) Text(value, style = MaterialTheme.typography.bodyMedium, color = if (enabled) AutoDriveText.Secondary else AutoDriveText.Disabled)
                                                               ^
core/designsystem/src/main/kotlin/com/autodrive/app/core/designsystem/patterns/settings/SettingsPatterns.kt:61:2: error: unresolved reference: Composable
@Composable
 ^
core/designsystem/src/main/kotlin/com/autodrive/app/core/designsystem/patterns/settings/SettingsPatterns.kt:65:15: error: unresolved reference: Modifier
    modifier: Modifier = Modifier,
              ^
core/designsystem/src/main/kotlin/com/autodrive/app/core/designsystem/patterns/settings/SettingsPatterns.kt:65:26: error: unresolved reference: Modifier
    modifier: Modifier = Modifier,
                         ^
core/designsystem/src/main/kotlin/com/autodrive/app/core/designsystem/patterns/settings/SettingsPatterns.kt:67:21: error: unresolved reference: Composable
    headerAction: (@Composable () -> Unit)? = null,
                    ^
core/designsystem/src/main/kotlin/com/autodrive/app/core/designsystem/patterns/settings/SettingsPatterns.kt:69:5: error: unresolved reference: Column
    Column(modifier) {
    ^
core/designsystem/src/main/kotlin/com/autodrive/app/core/designsystem/patterns/settings/SettingsPatterns.kt:71:23: error: unresolved reference: Modifier
        AutoDriveCard(Modifier.fillMaxWidth()) {
                      ^
core/designsystem/src/main/kotlin/com/autodrive/app/core/designsystem/patterns/settings/SettingsPatterns.kt:80:2: error: unresolved reference: Preview
@Preview(showBackground = true, backgroundColor = 0xFF08090C)
 ^
core/designsystem/src/main/kotlin/com/autodrive/app/core/designsystem/patterns/settings/SettingsPatterns.kt:81:2: error: unresolved reference: Composable
@Composable
 ^
core/designsystem/src/main/kotlin/com/autodrive/app/core/designsystem/patterns/state/StateScreens.kt:3:8: error: unresolved reference: androidx
import androidx.compose.foundation.layout.Arrangement
       ^
core/designsystem/src/main/kotlin/com/autodrive/app/core/designsystem/patterns/state/StateScreens.kt:4:8: error: unresolved reference: androidx
import androidx.compose.foundation.layout.Box
       ^
core/designsystem/src/main/kotlin/com/autodrive/app/core/designsystem/patterns/state/StateScreens.kt:5:8: error: unresolved reference: androidx
import androidx.compose.foundation.layout.Column
       ^
core/designsystem/src/main/kotlin/com/autodrive/app/core/designsystem/patterns/state/StateScreens.kt:6:8: error: unresolved reference: androidx
import androidx.compose.foundation.layout.fillMaxSize
       ^
core/designsystem/src/main/kotlin/com/autodrive/app/core/designsystem/patterns/state/StateScreens.kt:7:8: error: unresolved reference: androidx
import androidx.compose.foundation.layout.padding
       ^
core/designsystem/src/main/kotlin/com/autodrive/app/core/designsystem/patterns/state/StateScreens.kt:8:8: error: unresolved reference: androidx
import androidx.compose.material.icons.Icons
       ^
core/designsystem/src/main/kotlin/com/autodrive/app/core/designsystem/patterns/state/StateScreens.kt:9:8: error: unresolved reference: androidx
import androidx.compose.material.icons.rounded.ErrorOutline
       ^
core/designsystem/src/main/kotlin/com/autodrive/app/core/designsystem/patterns/state/StateScreens.kt:10:8: error: unresolved reference: androidx
import androidx.compose.material.icons.rounded.Inbox
       ^
core/designsystem/src/main/kotlin/com/autodrive/app/core/designsystem/patterns/state/StateScreens.kt:11:8: error: unresolved reference: androidx
import androidx.compose.runtime.Composable
       ^
core/designsystem/src/main/kotlin/com/autodrive/app/core/designsystem/patterns/state/StateScreens.kt:12:8: error: unresolved reference: androidx
import androidx.compose.ui.Alignment
       ^
core/designsystem/src/main/kotlin/com/autodrive/app/core/designsystem/patterns/state/StateScreens.kt:13:8: error: unresolved reference: androidx
import androidx.compose.ui.Modifier
       ^
core/designsystem/src/main/kotlin/com/autodrive/app/core/designsystem/patterns/state/StateScreens.kt:14:8: error: unresolved reference: androidx
import androidx.compose.ui.graphics.vector.ImageVector
       ^
core/designsystem/src/main/kotlin/com/autodrive/app/core/designsystem/patterns/state/StateScreens.kt:15:8: error: unresolved reference: androidx
import androidx.compose.ui.tooling.preview.Preview
       ^
core/designsystem/src/main/kotlin/com/autodrive/app/core/designsystem/patterns/state/StateScreens.kt:22:2: error: unresolved reference: Composable
@Composable
 ^
core/designsystem/src/main/kotlin/com/autodrive/app/core/designsystem/patterns/state/StateScreens.kt:26:15: error: unresolved reference: Modifier
    modifier: Modifier = Modifier,
              ^
core/designsystem/src/main/kotlin/com/autodrive/app/core/designsystem/patterns/state/StateScreens.kt:26:26: error: unresolved reference: Modifier
    modifier: Modifier = Modifier,
                         ^
core/designsystem/src/main/kotlin/com/autodrive/app/core/designsystem/patterns/state/StateScreens.kt:27:11: error: unresolved reference: ImageVector
    icon: ImageVector = Icons.Rounded.Inbox,
          ^
core/designsystem/src/main/kotlin/com/autodrive/app/core/designsystem/patterns/state/StateScreens.kt:27:25: error: unresolved reference: Icons
    icon: ImageVector = Icons.Rounded.Inbox,
                        ^
core/designsystem/src/main/kotlin/com/autodrive/app/core/designsystem/patterns/state/StateScreens.kt:31:5: error: unresolved reference: Box
    Box(modifier.fillMaxSize().padding(AutoDriveSpace.LG), contentAlignment = Alignment.Center) {
    ^
core/designsystem/src/main/kotlin/com/autodrive/app/core/designsystem/patterns/state/StateScreens.kt:31:79: error: unresolved reference: Alignment
    Box(modifier.fillMaxSize().padding(AutoDriveSpace.LG), contentAlignment = Alignment.Center) {
                                                                              ^
core/designsystem/src/main/kotlin/com/autodrive/app/core/designsystem/patterns/state/StateScreens.kt:36:2: error: unresolved reference: Composable
@Composable
 ^
core/designsystem/src/main/kotlin/com/autodrive/app/core/designsystem/patterns/state/StateScreens.kt:42:15: error: unresolved reference: Modifier
    modifier: Modifier = Modifier,
              ^
core/designsystem/src/main/kotlin/com/autodrive/app/core/designsystem/patterns/state/StateScreens.kt:42:26: error: unresolved reference: Modifier
    modifier: Modifier = Modifier,
                         ^
core/designsystem/src/main/kotlin/com/autodrive/app/core/designsystem/patterns/state/StateScreens.kt:44:5: error: unresolved reference: Box
    Box(modifier.fillMaxSize().padding(AutoDriveSpace.LG), contentAlignment = Alignment.Center) {
    ^
core/designsystem/src/main/kotlin/com/autodrive/app/core/designsystem/patterns/state/StateScreens.kt:44:79: error: unresolved reference: Alignment
    Box(modifier.fillMaxSize().padding(AutoDriveSpace.LG), contentAlignment = Alignment.Center) {
                                                                              ^
core/designsystem/src/main/kotlin/com/autodrive/app/core/designsystem/patterns/state/StateScreens.kt:45:49: error: unresolved reference: Icons
        AutoDriveEmptyState(title, body, icon = Icons.Rounded.ErrorOutline, action = { AutoDrivePrimaryButton(retryLabel, onRetry) })
                                                ^
core/designsystem/src/main/kotlin/com/autodrive/app/core/designsystem/patterns/state/StateScreens.kt:49:2: error: unresolved reference: Composable
@Composable
 ^
core/designsystem/src/main/kotlin/com/autodrive/app/core/designsystem/patterns/state/StateScreens.kt:51:15: error: unresolved reference: Modifier
    modifier: Modifier = Modifier,
              ^
core/designsystem/src/main/kotlin/com/autodrive/app/core/designsystem/patterns/state/StateScreens.kt:51:26: error: unresolved reference: Modifier
    modifier: Modifier = Modifier,
                         ^
core/designsystem/src/main/kotlin/com/autodrive/app/core/designsystem/patterns/state/StateScreens.kt:54:5: error: unresolved reference: Box
    Box(modifier.fillMaxSize().padding(AutoDriveSpace.LG), contentAlignment = Alignment.Center) { AutoDriveLoadingState(label = label) }
    ^
core/designsystem/src/main/kotlin/com/autodrive/app/core/designsystem/patterns/state/StateScreens.kt:54:79: error: unresolved reference: Alignment
    Box(modifier.fillMaxSize().padding(AutoDriveSpace.LG), contentAlignment = Alignment.Center) { AutoDriveLoadingState(label = label) }
                                                                              ^
core/designsystem/src/main/kotlin/com/autodrive/app/core/designsystem/patterns/state/StateScreens.kt:57:2: error: unresolved reference: Preview
@Preview(showBackground = true, backgroundColor = 0xFF08090C)
 ^
core/designsystem/src/main/kotlin/com/autodrive/app/core/designsystem/patterns/state/StateScreens.kt:58:2: error: unresolved reference: Composable
@Composable
 ^
core/designsystem/src/main/kotlin/com/autodrive/app/core/designsystem/theme/Theme.kt:3:8: error: unresolved reference: androidx
import androidx.compose.material3.MaterialTheme
       ^
core/designsystem/src/main/kotlin/com/autodrive/app/core/designsystem/theme/Theme.kt:4:8: error: unresolved reference: androidx
import androidx.compose.material3.darkColorScheme
       ^
core/designsystem/src/main/kotlin/com/autodrive/app/core/designsystem/theme/Theme.kt:5:8: error: unresolved reference: androidx
import androidx.compose.runtime.Composable
       ^
core/designsystem/src/main/kotlin/com/autodrive/app/core/designsystem/theme/Theme.kt:13:36: error: unresolved reference: darkColorScheme
private val AutoDriveColorScheme = darkColorScheme(
                                   ^
core/designsystem/src/main/kotlin/com/autodrive/app/core/designsystem/theme/Theme.kt:29:2: error: unresolved reference: Composable
@Composable
 ^
core/designsystem/src/main/kotlin/com/autodrive/app/core/designsystem/theme/Theme.kt:30:30: error: unresolved reference: Composable
fun AutoDriveTheme(content: @Composable () -> Unit) {
                             ^
core/designsystem/src/main/kotlin/com/autodrive/app/core/designsystem/theme/Theme.kt:31:5: error: unresolved reference: MaterialTheme
    MaterialTheme(
    ^
core/network/src/main/kotlin/com/autodrive/app/core/network/AutoDriveSupabase.kt:3:39: error: unresolved reference: BuildConfig
import com.autodrive.app.core.network.BuildConfig
                                      ^
core/network/src/main/kotlin/com/autodrive/app/core/network/AutoDriveSupabase.kt:4:8: error: unresolved reference: io
import io.github.jan.supabase.SupabaseClient
       ^
core/network/src/main/kotlin/com/autodrive/app/core/network/AutoDriveSupabase.kt:5:8: error: unresolved reference: io
import io.github.jan.supabase.auth.Auth
       ^
core/network/src/main/kotlin/com/autodrive/app/core/network/AutoDriveSupabase.kt:6:8: error: unresolved reference: io
import io.github.jan.supabase.createSupabaseClient
       ^
core/network/src/main/kotlin/com/autodrive/app/core/network/AutoDriveSupabase.kt:7:8: error: unresolved reference: io
import io.github.jan.supabase.functions.Functions
       ^
core/network/src/main/kotlin/com/autodrive/app/core/network/AutoDriveSupabase.kt:8:8: error: unresolved reference: io
import io.github.jan.supabase.postgrest.Postgrest
       ^
core/network/src/main/kotlin/com/autodrive/app/core/network/AutoDriveSupabase.kt:9:8: error: unresolved reference: io
import io.github.jan.supabase.realtime.Realtime
       ^
core/network/src/main/kotlin/com/autodrive/app/core/network/AutoDriveSupabase.kt:10:8: error: unresolved reference: io
import io.github.jan.supabase.storage.Storage
       ^
core/network/src/main/kotlin/com/autodrive/app/core/network/AutoDriveSupabase.kt:11:8: error: unresolved reference: io
import io.github.jan.supabase.serializer.KotlinXSerializer
       ^
core/network/src/main/kotlin/com/autodrive/app/core/network/AutoDriveSupabase.kt:12:14: error: unresolved reference: inject
import javax.inject.Inject
             ^
core/network/src/main/kotlin/com/autodrive/app/core/network/AutoDriveSupabase.kt:13:14: error: unresolved reference: inject
import javax.inject.Singleton
             ^
core/network/src/main/kotlin/com/autodrive/app/core/network/AutoDriveSupabase.kt:15:8: error: unresolved reference: kotlinx
import kotlinx.serialization.json.Json
       ^
core/network/src/main/kotlin/com/autodrive/app/core/network/AutoDriveSupabase.kt:21:2: error: unresolved reference: Singleton
@Singleton
 ^
core/network/src/main/kotlin/com/autodrive/app/core/network/AutoDriveSupabase.kt:22:26: error: unresolved reference: Inject
class AutoDriveSupabase @Inject constructor() {
                         ^
core/network/src/main/kotlin/com/autodrive/app/core/network/AutoDriveSupabase.kt:24:17: error: unresolved reference: SupabaseClient
    val client: SupabaseClient = createSupabaseClient(
                ^
core/network/src/main/kotlin/com/autodrive/app/core/network/AutoDriveSupabase.kt:24:34: error: unresolved reference: createSupabaseClient
    val client: SupabaseClient = createSupabaseClient(
                                 ^
core/network/src/main/kotlin/com/autodrive/app/core/network/AutoDriveSupabase.kt:25:26: error: unresolved reference: BuildConfig
        supabaseUrl    = BuildConfig.SUPABASE_URL,
                         ^
core/network/src/main/kotlin/com/autodrive/app/core/network/AutoDriveSupabase.kt:26:26: error: unresolved reference: BuildConfig
        supabaseKey    = BuildConfig.SUPABASE_ANON_KEY
                         ^
core/network/src/main/kotlin/com/autodrive/app/core/network/AutoDriveSupabase.kt:28:9: error: unresolved reference: requestTimeout
        requestTimeout = 30.seconds
        ^
core/network/src/main/kotlin/com/autodrive/app/core/network/AutoDriveSupabase.kt:29:9: error: unresolved reference: defaultSerializer
        defaultSerializer = KotlinXSerializer(Json {
        ^
core/network/src/main/kotlin/com/autodrive/app/core/network/AutoDriveSupabase.kt:29:29: error: unresolved reference: KotlinXSerializer
        defaultSerializer = KotlinXSerializer(Json {
                            ^
core/network/src/main/kotlin/com/autodrive/app/core/network/AutoDriveSupabase.kt:29:47: error: unresolved reference: Json
        defaultSerializer = KotlinXSerializer(Json {
                                              ^
core/network/src/main/kotlin/com/autodrive/app/core/network/AutoDriveSupabase.kt:30:13: error: unresolved reference: coerceInputValues
            coerceInputValues = true
            ^
core/network/src/main/kotlin/com/autodrive/app/core/network/AutoDriveSupabase.kt:31:13: error: unresolved reference: ignoreUnknownKeys
            ignoreUnknownKeys = true
            ^
core/network/src/main/kotlin/com/autodrive/app/core/network/AutoDriveSupabase.kt:33:9: error: unresolved reference: install
        install(Postgrest)
        ^
core/network/src/main/kotlin/com/autodrive/app/core/network/AutoDriveSupabase.kt:33:17: error: unresolved reference: Postgrest
        install(Postgrest)
                ^
core/network/src/main/kotlin/com/autodrive/app/core/network/AutoDriveSupabase.kt:34:9: error: unresolved reference: install
        install(Auth)
        ^
core/network/src/main/kotlin/com/autodrive/app/core/network/AutoDriveSupabase.kt:34:17: error: unresolved reference: Auth
        install(Auth)
                ^
core/network/src/main/kotlin/com/autodrive/app/core/network/AutoDriveSupabase.kt:35:9: error: unresolved reference: install
        install(Realtime)
        ^
core/network/src/main/kotlin/com/autodrive/app/core/network/AutoDriveSupabase.kt:35:17: error: unresolved reference: Realtime
        install(Realtime)
                ^
core/network/src/main/kotlin/com/autodrive/app/core/network/AutoDriveSupabase.kt:36:9: error: unresolved reference: install
        install(Storage)
        ^
core/network/src/main/kotlin/com/autodrive/app/core/network/AutoDriveSupabase.kt:36:17: error: unresolved reference: Storage
        install(Storage)
                ^
core/network/src/main/kotlin/com/autodrive/app/core/network/AutoDriveSupabase.kt:37:9: error: unresolved reference: install
        install(Functions)
        ^
core/network/src/main/kotlin/com/autodrive/app/core/network/AutoDriveSupabase.kt:37:17: error: unresolved reference: Functions
        install(Functions)
                ^
core/network/src/main/kotlin/com/autodrive/app/core/network/dto/Dtos.kt:4:8: error: unresolved reference: kotlinx
import kotlinx.serialization.SerialName
       ^
core/network/src/main/kotlin/com/autodrive/app/core/network/dto/Dtos.kt:5:8: error: unresolved reference: kotlinx
import kotlinx.serialization.Serializable
       ^
core/network/src/main/kotlin/com/autodrive/app/core/network/dto/Dtos.kt:8:2: error: cannot access 'Serializable': it is internal in 'kotlin.io'
@Serializable
 ^
core/network/src/main/kotlin/com/autodrive/app/core/network/dto/Dtos.kt:8:2: error: this class does not have a constructor
@Serializable
 ^
core/network/src/main/kotlin/com/autodrive/app/core/network/dto/Dtos.kt:11:6: error: unresolved reference: SerialName
    @SerialName("user_id")       val userId: String = "",
     ^
core/network/src/main/kotlin/com/autodrive/app/core/network/dto/Dtos.kt:12:6: error: unresolved reference: SerialName
    @SerialName("client_id")     val clientId: String = "",
     ^
core/network/src/main/kotlin/com/autodrive/app/core/network/dto/Dtos.kt:13:6: error: unresolved reference: SerialName
    @SerialName("org_id")        val orgId: String = "",
     ^
core/network/src/main/kotlin/com/autodrive/app/core/network/dto/Dtos.kt:14:6: error: unresolved reference: SerialName
    @SerialName("account_type")  val accountType: String = "",
     ^
core/network/src/main/kotlin/com/autodrive/app/core/network/dto/Dtos.kt:15:6: error: unresolved reference: SerialName
    @SerialName("full_name")     val fullName: String = "",
     ^
core/network/src/main/kotlin/com/autodrive/app/core/network/dto/Dtos.kt:17:6: error: unresolved reference: SerialName
    @SerialName("bank_name")     val bankName: String? = null,
     ^
core/network/src/main/kotlin/com/autodrive/app/core/network/dto/Dtos.kt:18:6: error: unresolved reference: SerialName
    @SerialName("bank_account")  val bankAccount: String? = null,
     ^
core/network/src/main/kotlin/com/autodrive/app/core/network/dto/Dtos.kt:19:6: error: unresolved reference: SerialName
    @SerialName("workshop_name") val workshopName: String? = null,
     ^
core/network/src/main/kotlin/com/autodrive/app/core/network/dto/Dtos.kt:21:6: error: unresolved reference: SerialName
    @SerialName("workers_count") val workersCount: Int? = null,
     ^
core/network/src/main/kotlin/com/autodrive/app/core/network/dto/Dtos.kt:23:6: error: unresolved reference: SerialName
    @SerialName("onboarding_completed") val onboardingCompleted: Boolean = true,
     ^
core/network/src/main/kotlin/com/autodrive/app/core/network/dto/Dtos.kt:24:6: error: unresolved reference: SerialName
    @SerialName("created_at")    val createdAt: String = "",
     ^
core/network/src/main/kotlin/com/autodrive/app/core/network/dto/Dtos.kt:25:6: error: unresolved reference: SerialName
    @SerialName("updated_at")    val updatedAt: String = ""
     ^
core/network/src/main/kotlin/com/autodrive/app/core/network/dto/Dtos.kt:28:2: error: cannot access 'Serializable': it is internal in 'kotlin.io'
@Serializable
 ^
core/network/src/main/kotlin/com/autodrive/app/core/network/dto/Dtos.kt:28:2: error: this class does not have a constructor
@Serializable
 ^
core/network/src/main/kotlin/com/autodrive/app/core/network/dto/Dtos.kt:32:6: error: unresolved reference: SerialName
    @SerialName("marketer_client_id") val clientId: String = "",
     ^
core/network/src/main/kotlin/com/autodrive/app/core/network/dto/Dtos.kt:33:6: error: unresolved reference: SerialName
    @SerialName("organization_id")    val orgId: String = "",
     ^
core/network/src/main/kotlin/com/autodrive/app/core/network/dto/Dtos.kt:34:6: error: unresolved reference: SerialName
    @SerialName("expires_at")         val expiresAt: String? = null,
     ^
core/network/src/main/kotlin/com/autodrive/app/core/network/dto/Dtos.kt:36:6: error: unresolved reference: SerialName
    @SerialName("used_at")            val usedAt: String? = null,
     ^
core/network/src/main/kotlin/com/autodrive/app/core/network/dto/Dtos.kt:37:6: error: unresolved reference: SerialName
    @SerialName("created_at")         val createdAt: String = ""
     ^
core/network/src/main/kotlin/com/autodrive/app/core/network/dto/Dtos.kt:40:2: error: cannot access 'Serializable': it is internal in 'kotlin.io'
@Serializable
 ^
core/network/src/main/kotlin/com/autodrive/app/core/network/dto/Dtos.kt:40:2: error: this class does not have a constructor
@Serializable
 ^
core/network/src/main/kotlin/com/autodrive/app/core/network/dto/Dtos.kt:43:6: error: unresolved reference: SerialName
    @SerialName("client_id")      val clientId: String = "",
     ^
core/network/src/main/kotlin/com/autodrive/app/core/network/dto/Dtos.kt:44:6: error: cannot access 'Serializable': it is internal in 'kotlin.io'
    @Serializable(with = BigDecimalSerializer::class)
     ^
core/network/src/main/kotlin/com/autodrive/app/core/network/dto/Dtos.kt:44:18: error: this class does not have a constructor
    @Serializable(with = BigDecimalSerializer::class)
                 ^
core/network/src/main/kotlin/com/autodrive/app/core/network/dto/Dtos.kt:48:6: error: unresolved reference: SerialName
    @SerialName("total_amount")
     ^
core/network/src/main/kotlin/com/autodrive/app/core/network/dto/Dtos.kt:49:6: error: cannot access 'Serializable': it is internal in 'kotlin.io'
    @Serializable(with = BigDecimalSerializer::class)
     ^
core/network/src/main/kotlin/com/autodrive/app/core/network/dto/Dtos.kt:49:18: error: this class does not have a constructor
    @Serializable(with = BigDecimalSerializer::class)
                 ^
core/network/src/main/kotlin/com/autodrive/app/core/network/dto/Dtos.kt:51:6: error: unresolved reference: SerialName
    @SerialName("invoice_number") val invoiceNumber: Int = 0,
     ^
core/network/src/main/kotlin/com/autodrive/app/core/network/dto/Dtos.kt:52:6: error: unresolved reference: SerialName
    @SerialName("created_at")     val createdAt: String = ""
     ^
core/network/src/main/kotlin/com/autodrive/app/core/network/dto/Dtos.kt:55:2: error: cannot access 'Serializable': it is internal in 'kotlin.io'
@Serializable
 ^
core/network/src/main/kotlin/com/autodrive/app/core/network/dto/Dtos.kt:55:2: error: this class does not have a constructor
@Serializable
 ^
core/network/src/main/kotlin/com/autodrive/app/core/network/dto/Dtos.kt:58:6: error: unresolved reference: SerialName
    @SerialName("invoice_id")   val invoiceId: String = "",
     ^
core/network/src/main/kotlin/com/autodrive/app/core/network/dto/Dtos.kt:59:6: error: unresolved reference: SerialName
    @SerialName("item_name")    val itemName: String = "",
     ^
core/network/src/main/kotlin/com/autodrive/app/core/network/dto/Dtos.kt:60:6: error: unresolved reference: SerialName
    @SerialName("item_type")    val itemType: String = "",
     ^
core/network/src/main/kotlin/com/autodrive/app/core/network/dto/Dtos.kt:63:6: error: unresolved reference: SerialName
    @SerialName("buy_price")
     ^
core/network/src/main/kotlin/com/autodrive/app/core/network/dto/Dtos.kt:64:6: error: cannot access 'Serializable': it is internal in 'kotlin.io'
    @Serializable(with = BigDecimalSerializer::class)
     ^
core/network/src/main/kotlin/com/autodrive/app/core/network/dto/Dtos.kt:64:18: error: this class does not have a constructor
    @Serializable(with = BigDecimalSerializer::class)
                 ^
core/network/src/main/kotlin/com/autodrive/app/core/network/dto/Dtos.kt:66:6: error: unresolved reference: SerialName
    @SerialName("sell_price")
     ^
core/network/src/main/kotlin/com/autodrive/app/core/network/dto/Dtos.kt:67:6: error: cannot access 'Serializable': it is internal in 'kotlin.io'
    @Serializable(with = BigDecimalSerializer::class)
     ^
core/network/src/main/kotlin/com/autodrive/app/core/network/dto/Dtos.kt:67:18: error: this class does not have a constructor
    @Serializable(with = BigDecimalSerializer::class)
                 ^
core/network/src/main/kotlin/com/autodrive/app/core/network/dto/Dtos.kt:69:6: error: unresolved reference: SerialName
    @SerialName("total_price")
     ^
core/network/src/main/kotlin/com/autodrive/app/core/network/dto/Dtos.kt:70:6: error: cannot access 'Serializable': it is internal in 'kotlin.io'
    @Serializable(with = BigDecimalSerializer::class)
     ^
core/network/src/main/kotlin/com/autodrive/app/core/network/dto/Dtos.kt:70:18: error: this class does not have a constructor
    @Serializable(with = BigDecimalSerializer::class)
                 ^
core/network/src/main/kotlin/com/autodrive/app/core/network/dto/Dtos.kt:74:2: error: cannot access 'Serializable': it is internal in 'kotlin.io'
@Serializable
 ^
core/network/src/main/kotlin/com/autodrive/app/core/network/dto/Dtos.kt:74:2: error: this class does not have a constructor
@Serializable
 ^
core/network/src/main/kotlin/com/autodrive/app/core/network/dto/Dtos.kt:77:6: error: unresolved reference: SerialName
    @SerialName("client_id") val clientId: String = "",
     ^
core/network/src/main/kotlin/com/autodrive/app/core/network/dto/Dtos.kt:78:6: error: unresolved reference: SerialName
    @SerialName("invoice_id") val invoiceId: String = "",
     ^
core/network/src/main/kotlin/com/autodrive/app/core/network/dto/Dtos.kt:79:6: error: cannot access 'Serializable': it is internal in 'kotlin.io'
    @Serializable(with = BigDecimalSerializer::class)
     ^
core/network/src/main/kotlin/com/autodrive/app/core/network/dto/Dtos.kt:79:18: error: this class does not have a constructor
    @Serializable(with = BigDecimalSerializer::class)
                 ^
core/network/src/main/kotlin/com/autodrive/app/core/network/dto/Dtos.kt:81:6: error: unresolved reference: SerialName
    @SerialName("created_at") val createdAt: String = ""
     ^
core/network/src/main/kotlin/com/autodrive/app/core/network/dto/Dtos.kt:84:2: error: cannot access 'Serializable': it is internal in 'kotlin.io'
@Serializable
 ^
core/network/src/main/kotlin/com/autodrive/app/core/network/dto/Dtos.kt:84:2: error: this class does not have a constructor
@Serializable
 ^
core/network/src/main/kotlin/com/autodrive/app/core/network/dto/Dtos.kt:87:6: error: unresolved reference: SerialName
    @SerialName("client_id")   val clientId: String = "",
     ^
core/network/src/main/kotlin/com/autodrive/app/core/network/dto/Dtos.kt:90:6: error: cannot access 'Serializable': it is internal in 'kotlin.io'
    @Serializable(with = BigDecimalSerializer::class)
     ^
core/network/src/main/kotlin/com/autodrive/app/core/network/dto/Dtos.kt:90:18: error: this class does not have a constructor
    @Serializable(with = BigDecimalSerializer::class)
                 ^
core/network/src/main/kotlin/com/autodrive/app/core/network/dto/Dtos.kt:91:6: error: unresolved reference: SerialName
    @SerialName("total_amount")
     ^
core/network/src/main/kotlin/com/autodrive/app/core/network/dto/Dtos.kt:93:6: error: unresolved reference: SerialName
    @SerialName("transaction_ref")
     ^
core/network/src/main/kotlin/com/autodrive/app/core/network/dto/Dtos.kt:95:6: error: unresolved reference: SerialName
    @SerialName("invoice_ids") val invoiceIds: String = "",
     ^
core/network/src/main/kotlin/com/autodrive/app/core/network/dto/Dtos.kt:96:6: error: unresolved reference: SerialName
    @SerialName("paid_at")     val createdAt: String = ""
     ^
core/network/src/main/kotlin/com/autodrive/app/core/network/dto/Dtos.kt:99:2: error: cannot access 'Serializable': it is internal in 'kotlin.io'
@Serializable
 ^
core/network/src/main/kotlin/com/autodrive/app/core/network/dto/Dtos.kt:99:2: error: this class does not have a constructor
@Serializable
 ^
core/network/src/main/kotlin/com/autodrive/app/core/network/dto/Dtos.kt:101:6: error: unresolved reference: SerialName
    @SerialName("user_id")       val userId: String,
     ^
core/network/src/main/kotlin/com/autodrive/app/core/network/dto/Dtos.kt:102:6: error: unresolved reference: SerialName
    @SerialName("client_id")     val clientId: String,
     ^
core/network/src/main/kotlin/com/autodrive/app/core/network/dto/Dtos.kt:103:6: error: unresolved reference: SerialName
    @SerialName("org_id")        val orgId: String,
     ^
core/network/src/main/kotlin/com/autodrive/app/core/network/dto/Dtos.kt:104:6: error: unresolved reference: SerialName
    @SerialName("account_type")  val accountType: String,
     ^
core/network/src/main/kotlin/com/autodrive/app/core/network/dto/Dtos.kt:105:6: error: unresolved reference: SerialName
    @SerialName("full_name")     val fullName: String,
     ^
core/network/src/main/kotlin/com/autodrive/app/core/network/dto/Dtos.kt:107:6: error: unresolved reference: SerialName
    @SerialName("bank_name")     val bankName: String? = null,
     ^
core/network/src/main/kotlin/com/autodrive/app/core/network/dto/Dtos.kt:108:6: error: unresolved reference: SerialName
    @SerialName("bank_account")  val bankAccount: String? = null,
     ^
core/network/src/main/kotlin/com/autodrive/app/core/network/dto/Dtos.kt:109:6: error: unresolved reference: SerialName
    @SerialName("workshop_name") val workshopName: String? = null,
     ^
core/network/src/main/kotlin/com/autodrive/app/core/network/dto/Dtos.kt:111:6: error: unresolved reference: SerialName
    @SerialName("workers_count") val workersCount: Int? = null,
     ^
core/network/src/main/kotlin/com/autodrive/app/core/network/dto/Dtos.kt:115:2: error: cannot access 'Serializable': it is internal in 'kotlin.io'
@Serializable
 ^
core/network/src/main/kotlin/com/autodrive/app/core/network/dto/Dtos.kt:115:2: error: this class does not have a constructor
@Serializable
 ^
core/network/src/main/kotlin/com/autodrive/app/core/network/dto/Dtos.kt:118:6: error: unresolved reference: SerialName
    @SerialName("user_id")    val userId: String = "",
     ^
core/network/src/main/kotlin/com/autodrive/app/core/network/dto/Dtos.kt:119:6: error: unresolved reference: SerialName
    @SerialName("client_id")  val clientId: String = "",
     ^
core/network/src/main/kotlin/com/autodrive/app/core/network/dto/Dtos.kt:123:6: error: unresolved reference: SerialName
    @SerialName("is_read")    val isRead: Boolean = false,
     ^
core/network/src/main/kotlin/com/autodrive/app/core/network/dto/Dtos.kt:124:6: error: unresolved reference: SerialName
    @SerialName("created_at") val createdAt: String = "",
     ^
core/network/src/main/kotlin/com/autodrive/app/core/network/dto/Dtos.kt:126:15: error: unresolved reference: kotlinx
    val data: kotlinx.serialization.json.JsonObject? = null
              ^
core/network/src/main/kotlin/com/autodrive/app/core/network/dto/Dtos.kt:131:2: error: cannot access 'Serializable': it is internal in 'kotlin.io'
@Serializable
 ^
core/network/src/main/kotlin/com/autodrive/app/core/network/dto/Dtos.kt:131:2: error: this class does not have a constructor
@Serializable
 ^
core/network/src/main/kotlin/com/autodrive/app/core/network/dto/Dtos.kt:134:6: error: unresolved reference: SerialName
    @SerialName("client_id")  val clientId: String = "",
     ^
core/network/src/main/kotlin/com/autodrive/app/core/network/dto/Dtos.kt:135:6: error: unresolved reference: SerialName
    @SerialName("org_id")     val orgId: String = "",
     ^
core/network/src/main/kotlin/com/autodrive/app/core/network/dto/Dtos.kt:136:6: error: cannot access 'Serializable': it is internal in 'kotlin.io'
    @Serializable(with = BigDecimalSerializer::class)
     ^
core/network/src/main/kotlin/com/autodrive/app/core/network/dto/Dtos.kt:136:18: error: this class does not have a constructor
    @Serializable(with = BigDecimalSerializer::class)
                 ^
core/network/src/main/kotlin/com/autodrive/app/core/network/dto/Dtos.kt:138:6: error: unresolved reference: SerialName
    @SerialName("updated_at") val updatedAt: String = ""
     ^
core/network/src/main/kotlin/com/autodrive/app/core/network/dto/Dtos.kt:143:2: error: cannot access 'Serializable': it is internal in 'kotlin.io'
@Serializable
 ^
core/network/src/main/kotlin/com/autodrive/app/core/network/dto/Dtos.kt:143:2: error: this class does not have a constructor
@Serializable
 ^
core/network/src/main/kotlin/com/autodrive/app/core/network/dto/Dtos.kt:146:6: error: unresolved reference: SerialName
    @SerialName("client_id")      val clientId: String = "",
     ^
core/network/src/main/kotlin/com/autodrive/app/core/network/dto/Dtos.kt:147:6: error: unresolved reference: SerialName
    @SerialName("org_id")         val orgId: String = "",
     ^
core/network/src/main/kotlin/com/autodrive/app/core/network/dto/Dtos.kt:149:6: error: cannot access 'Serializable': it is internal in 'kotlin.io'
    @Serializable(with = BigDecimalSerializer::class)
     ^
core/network/src/main/kotlin/com/autodrive/app/core/network/dto/Dtos.kt:149:18: error: this class does not have a constructor
    @Serializable(with = BigDecimalSerializer::class)
                 ^
core/network/src/main/kotlin/com/autodrive/app/core/network/dto/Dtos.kt:151:6: error: unresolved reference: SerialName
    @SerialName("balance_before")
     ^
core/network/src/main/kotlin/com/autodrive/app/core/network/dto/Dtos.kt:152:6: error: cannot access 'Serializable': it is internal in 'kotlin.io'
    @Serializable(with = BigDecimalSerializer::class)
     ^
core/network/src/main/kotlin/com/autodrive/app/core/network/dto/Dtos.kt:152:18: error: this class does not have a constructor
    @Serializable(with = BigDecimalSerializer::class)
                 ^
core/network/src/main/kotlin/com/autodrive/app/core/network/dto/Dtos.kt:154:6: error: unresolved reference: SerialName
    @SerialName("balance_after")
     ^
core/network/src/main/kotlin/com/autodrive/app/core/network/dto/Dtos.kt:155:6: error: cannot access 'Serializable': it is internal in 'kotlin.io'
    @Serializable(with = BigDecimalSerializer::class)
     ^
core/network/src/main/kotlin/com/autodrive/app/core/network/dto/Dtos.kt:155:18: error: this class does not have a constructor
    @Serializable(with = BigDecimalSerializer::class)
                 ^
core/network/src/main/kotlin/com/autodrive/app/core/network/dto/Dtos.kt:157:6: error: unresolved reference: SerialName
    @SerialName("reference_type") val referenceType: String = "",
     ^
core/network/src/main/kotlin/com/autodrive/app/core/network/dto/Dtos.kt:158:6: error: unresolved reference: SerialName
    @SerialName("reference_id")   val referenceId: String? = null,
     ^
core/network/src/main/kotlin/com/autodrive/app/core/network/dto/Dtos.kt:160:6: error: unresolved reference: SerialName
    @SerialName("created_at")     val createdAt: String = ""
     ^
core/network/src/main/kotlin/com/autodrive/app/core/network/dto/Dtos.kt:165:2: error: cannot access 'Serializable': it is internal in 'kotlin.io'
@Serializable
 ^
core/network/src/main/kotlin/com/autodrive/app/core/network/dto/Dtos.kt:165:2: error: this class does not have a constructor
@Serializable
 ^
core/network/src/main/kotlin/com/autodrive/app/core/network/dto/Dtos.kt:168:6: error: unresolved reference: SerialName
    @SerialName("client_id")       val clientId: String = "",
     ^
core/network/src/main/kotlin/com/autodrive/app/core/network/dto/Dtos.kt:169:6: error: unresolved reference: SerialName
    @SerialName("org_id")          val orgId: String = "",
     ^
core/network/src/main/kotlin/com/autodrive/app/core/network/dto/Dtos.kt:170:6: error: cannot access 'Serializable': it is internal in 'kotlin.io'
    @Serializable(with = BigDecimalSerializer::class)
     ^
core/network/src/main/kotlin/com/autodrive/app/core/network/dto/Dtos.kt:170:18: error: this class does not have a constructor
    @Serializable(with = BigDecimalSerializer::class)
                 ^
core/network/src/main/kotlin/com/autodrive/app/core/network/dto/Dtos.kt:173:6: error: unresolved reference: SerialName
    @SerialName("bank_name")       val bankName: String = "",
     ^
core/network/src/main/kotlin/com/autodrive/app/core/network/dto/Dtos.kt:174:6: error: unresolved reference: SerialName
    @SerialName("bank_account")    val bankAccount: String = "",
     ^
core/network/src/main/kotlin/com/autodrive/app/core/network/dto/Dtos.kt:175:6: error: unresolved reference: SerialName
    @SerialName("transaction_ref") val transactionRef: String? = null,
     ^
core/network/src/main/kotlin/com/autodrive/app/core/network/dto/Dtos.kt:177:6: error: unresolved reference: SerialName
    @SerialName("admin_note")      val adminNote: String? = null,
     ^
core/network/src/main/kotlin/com/autodrive/app/core/network/dto/Dtos.kt:178:6: error: unresolved reference: SerialName
    @SerialName("requested_at")    val requestedAt: String = "",
     ^
core/network/src/main/kotlin/com/autodrive/app/core/network/dto/Dtos.kt:179:6: error: unresolved reference: SerialName
    @SerialName("processed_at")    val processedAt: String? = null,
     ^
core/network/src/main/kotlin/com/autodrive/app/core/network/dto/Dtos.kt:180:6: error: unresolved reference: SerialName
    @SerialName("processed_by")    val processedBy: String? = null,
     ^
core/network/src/main/kotlin/com/autodrive/app/core/network/dto/Dtos.kt:181:6: error: unresolved reference: SerialName
    @SerialName("client_request_id") val clientRequestId: String? = null,
     ^
core/network/src/main/kotlin/com/autodrive/app/core/network/dto/Dtos.kt:184:2: error: cannot access 'Serializable': it is internal in 'kotlin.io'
@Serializable
 ^
core/network/src/main/kotlin/com/autodrive/app/core/network/dto/Dtos.kt:184:2: error: this class does not have a constructor
@Serializable
 ^
core/network/src/main/kotlin/com/autodrive/app/core/network/dto/Dtos.kt:187:6: error: unresolved reference: SerialName
    @SerialName("used_at") val usedAt: String
     ^
core/network/src/main/kotlin/com/autodrive/app/core/network/dto/Dtos.kt:191:2: error: cannot access 'Serializable': it is internal in 'kotlin.io'
@Serializable
 ^
core/network/src/main/kotlin/com/autodrive/app/core/network/dto/Dtos.kt:191:2: error: this class does not have a constructor
@Serializable
 ^
core/network/src/main/kotlin/com/autodrive/app/core/network/dto/Dtos.kt:193:6: error: unresolved reference: SerialName
    @SerialName("p_code") val code: String
     ^
core/network/src/main/kotlin/com/autodrive/app/core/network/dto/Dtos.kt:196:2: error: cannot access 'Serializable': it is internal in 'kotlin.io'
@Serializable
 ^
core/network/src/main/kotlin/com/autodrive/app/core/network/dto/Dtos.kt:196:2: error: this class does not have a constructor
@Serializable
 ^
core/network/src/main/kotlin/com/autodrive/app/core/network/dto/Dtos.kt:198:6: error: unresolved reference: SerialName
    @SerialName("is_valid")    val isValid: Boolean,
     ^
core/network/src/main/kotlin/com/autodrive/app/core/network/dto/Dtos.kt:200:6: error: unresolved reference: SerialName
    @SerialName("client_id")   val clientId: String?,
     ^
core/network/src/main/kotlin/com/autodrive/app/core/network/dto/Dtos.kt:201:6: error: unresolved reference: SerialName
    @SerialName("org_id")      val orgId: String?,
     ^
core/network/src/main/kotlin/com/autodrive/app/core/network/dto/Dtos.kt:202:6: error: unresolved reference: SerialName
    @SerialName("is_marketer") val isMarketer: Boolean,
     ^
core/network/src/main/kotlin/com/autodrive/app/core/network/dto/Dtos.kt:206:2: error: cannot access 'Serializable': it is internal in 'kotlin.io'
@Serializable
 ^
core/network/src/main/kotlin/com/autodrive/app/core/network/dto/Dtos.kt:206:2: error: this class does not have a constructor
@Serializable
 ^
core/network/src/main/kotlin/com/autodrive/app/core/network/dto/Dtos.kt:208:6: error: unresolved reference: SerialName
    @SerialName("p_code")          val code: String,
     ^
core/network/src/main/kotlin/com/autodrive/app/core/network/dto/Dtos.kt:209:6: error: unresolved reference: SerialName
    @SerialName("p_full_name")     val fullName: String,
     ^
core/network/src/main/kotlin/com/autodrive/app/core/network/dto/Dtos.kt:210:6: error: unresolved reference: SerialName
    @SerialName("p_phone")         val phone: String,
     ^
core/network/src/main/kotlin/com/autodrive/app/core/network/dto/Dtos.kt:211:6: error: unresolved reference: SerialName
    @SerialName("p_account_type")  val accountType: String,
     ^
core/network/src/main/kotlin/com/autodrive/app/core/network/dto/Dtos.kt:212:6: error: unresolved reference: SerialName
    @SerialName("p_bank_name")     val bankName: String?    = null,
     ^
core/network/src/main/kotlin/com/autodrive/app/core/network/dto/Dtos.kt:213:6: error: unresolved reference: SerialName
    @SerialName("p_bank_account")  val bankAccount: String? = null,
     ^
core/network/src/main/kotlin/com/autodrive/app/core/network/dto/Dtos.kt:214:6: error: unresolved reference: SerialName
    @SerialName("p_workshop_name") val workshopName: String? = null,
     ^
core/network/src/main/kotlin/com/autodrive/app/core/network/dto/Dtos.kt:215:6: error: unresolved reference: SerialName
    @SerialName("p_specialty")     val specialty: String?   = null,
     ^
core/network/src/main/kotlin/com/autodrive/app/core/network/dto/Dtos.kt:216:6: error: unresolved reference: SerialName
    @SerialName("p_workers_count") val workersCount: Int?   = null,
     ^
core/network/src/main/kotlin/com/autodrive/app/core/network/dto/Dtos.kt:217:6: error: unresolved reference: SerialName
    @SerialName("p_address")       val address: String?     = null,
     ^
core/network/src/main/kotlin/com/autodrive/app/core/network/dto/Dtos.kt:221:2: error: cannot access 'Serializable': it is internal in 'kotlin.io'
@Serializable
 ^
core/network/src/main/kotlin/com/autodrive/app/core/network/dto/Dtos.kt:221:2: error: this class does not have a constructor
@Serializable
 ^
core/network/src/main/kotlin/com/autodrive/app/core/network/dto/Dtos.kt:223:6: error: unresolved reference: SerialName
    @SerialName("p_invite_code") val inviteCode: String
     ^
core/network/src/main/kotlin/com/autodrive/app/core/network/dto/Dtos.kt:227:2: error: cannot access 'Serializable': it is internal in 'kotlin.io'
@Serializable
 ^
core/network/src/main/kotlin/com/autodrive/app/core/network/dto/Dtos.kt:227:2: error: this class does not have a constructor
@Serializable
 ^
core/network/src/main/kotlin/com/autodrive/app/core/network/dto/Dtos.kt:229:6: error: unresolved reference: SerialName
    @SerialName("p_amount")
     ^
core/network/src/main/kotlin/com/autodrive/app/core/network/dto/Dtos.kt:230:6: error: cannot access 'Serializable': it is internal in 'kotlin.io'
    @Serializable(with = BigDecimalSerializer::class)
     ^
core/network/src/main/kotlin/com/autodrive/app/core/network/dto/Dtos.kt:230:18: error: this class does not have a constructor
    @Serializable(with = BigDecimalSerializer::class)
                 ^
core/network/src/main/kotlin/com/autodrive/app/core/network/dto/Dtos.kt:232:6: error: unresolved reference: SerialName
    @SerialName("p_note")              val note: String,
     ^
core/network/src/main/kotlin/com/autodrive/app/core/network/dto/Dtos.kt:233:6: error: unresolved reference: SerialName
    @SerialName("p_client_request_id") val clientRequestId: String
     ^
core/network/src/main/kotlin/com/autodrive/app/core/network/dto/Dtos.kt:237:2: error: cannot access 'Serializable': it is internal in 'kotlin.io'
@Serializable
 ^
core/network/src/main/kotlin/com/autodrive/app/core/network/dto/Dtos.kt:237:2: error: this class does not have a constructor
@Serializable
 ^
core/network/src/main/kotlin/com/autodrive/app/core/network/dto/Dtos.kt:239:6: error: unresolved reference: SerialName
    @SerialName("invoice_id")      val invoiceId: String = "",
     ^
core/network/src/main/kotlin/com/autodrive/app/core/network/dto/Dtos.kt:240:6: error: unresolved reference: SerialName
    @SerialName("client_id")       val clientId: String = "",
     ^
core/network/src/main/kotlin/com/autodrive/app/core/network/dto/Dtos.kt:241:6: error: unresolved reference: SerialName
    @SerialName("org_id")          val orgId: String = "",
     ^
core/network/src/main/kotlin/com/autodrive/app/core/network/dto/Dtos.kt:242:6: error: cannot access 'Serializable': it is internal in 'kotlin.io'
    @Serializable(with = BigDecimalSerializer::class)
     ^
core/network/src/main/kotlin/com/autodrive/app/core/network/dto/Dtos.kt:242:18: error: this class does not have a constructor
    @Serializable(with = BigDecimalSerializer::class)
                 ^
core/network/src/main/kotlin/com/autodrive/app/core/network/dto/Dtos.kt:244:6: error: unresolved reference: SerialName
    @SerialName("invoice_number")  val invoiceNumber: Int = 0,
     ^
core/network/src/main/kotlin/com/autodrive/app/core/network/dto/Dtos.kt:245:6: error: unresolved reference: SerialName
    @SerialName("total_amount")
     ^
core/network/src/main/kotlin/com/autodrive/app/core/network/dto/Dtos.kt:246:6: error: cannot access 'Serializable': it is internal in 'kotlin.io'
    @Serializable(with = BigDecimalSerializer::class)
     ^
core/network/src/main/kotlin/com/autodrive/app/core/network/dto/Dtos.kt:246:18: error: this class does not have a constructor
    @Serializable(with = BigDecimalSerializer::class)
                 ^
core/network/src/main/kotlin/com/autodrive/app/core/network/dto/Dtos.kt:248:6: error: unresolved reference: SerialName
    @SerialName("invoice_status")  val invoiceStatus: String = "",
     ^
core/network/src/main/kotlin/com/autodrive/app/core/network/dto/Dtos.kt:250:6: error: unresolved reference: SerialName
    @SerialName("created_at")      val createdAt: String = "",
     ^
core/network/src/main/kotlin/com/autodrive/app/core/network/dto/Dtos.kt:251:6: error: unresolved reference: SerialName
    @SerialName("ledger_status")   val ledgerStatus: String? = null,
     ^
core/network/src/main/kotlin/com/autodrive/app/core/network/dto/Dtos.kt:252:6: error: unresolved reference: SerialName
    @SerialName("paid_out_amount")
     ^
core/network/src/main/kotlin/com/autodrive/app/core/network/dto/Dtos.kt:253:6: error: cannot access 'Serializable': it is internal in 'kotlin.io'
    @Serializable(with = BigDecimalSerializer::class)
     ^
core/network/src/main/kotlin/com/autodrive/app/core/network/dto/Dtos.kt:253:18: error: this class does not have a constructor
    @Serializable(with = BigDecimalSerializer::class)
                 ^
core/network/src/main/kotlin/com/autodrive/app/core/network/dto/Dtos.kt:255:6: error: unresolved reference: SerialName
    @SerialName("payments_sum")
     ^
core/network/src/main/kotlin/com/autodrive/app/core/network/dto/Dtos.kt:256:6: error: cannot access 'Serializable': it is internal in 'kotlin.io'
    @Serializable(with = BigDecimalSerializer::class)
     ^
core/network/src/main/kotlin/com/autodrive/app/core/network/dto/Dtos.kt:256:18: error: this class does not have a constructor
    @Serializable(with = BigDecimalSerializer::class)
                 ^
core/network/src/main/kotlin/com/autodrive/app/core/network/dto/Dtos.kt:258:6: error: unresolved reference: SerialName
    @SerialName("week_start")      val weekStart: String = "",
     ^
core/network/src/main/kotlin/com/autodrive/app/core/network/dto/Dtos.kt:263:2: error: cannot access 'Serializable': it is internal in 'kotlin.io'
@Serializable
 ^
core/network/src/main/kotlin/com/autodrive/app/core/network/dto/Dtos.kt:263:2: error: this class does not have a constructor
@Serializable
 ^
core/network/src/main/kotlin/com/autodrive/app/core/network/dto/Dtos.kt:268:2: error: cannot access 'Serializable': it is internal in 'kotlin.io'
@Serializable
 ^
core/network/src/main/kotlin/com/autodrive/app/core/network/dto/Dtos.kt:268:2: error: this class does not have a constructor
@Serializable
 ^
core/network/src/main/kotlin/com/autodrive/app/core/network/dto/Dtos.kt:271:6: error: unresolved reference: SerialName
    @SerialName("dev_otp") val devOtp: String? = null
     ^
core/network/src/main/kotlin/com/autodrive/app/core/network/dto/Dtos.kt:274:2: error: cannot access 'Serializable': it is internal in 'kotlin.io'
@Serializable
 ^
core/network/src/main/kotlin/com/autodrive/app/core/network/dto/Dtos.kt:274:2: error: this class does not have a constructor
@Serializable
 ^
core/network/src/main/kotlin/com/autodrive/app/core/network/dto/Dtos.kt:280:2: error: cannot access 'Serializable': it is internal in 'kotlin.io'
@Serializable
 ^
core/network/src/main/kotlin/com/autodrive/app/core/network/dto/Dtos.kt:280:2: error: this class does not have a constructor
@Serializable
 ^
core/network/src/main/kotlin/com/autodrive/app/core/network/dto/Dtos.kt:282:6: error: unresolved reference: SerialName
    @SerialName("access_token")  val accessToken: String,
     ^
core/network/src/main/kotlin/com/autodrive/app/core/network/dto/Dtos.kt:283:6: error: unresolved reference: SerialName
    @SerialName("refresh_token") val refreshToken: String,
     ^
core/network/src/main/kotlin/com/autodrive/app/core/network/dto/Dtos.kt:284:6: error: unresolved reference: SerialName
    @SerialName("expires_in")    val expiresIn: Long = 3600L,
     ^
core/network/src/main/kotlin/com/autodrive/app/core/network/dto/Dtos.kt:285:6: error: unresolved reference: SerialName
    @SerialName("token_type")    val tokenType: String = "bearer",
     ^
core/network/src/main/kotlin/com/autodrive/app/core/network/dto/Dtos.kt:286:6: error: unresolved reference: SerialName
    @SerialName("user_id")       val userId: String = ""
     ^
core/network/src/main/kotlin/com/autodrive/app/core/network/dto/Dtos.kt:290:2: error: cannot access 'Serializable': it is internal in 'kotlin.io'
@Serializable
 ^
core/network/src/main/kotlin/com/autodrive/app/core/network/dto/Dtos.kt:290:2: error: this class does not have a constructor
@Serializable
 ^
core/network/src/main/kotlin/com/autodrive/app/core/network/dto/Dtos.kt:292:6: error: unresolved reference: SerialName
    @SerialName("full_name")     val fullName: String? = null,
     ^
core/network/src/main/kotlin/com/autodrive/app/core/network/dto/Dtos.kt:294:6: error: unresolved reference: SerialName
    @SerialName("bank_name")     val bankName: String? = null,
     ^
core/network/src/main/kotlin/com/autodrive/app/core/network/dto/Dtos.kt:295:6: error: unresolved reference: SerialName
    @SerialName("bank_account")  val bankAccount: String? = null,
     ^
core/network/src/main/kotlin/com/autodrive/app/core/network/dto/Dtos.kt:296:6: error: unresolved reference: SerialName
    @SerialName("workshop_name") val workshopName: String? = null,
     ^
core/network/src/main/kotlin/com/autodrive/app/core/network/dto/Dtos.kt:298:6: error: unresolved reference: SerialName
    @SerialName("workers_count") val workersCount: Int? = null,
     ^
core/network/src/main/kotlin/com/autodrive/app/core/network/dto/chat/ChatDtos.kt:3:8: error: unresolved reference: kotlinx
import kotlinx.serialization.SerialName
       ^
core/network/src/main/kotlin/com/autodrive/app/core/network/dto/chat/ChatDtos.kt:4:8: error: unresolved reference: kotlinx
import kotlinx.serialization.Serializable
       ^
core/network/src/main/kotlin/com/autodrive/app/core/network/dto/chat/ChatDtos.kt:6:2: error: cannot access 'Serializable': it is internal in 'kotlin.io'
@Serializable
 ^
core/network/src/main/kotlin/com/autodrive/app/core/network/dto/chat/ChatDtos.kt:6:2: error: this class does not have a constructor
@Serializable
 ^
core/network/src/main/kotlin/com/autodrive/app/core/network/dto/chat/ChatDtos.kt:9:6: error: unresolved reference: SerialName
    @SerialName("client_id") val clientId: String = "",
     ^
core/network/src/main/kotlin/com/autodrive/app/core/network/dto/chat/ChatDtos.kt:10:6: error: unresolved reference: SerialName
    @SerialName("org_id") val orgId: String = "",
     ^
core/network/src/main/kotlin/com/autodrive/app/core/network/dto/chat/ChatDtos.kt:11:6: error: unresolved reference: SerialName
    @SerialName("sender_id") val senderId: String = "",
     ^
core/network/src/main/kotlin/com/autodrive/app/core/network/dto/chat/ChatDtos.kt:12:6: error: unresolved reference: SerialName
    @SerialName("sender_type") val senderType: String = "ADMIN",
     ^
core/network/src/main/kotlin/com/autodrive/app/core/network/dto/chat/ChatDtos.kt:15:6: error: unresolved reference: SerialName
    @SerialName("media_url") val mediaUrl: String? = null,
     ^
core/network/src/main/kotlin/com/autodrive/app/core/network/dto/chat/ChatDtos.kt:16:6: error: unresolved reference: SerialName
    @SerialName("media_mime") val mediaMime: String? = null,
     ^
core/network/src/main/kotlin/com/autodrive/app/core/network/dto/chat/ChatDtos.kt:17:6: error: unresolved reference: SerialName
    @SerialName("media_duration_ms") val mediaDurationMs: Long? = null,
     ^
core/network/src/main/kotlin/com/autodrive/app/core/network/dto/chat/ChatDtos.kt:18:6: error: unresolved reference: SerialName
    @SerialName("media_object_path") val mediaObjectPath: String? = null,
     ^
core/network/src/main/kotlin/com/autodrive/app/core/network/dto/chat/ChatDtos.kt:19:6: error: unresolved reference: SerialName
    @SerialName("is_read") val isRead: Boolean = false,
     ^
core/network/src/main/kotlin/com/autodrive/app/core/network/dto/chat/ChatDtos.kt:20:6: error: unresolved reference: SerialName
    @SerialName("created_at") val createdAt: String = "",
     ^
core/network/src/main/kotlin/com/autodrive/app/core/network/dto/chat/ChatDtos.kt:21:6: error: unresolved reference: SerialName
    @SerialName("chat_recovery_seq") val chatRecoverySequence: Long? = null,
     ^
core/network/src/main/kotlin/com/autodrive/app/core/network/dto/chat/ChatDtos.kt:22:6: error: unresolved reference: SerialName
    @SerialName("conversation_id") val conversationId: String? = null,
     ^
core/network/src/main/kotlin/com/autodrive/app/core/network/dto/chat/ChatDtos.kt:25:2: error: cannot access 'Serializable': it is internal in 'kotlin.io'
@Serializable
 ^
core/network/src/main/kotlin/com/autodrive/app/core/network/dto/chat/ChatDtos.kt:25:2: error: this class does not have a constructor
@Serializable
 ^
core/network/src/main/kotlin/com/autodrive/app/core/network/dto/chat/ChatDtos.kt:28:6: error: unresolved reference: SerialName
    @SerialName("org_id") val orgId: String = "",
     ^
core/network/src/main/kotlin/com/autodrive/app/core/network/dto/chat/ChatDtos.kt:29:6: error: unresolved reference: SerialName
    @SerialName("client_id") val clientId: String = "",
     ^
core/network/src/main/kotlin/com/autodrive/app/core/network/dto/chat/ChatDtos.kt:31:6: error: unresolved reference: SerialName
    @SerialName("last_message") val lastMessage: String? = null,
     ^
core/network/src/main/kotlin/com/autodrive/app/core/network/dto/chat/ChatDtos.kt:32:6: error: unresolved reference: SerialName
    @SerialName("last_message_at") val lastMessageAt: String? = null,
     ^
core/network/src/main/kotlin/com/autodrive/app/core/network/dto/chat/ChatDtos.kt:33:6: error: unresolved reference: SerialName
    @SerialName("marketer_unread") val marketerUnread: Int = 0,
     ^
core/network/src/main/kotlin/com/autodrive/app/core/network/dto/chat/ChatDtos.kt:34:6: error: unresolved reference: SerialName
    @SerialName("created_at") val createdAt: String = "",
     ^
core/network/src/main/kotlin/com/autodrive/app/core/network/serialization/BigDecimalSerializer.kt:3:8: error: unresolved reference: kotlinx
import kotlinx.serialization.KSerializer
       ^
core/network/src/main/kotlin/com/autodrive/app/core/network/serialization/BigDecimalSerializer.kt:4:8: error: unresolved reference: kotlinx
import kotlinx.serialization.descriptors.PrimitiveKind
       ^
core/network/src/main/kotlin/com/autodrive/app/core/network/serialization/BigDecimalSerializer.kt:5:8: error: unresolved reference: kotlinx
import kotlinx.serialization.descriptors.PrimitiveSerialDescriptor
       ^
core/network/src/main/kotlin/com/autodrive/app/core/network/serialization/BigDecimalSerializer.kt:6:8: error: unresolved reference: kotlinx
import kotlinx.serialization.encoding.Decoder
       ^
core/network/src/main/kotlin/com/autodrive/app/core/network/serialization/BigDecimalSerializer.kt:7:8: error: unresolved reference: kotlinx
import kotlinx.serialization.encoding.Encoder
       ^
core/network/src/main/kotlin/com/autodrive/app/core/network/serialization/BigDecimalSerializer.kt:8:8: error: unresolved reference: kotlinx
import kotlinx.serialization.json.JsonDecoder
       ^
core/network/src/main/kotlin/com/autodrive/app/core/network/serialization/BigDecimalSerializer.kt:9:8: error: unresolved reference: kotlinx
import kotlinx.serialization.json.JsonEncoder
       ^
core/network/src/main/kotlin/com/autodrive/app/core/network/serialization/BigDecimalSerializer.kt:10:8: error: unresolved reference: kotlinx
import kotlinx.serialization.json.JsonPrimitive
       ^
core/network/src/main/kotlin/com/autodrive/app/core/network/serialization/BigDecimalSerializer.kt:11:8: error: unresolved reference: kotlinx
import kotlinx.serialization.json.jsonPrimitive
       ^
core/network/src/main/kotlin/com/autodrive/app/core/network/serialization/BigDecimalSerializer.kt:18:31: error: unresolved reference: KSerializer
object BigDecimalSerializer : KSerializer<BigDecimal> {
                              ^
core/network/src/main/kotlin/com/autodrive/app/core/network/serialization/BigDecimalSerializer.kt:19:5: error: 'descriptor' overrides nothing
    override val descriptor = PrimitiveSerialDescriptor("BigDecimal", PrimitiveKind.STRING)
    ^
core/network/src/main/kotlin/com/autodrive/app/core/network/serialization/BigDecimalSerializer.kt:19:31: error: unresolved reference: PrimitiveSerialDescriptor
    override val descriptor = PrimitiveSerialDescriptor("BigDecimal", PrimitiveKind.STRING)
                              ^
core/network/src/main/kotlin/com/autodrive/app/core/network/serialization/BigDecimalSerializer.kt:19:71: error: unresolved reference: PrimitiveKind
    override val descriptor = PrimitiveSerialDescriptor("BigDecimal", PrimitiveKind.STRING)
                                                                      ^
core/network/src/main/kotlin/com/autodrive/app/core/network/serialization/BigDecimalSerializer.kt:21:5: error: 'serialize' overrides nothing
    override fun serialize(encoder: Encoder, value: BigDecimal) {
    ^
core/network/src/main/kotlin/com/autodrive/app/core/network/serialization/BigDecimalSerializer.kt:21:37: error: unresolved reference: Encoder
    override fun serialize(encoder: Encoder, value: BigDecimal) {
                                    ^
core/network/src/main/kotlin/com/autodrive/app/core/network/serialization/BigDecimalSerializer.kt:22:24: error: unresolved reference: JsonEncoder
        if (encoder is JsonEncoder) {
                       ^
core/network/src/main/kotlin/com/autodrive/app/core/network/serialization/BigDecimalSerializer.kt:23:39: error: unresolved reference: JsonPrimitive
            encoder.encodeJsonElement(JsonPrimitive(value))
                                      ^
core/network/src/main/kotlin/com/autodrive/app/core/network/serialization/BigDecimalSerializer.kt:29:5: error: 'deserialize' overrides nothing
    override fun deserialize(decoder: Decoder): BigDecimal {
    ^
core/network/src/main/kotlin/com/autodrive/app/core/network/serialization/BigDecimalSerializer.kt:29:39: error: unresolved reference: Decoder
    override fun deserialize(decoder: Decoder): BigDecimal {
                                      ^
core/network/src/main/kotlin/com/autodrive/app/core/network/serialization/BigDecimalSerializer.kt:30:24: error: unresolved reference: JsonDecoder
        if (decoder is JsonDecoder) {
                       ^
core/observability/src/main/kotlin/com/autodrive/app/core/observability/AppLogger.kt:3:8: error: unresolved reference: android
import android.util.Log
       ^
core/observability/src/main/kotlin/com/autodrive/app/core/observability/AppLogger.kt:4:45: error: unresolved reference: BuildConfig
import com.autodrive.app.core.observability.BuildConfig
                                            ^
core/observability/src/main/kotlin/com/autodrive/app/core/observability/AppLogger.kt:51:13: error: unresolved reference: BuildConfig
        if (BuildConfig.DEBUG) {
            ^
core/observability/src/main/kotlin/com/autodrive/app/core/observability/AppLogger.kt:54:64: error: unresolved reference: Log
                DiagnosticLevel.DEBUG, DiagnosticLevel.INFO -> Log.d(safeTag, rendered)
                                                               ^
core/observability/src/main/kotlin/com/autodrive/app/core/observability/AppLogger.kt:55:44: error: unresolved reference: Log
                DiagnosticLevel.WARNING -> Log.w(safeTag, rendered)
                                           ^
core/observability/src/main/kotlin/com/autodrive/app/core/observability/AppLogger.kt:56:42: error: unresolved reference: Log
                DiagnosticLevel.ERROR -> Log.e(safeTag, rendered, safeThrowable)
                                         ^
core/observability/src/main/kotlin/com/autodrive/app/core/observability/FirebaseCrashlyticsReporter.kt:3:45: error: unresolved reference: BuildConfig
import com.autodrive.app.core.observability.BuildConfig
                                            ^
core/observability/src/main/kotlin/com/autodrive/app/core/observability/FirebaseCrashlyticsReporter.kt:4:12: error: unresolved reference: google
import com.google.firebase.crashlytics.FirebaseCrashlytics
           ^
core/observability/src/main/kotlin/com/autodrive/app/core/observability/FirebaseCrashlyticsReporter.kt:7:30: error: unresolved reference: FirebaseCrashlytics
    private val crashlytics: FirebaseCrashlytics = FirebaseCrashlytics.getInstance(),
                             ^
core/observability/src/main/kotlin/com/autodrive/app/core/observability/FirebaseCrashlyticsReporter.kt:7:52: error: unresolved reference: FirebaseCrashlytics
    private val crashlytics: FirebaseCrashlytics = FirebaseCrashlytics.getInstance(),
                                                   ^
core/observability/src/main/kotlin/com/autodrive/app/core/observability/FirebaseCrashlyticsReporter.kt:8:36: error: unresolved reference: BuildConfig
    private val enabled: Boolean = BuildConfig.CRASH_REPORTING_ENABLED,
                                   ^
core/observability/src/main/kotlin/com/autodrive/app/core/observability/FirebaseCrashlyticsReporter.kt:14:53: error: unresolved reference: BuildConfig
            crashlytics.setCustomKey("environment", BuildConfig.ENVIRONMENT)
                                                    ^
core/platform/src/main/kotlin/com/autodrive/app/core/platform/export/InvoicePdfGenerator.kt:3:8: error: unresolved reference: android
import android.content.Context
       ^
core/platform/src/main/kotlin/com/autodrive/app/core/platform/export/InvoicePdfGenerator.kt:4:8: error: unresolved reference: android
import android.content.Intent
       ^
core/platform/src/main/kotlin/com/autodrive/app/core/platform/export/InvoicePdfGenerator.kt:5:8: error: unresolved reference: android
import android.graphics.Canvas
       ^
core/platform/src/main/kotlin/com/autodrive/app/core/platform/export/InvoicePdfGenerator.kt:6:8: error: unresolved reference: android
import android.graphics.Color
       ^
core/platform/src/main/kotlin/com/autodrive/app/core/platform/export/InvoicePdfGenerator.kt:7:8: error: unresolved reference: android
import android.graphics.Paint
       ^
core/platform/src/main/kotlin/com/autodrive/app/core/platform/export/InvoicePdfGenerator.kt:8:8: error: unresolved reference: android
import android.graphics.Typeface
       ^
core/platform/src/main/kotlin/com/autodrive/app/core/platform/export/InvoicePdfGenerator.kt:9:8: error: unresolved reference: android
import android.graphics.pdf.PdfDocument
       ^
core/platform/src/main/kotlin/com/autodrive/app/core/platform/export/InvoicePdfGenerator.kt:10:8: error: unresolved reference: android
import android.text.Layout
       ^
core/platform/src/main/kotlin/com/autodrive/app/core/platform/export/InvoicePdfGenerator.kt:11:8: error: unresolved reference: android
import android.text.StaticLayout
       ^
core/platform/src/main/kotlin/com/autodrive/app/core/platform/export/InvoicePdfGenerator.kt:12:8: error: unresolved reference: android
import android.text.TextDirectionHeuristics
       ^
core/platform/src/main/kotlin/com/autodrive/app/core/platform/export/InvoicePdfGenerator.kt:13:8: error: unresolved reference: android
import android.text.TextPaint
       ^
core/platform/src/main/kotlin/com/autodrive/app/core/platform/export/InvoicePdfGenerator.kt:14:8: error: unresolved reference: androidx
import androidx.core.content.FileProvider
       ^
core/platform/src/main/kotlin/com/autodrive/app/core/platform/export/InvoicePdfGenerator.kt:15:8: error: unresolved reference: androidx
import androidx.core.content.res.ResourcesCompat
       ^
core/platform/src/main/kotlin/com/autodrive/app/core/platform/export/InvoicePdfGenerator.kt:17:44: error: unresolved reference: R
import com.autodrive.app.core.designsystem.R
                                           ^
core/platform/src/main/kotlin/com/autodrive/app/core/platform/export/InvoicePdfGenerator.kt:43:18: error: unresolved reference: Context
        context: Context, entry: InvoicePdfEntry, userName: String,
                 ^
core/platform/src/main/kotlin/com/autodrive/app/core/platform/export/InvoicePdfGenerator.kt:48:18: error: unresolved reference: Context
        context: Context, entry: InvoicePdfEntry,
                 ^
core/platform/src/main/kotlin/com/autodrive/app/core/platform/export/InvoicePdfGenerator.kt:54:18: error: unresolved reference: Context
        context: Context, entry: InvoicePdfEntry,
                 ^
core/platform/src/main/kotlin/com/autodrive/app/core/platform/export/InvoicePdfGenerator.kt:57:40: error: unresolved reference: R
        val tf     = loadFont(context, R.font.tajawal_regular)
                                       ^
core/platform/src/main/kotlin/com/autodrive/app/core/platform/export/InvoicePdfGenerator.kt:58:40: error: unresolved reference: R
        val tfBold = loadFont(context, R.font.tajawal_bold)
                                       ^
core/platform/src/main/kotlin/com/autodrive/app/core/platform/export/InvoicePdfGenerator.kt:81:33: error: unresolved reference: Canvas
        fun drawTableHeader(cv: Canvas, y: Float): Float {
                                ^
core/platform/src/main/kotlin/com/autodrive/app/core/platform/export/InvoicePdfGenerator.kt:87:19: error: unresolved reference: PdfDocument
        val doc = PdfDocument()
                  ^
core/platform/src/main/kotlin/com/autodrive/app/core/platform/export/InvoicePdfGenerator.kt:94:67: error: unresolved reference: textAlign
        val ptNumLeft  = p(ACCENT, fsTitle, true, tfBold).apply { textAlign = Paint.Align.LEFT }
                                                                  ^
core/platform/src/main/kotlin/com/autodrive/app/core/platform/export/InvoicePdfGenerator.kt:94:79: error: unresolved reference: Paint
        val ptNumLeft  = p(ACCENT, fsTitle, true, tfBold).apply { textAlign = Paint.Align.LEFT }
                                                                              ^
core/platform/src/main/kotlin/com/autodrive/app/core/platform/export/InvoicePdfGenerator.kt:95:67: error: unresolved reference: textAlign
        val ptDateLeft = p(TXT2,   fsSmall, false, tf).apply    { textAlign = Paint.Align.LEFT }
                                                                  ^
core/platform/src/main/kotlin/com/autodrive/app/core/platform/export/InvoicePdfGenerator.kt:95:79: error: unresolved reference: Paint
        val ptDateLeft = p(TXT2,   fsSmall, false, tf).apply    { textAlign = Paint.Align.LEFT }
                                                                              ^
core/platform/src/main/kotlin/com/autodrive/app/core/platform/export/InvoicePdfGenerator.kt:150:63: error: unresolved reference: it
        val file = File(File(context.cacheDir, "pdfs").also { it.mkdirs() },
                                                              ^
core/platform/src/main/kotlin/com/autodrive/app/core/platform/export/InvoicePdfGenerator.kt:166:30: error: unresolved reference: PdfDocument
    private fun newPage(doc: PdfDocument, num: Int): PdfDocument.Page =
                             ^
core/platform/src/main/kotlin/com/autodrive/app/core/platform/export/InvoicePdfGenerator.kt:166:54: error: unresolved reference: PdfDocument
    private fun newPage(doc: PdfDocument, num: Int): PdfDocument.Page =
                                                     ^
core/platform/src/main/kotlin/com/autodrive/app/core/platform/export/InvoicePdfGenerator.kt:167:23: error: unresolved reference: PdfDocument
        doc.startPage(PdfDocument.PageInfo.Builder(PW.toInt(), PH.toInt(), num).create())
                      ^
core/platform/src/main/kotlin/com/autodrive/app/core/platform/export/InvoicePdfGenerator.kt:168:21: error: unresolved reference: it
            .also { it.canvas.drawRect(0f, 0f, PW, PH, bg("#FFFFFF")) }
                    ^
core/platform/src/main/kotlin/com/autodrive/app/core/platform/export/InvoicePdfGenerator.kt:170:32: error: unresolved reference: Canvas
    private fun drawRowBox(cv: Canvas, y: Float, h: Float, fill: Paint?, border: Paint, seps: List<Float>) {
                               ^
core/platform/src/main/kotlin/com/autodrive/app/core/platform/export/InvoicePdfGenerator.kt:170:66: error: unresolved reference: Paint
    private fun drawRowBox(cv: Canvas, y: Float, h: Float, fill: Paint?, border: Paint, seps: List<Float>) {
                                                                 ^
core/platform/src/main/kotlin/com/autodrive/app/core/platform/export/InvoicePdfGenerator.kt:170:82: error: unresolved reference: Paint
    private fun drawRowBox(cv: Canvas, y: Float, h: Float, fill: Paint?, border: Paint, seps: List<Float>) {
                                                                                 ^
core/platform/src/main/kotlin/com/autodrive/app/core/platform/export/InvoicePdfGenerator.kt:171:64: error: unresolved reference: it
        fill?.let { cv.drawRect(MARGIN, y, PW - MARGIN, y + h, it) }
                                                               ^
core/platform/src/main/kotlin/com/autodrive/app/core/platform/export/InvoicePdfGenerator.kt:176:31: error: unresolved reference: Canvas
    private fun cellRight(cv: Canvas, text: String, s: Float, e: Float, y: Float, h: Float, paint: Paint) {
                              ^
core/platform/src/main/kotlin/com/autodrive/app/core/platform/export/InvoicePdfGenerator.kt:176:100: error: unresolved reference: Paint
    private fun cellRight(cv: Canvas, text: String, s: Float, e: Float, y: Float, h: Float, paint: Paint) {
                                                                                                   ^
core/platform/src/main/kotlin/com/autodrive/app/core/platform/export/InvoicePdfGenerator.kt:177:44: error: variable expected
        val saved = paint.textAlign; paint.textAlign = Paint.Align.RIGHT
                                           ^
core/platform/src/main/kotlin/com/autodrive/app/core/platform/export/InvoicePdfGenerator.kt:177:56: error: unresolved reference: Paint
        val saved = paint.textAlign; paint.textAlign = Paint.Align.RIGHT
                                                       ^
core/platform/src/main/kotlin/com/autodrive/app/core/platform/export/InvoicePdfGenerator.kt:178:64: error: variable expected
        cv.drawText(text, e - 6f, y + h * 0.65f, paint); paint.textAlign = saved
                                                               ^
core/platform/src/main/kotlin/com/autodrive/app/core/platform/export/InvoicePdfGenerator.kt:181:32: error: unresolved reference: Canvas
    private fun cellCenter(cv: Canvas, text: String, s: Float, e: Float, y: Float, h: Float, paint: Paint) {
                               ^
core/platform/src/main/kotlin/com/autodrive/app/core/platform/export/InvoicePdfGenerator.kt:181:101: error: unresolved reference: Paint
    private fun cellCenter(cv: Canvas, text: String, s: Float, e: Float, y: Float, h: Float, paint: Paint) {
                                                                                                    ^
core/platform/src/main/kotlin/com/autodrive/app/core/platform/export/InvoicePdfGenerator.kt:182:44: error: variable expected
        val saved = paint.textAlign; paint.textAlign = Paint.Align.CENTER
                                           ^
core/platform/src/main/kotlin/com/autodrive/app/core/platform/export/InvoicePdfGenerator.kt:182:56: error: unresolved reference: Paint
        val saved = paint.textAlign; paint.textAlign = Paint.Align.CENTER
                                                       ^
core/platform/src/main/kotlin/com/autodrive/app/core/platform/export/InvoicePdfGenerator.kt:183:74: error: variable expected
        cv.drawText(text, s + (e - s) / 2f, y + h * 0.65f, paint); paint.textAlign = saved
                                                                         ^
core/platform/src/main/kotlin/com/autodrive/app/core/platform/export/InvoicePdfGenerator.kt:186:36: error: unresolved reference: Context
    private fun shareFile(context: Context, file: File, invoiceNumber: Int) {
                                   ^
core/platform/src/main/kotlin/com/autodrive/app/core/platform/export/InvoicePdfGenerator.kt:187:22: error: unresolved reference: FileProvider
        val uri    = FileProvider.getUriForFile(context, "${context.packageName}.provider", file)
                     ^
core/platform/src/main/kotlin/com/autodrive/app/core/platform/export/InvoicePdfGenerator.kt:188:22: error: unresolved reference: Intent
        val intent = Intent(Intent.ACTION_SEND).apply {
                     ^
core/platform/src/main/kotlin/com/autodrive/app/core/platform/export/InvoicePdfGenerator.kt:188:29: error: unresolved reference: Intent
        val intent = Intent(Intent.ACTION_SEND).apply {
                            ^
core/platform/src/main/kotlin/com/autodrive/app/core/platform/export/InvoicePdfGenerator.kt:189:13: error: unresolved reference: type
            type     = "application/pdf"
            ^
core/platform/src/main/kotlin/com/autodrive/app/core/platform/export/InvoicePdfGenerator.kt:190:13: error: unresolved reference: putExtra
            putExtra(Intent.EXTRA_STREAM, uri)
            ^
core/platform/src/main/kotlin/com/autodrive/app/core/platform/export/InvoicePdfGenerator.kt:190:22: error: unresolved reference: Intent
            putExtra(Intent.EXTRA_STREAM, uri)
                     ^
core/platform/src/main/kotlin/com/autodrive/app/core/platform/export/InvoicePdfGenerator.kt:191:13: error: unresolved reference: putExtra
            putExtra(Intent.EXTRA_SUBJECT, "?????? #$invoiceNumber")
            ^
core/platform/src/main/kotlin/com/autodrive/app/core/platform/export/InvoicePdfGenerator.kt:191:22: error: unresolved reference: Intent
            putExtra(Intent.EXTRA_SUBJECT, "?????? #$invoiceNumber")
                     ^
core/platform/src/main/kotlin/com/autodrive/app/core/platform/export/InvoicePdfGenerator.kt:192:13: error: unresolved reference: addFlags
            addFlags(Intent.FLAG_GRANT_READ_URI_PERMISSION)
            ^
core/platform/src/main/kotlin/com/autodrive/app/core/platform/export/InvoicePdfGenerator.kt:192:22: error: unresolved reference: Intent
            addFlags(Intent.FLAG_GRANT_READ_URI_PERMISSION)
                     ^
core/platform/src/main/kotlin/com/autodrive/app/core/platform/export/InvoicePdfGenerator.kt:194:31: error: unresolved reference: Intent
        context.startActivity(Intent.createChooser(intent, "?????? ????????"))
                              ^
core/platform/src/main/kotlin/com/autodrive/app/core/platform/export/InvoicePdfGenerator.kt:197:35: error: unresolved reference: Context
    private fun loadFont(context: Context, resId: Int): Typeface =
                                  ^
core/platform/src/main/kotlin/com/autodrive/app/core/platform/export/InvoicePdfGenerator.kt:197:57: error: unresolved reference: Typeface
    private fun loadFont(context: Context, resId: Int): Typeface =
                                                        ^
core/platform/src/main/kotlin/com/autodrive/app/core/platform/export/InvoicePdfGenerator.kt:198:9: error: unresolved reference: ResourcesCompat
        ResourcesCompat.getFont(context, resId) ?: Typeface.DEFAULT
        ^
core/platform/src/main/kotlin/com/autodrive/app/core/platform/export/InvoicePdfGenerator.kt:198:52: error: unresolved reference: Typeface
        ResourcesCompat.getFont(context, resId) ?: Typeface.DEFAULT
                                                   ^
core/platform/src/main/kotlin/com/autodrive/app/core/platform/export/InvoicePdfGenerator.kt:200:64: error: unresolved reference: Typeface
    private fun p(hex: String, size: Float, bold: Boolean, tf: Typeface?) =
                                                               ^
core/platform/src/main/kotlin/com/autodrive/app/core/platform/export/InvoicePdfGenerator.kt:201:9: error: unresolved reference: Paint
        Paint().apply {
        ^
core/platform/src/main/kotlin/com/autodrive/app/core/platform/export/InvoicePdfGenerator.kt:202:13: error: unresolved reference: color
            color          = Color.parseColor(hex)
            ^
core/platform/src/main/kotlin/com/autodrive/app/core/platform/export/InvoicePdfGenerator.kt:202:30: error: unresolved reference: Color
            color          = Color.parseColor(hex)
                             ^
core/platform/src/main/kotlin/com/autodrive/app/core/platform/export/InvoicePdfGenerator.kt:203:13: error: unresolved reference: textSize
            textSize       = size
            ^
core/platform/src/main/kotlin/com/autodrive/app/core/platform/export/InvoicePdfGenerator.kt:204:13: error: unresolved reference: isFakeBoldText
            isFakeBoldText = bold
            ^
core/platform/src/main/kotlin/com/autodrive/app/core/platform/export/InvoicePdfGenerator.kt:205:13: error: unresolved reference: isAntiAlias
            isAntiAlias    = true
            ^
core/platform/src/main/kotlin/com/autodrive/app/core/platform/export/InvoicePdfGenerator.kt:206:13: error: unresolved reference: typeface
            typeface       = tf
            ^
core/platform/src/main/kotlin/com/autodrive/app/core/platform/export/InvoicePdfGenerator.kt:209:49: error: unresolved reference: Paint
    private fun bg(hex: String)               = Paint().apply { color = Color.parseColor(hex) }
                                                ^
core/platform/src/main/kotlin/com/autodrive/app/core/platform/export/InvoicePdfGenerator.kt:209:65: error: unresolved reference: color
    private fun bg(hex: String)               = Paint().apply { color = Color.parseColor(hex) }
                                                                ^
core/platform/src/main/kotlin/com/autodrive/app/core/platform/export/InvoicePdfGenerator.kt:209:73: error: unresolved reference: Color
    private fun bg(hex: String)               = Paint().apply { color = Color.parseColor(hex) }
                                                                        ^
core/platform/src/main/kotlin/com/autodrive/app/core/platform/export/InvoicePdfGenerator.kt:210:49: error: unresolved reference: Paint
    private fun lp(hex: String, w: Float)     = Paint().apply {
                                                ^
core/platform/src/main/kotlin/com/autodrive/app/core/platform/export/InvoicePdfGenerator.kt:211:9: error: unresolved reference: color
        color       = Color.parseColor(hex)
        ^
core/platform/src/main/kotlin/com/autodrive/app/core/platform/export/InvoicePdfGenerator.kt:211:23: error: unresolved reference: Color
        color       = Color.parseColor(hex)
                      ^
core/platform/src/main/kotlin/com/autodrive/app/core/platform/export/InvoicePdfGenerator.kt:212:9: error: unresolved reference: strokeWidth
        strokeWidth = w
        ^
core/platform/src/main/kotlin/com/autodrive/app/core/platform/export/InvoicePdfGenerator.kt:213:9: error: unresolved reference: style
        style       = Paint.Style.STROKE
        ^
core/platform/src/main/kotlin/com/autodrive/app/core/platform/export/InvoicePdfGenerator.kt:213:23: error: unresolved reference: Paint
        style       = Paint.Style.STROKE
                      ^
core/platform/src/main/kotlin/com/autodrive/app/core/platform/export/InvoicePdfGenerator.kt:214:9: error: unresolved reference: isAntiAlias
        isAntiAlias = true
        ^
core/platform/src/main/kotlin/com/autodrive/app/core/platform/notifications/FcmTokenStore.kt:3:8: error: unresolved reference: android
import android.content.Context
       ^
core/platform/src/main/kotlin/com/autodrive/app/core/platform/notifications/FcmTokenStore.kt:10:31: error: unresolved reference: Context
    fun lastUploaded(context: Context): String? =
                              ^
core/platform/src/main/kotlin/com/autodrive/app/core/platform/notifications/FcmTokenStore.kt:12:42: error: unresolved reference: Context
            .getSharedPreferences(PREFS, Context.MODE_PRIVATE)
                                         ^
core/platform/src/main/kotlin/com/autodrive/app/core/platform/notifications/FcmTokenStore.kt:15:34: error: unresolved reference: Context
    fun setLastUploaded(context: Context, token: String?) {
                                 ^
core/platform/src/main/kotlin/com/autodrive/app/core/platform/notifications/FcmTokenStore.kt:17:42: error: unresolved reference: Context
            .getSharedPreferences(PREFS, Context.MODE_PRIVATE)
                                         ^
core/platform/src/main/kotlin/com/autodrive/app/core/platform/notifications/FcmTokenStore.kt:21:26: error: unresolved reference: Context
    fun pending(context: Context): String? =
                         ^
core/platform/src/main/kotlin/com/autodrive/app/core/platform/notifications/FcmTokenStore.kt:23:42: error: unresolved reference: Context
            .getSharedPreferences(PREFS, Context.MODE_PRIVATE)
                                         ^
core/platform/src/main/kotlin/com/autodrive/app/core/platform/notifications/FcmTokenStore.kt:26:29: error: unresolved reference: Context
    fun setPending(context: Context, token: String?) {
                            ^
core/platform/src/main/kotlin/com/autodrive/app/core/platform/notifications/FcmTokenStore.kt:28:42: error: unresolved reference: Context
            .getSharedPreferences(PREFS, Context.MODE_PRIVATE)
                                         ^
core/platform/src/main/kotlin/com/autodrive/app/core/platform/notifications/FcmTokenUploader.kt:3:8: error: unresolved reference: android
import android.content.Context
       ^
core/platform/src/main/kotlin/com/autodrive/app/core/platform/notifications/FcmTokenUploader.kt:6:12: error: unresolved reference: google
import com.google.firebase.messaging.FirebaseMessaging
           ^
core/platform/src/main/kotlin/com/autodrive/app/core/platform/notifications/FcmTokenUploader.kt:7:8: error: unresolved reference: kotlinx
import kotlinx.coroutines.CoroutineScope
       ^
core/platform/src/main/kotlin/com/autodrive/app/core/platform/notifications/FcmTokenUploader.kt:8:8: error: unresolved reference: kotlinx
import kotlinx.coroutines.Dispatchers
       ^
core/platform/src/main/kotlin/com/autodrive/app/core/platform/notifications/FcmTokenUploader.kt:9:8: error: unresolved reference: kotlinx
import kotlinx.coroutines.SupervisorJob
       ^
core/platform/src/main/kotlin/com/autodrive/app/core/platform/notifications/FcmTokenUploader.kt:10:8: error: unresolved reference: kotlinx
import kotlinx.coroutines.launch
       ^
core/platform/src/main/kotlin/com/autodrive/app/core/platform/notifications/FcmTokenUploader.kt:15:25: error: unresolved reference: CoroutineScope
    private val scope = CoroutineScope(SupervisorJob() + Dispatchers.IO)
                        ^
core/platform/src/main/kotlin/com/autodrive/app/core/platform/notifications/FcmTokenUploader.kt:15:40: error: unresolved reference: SupervisorJob
    private val scope = CoroutineScope(SupervisorJob() + Dispatchers.IO)
                                       ^
core/platform/src/main/kotlin/com/autodrive/app/core/platform/notifications/FcmTokenUploader.kt:15:58: error: unresolved reference: Dispatchers
    private val scope = CoroutineScope(SupervisorJob() + Dispatchers.IO)
                                                         ^
core/platform/src/main/kotlin/com/autodrive/app/core/platform/notifications/FcmTokenUploader.kt:17:26: error: unresolved reference: Context
    fun trigger(context: Context, repository: PushTokenRepository) {
                         ^
core/platform/src/main/kotlin/com/autodrive/app/core/platform/notifications/FcmTokenUploader.kt:18:9: error: unresolved reference: FirebaseMessaging
        FirebaseMessaging.getInstance().token.addOnCompleteListener { task ->
        ^
core/platform/src/main/kotlin/com/autodrive/app/core/platform/notifications/FcmTokenUploader.kt:18:71: error: cannot infer a type for this parameter. Please specify it explicitly.
        FirebaseMessaging.getInstance().token.addOnCompleteListener { task ->
                                                                      ^
core/platform/src/main/kotlin/com/autodrive/app/core/platform/notifications/FcmTokenUploader.kt:25:28: error: suspend function 'upsertCurrentUserToken' should be called only from a coroutine or another suspend function
                repository.upsertCurrentUserToken(token)
                           ^
core/platform/src/main/kotlin/com/autodrive/app/core/platform/notifications/LocalNotificationPublisher.kt:3:8: error: unresolved reference: android
import android.app.NotificationManager
       ^
core/platform/src/main/kotlin/com/autodrive/app/core/platform/notifications/LocalNotificationPublisher.kt:4:8: error: unresolved reference: android
import android.app.PendingIntent
       ^
core/platform/src/main/kotlin/com/autodrive/app/core/platform/notifications/LocalNotificationPublisher.kt:5:8: error: unresolved reference: android
import android.content.Context
       ^
core/platform/src/main/kotlin/com/autodrive/app/core/platform/notifications/LocalNotificationPublisher.kt:6:8: error: unresolved reference: androidx
import androidx.core.app.NotificationCompat
       ^
core/platform/src/main/kotlin/com/autodrive/app/core/platform/notifications/LocalNotificationPublisher.kt:7:8: error: unresolved reference: dagger
import dagger.hilt.android.qualifiers.ApplicationContext
       ^
core/platform/src/main/kotlin/com/autodrive/app/core/platform/notifications/LocalNotificationPublisher.kt:9:14: error: unresolved reference: inject
import javax.inject.Inject
             ^
core/platform/src/main/kotlin/com/autodrive/app/core/platform/notifications/LocalNotificationPublisher.kt:10:14: error: unresolved reference: inject
import javax.inject.Singleton
             ^
core/platform/src/main/kotlin/com/autodrive/app/core/platform/notifications/LocalNotificationPublisher.kt:12:2: error: unresolved reference: Singleton
@Singleton
 ^
core/platform/src/main/kotlin/com/autodrive/app/core/platform/notifications/LocalNotificationPublisher.kt:13:35: error: unresolved reference: Inject
class LocalNotificationPublisher @Inject constructor(
                                  ^
core/platform/src/main/kotlin/com/autodrive/app/core/platform/notifications/LocalNotificationPublisher.kt:14:6: error: unresolved reference: ApplicationContext
    @ApplicationContext private val context: Context,
     ^
core/platform/src/main/kotlin/com/autodrive/app/core/platform/notifications/LocalNotificationPublisher.kt:14:46: error: unresolved reference: Context
    @ApplicationContext private val context: Context,
                                             ^
core/platform/src/main/kotlin/com/autodrive/app/core/platform/notifications/LocalNotificationPublisher.kt:19:13: error: unresolved reference: putExtra
            putExtra(AutoDriveNotificationConstants.EXTRA_NAV_ROUTE, route)
            ^
core/platform/src/main/kotlin/com/autodrive/app/core/platform/notifications/LocalNotificationPublisher.kt:20:13: error: unresolved reference: flags
            flags = android.content.Intent.FLAG_ACTIVITY_SINGLE_TOP or android.content.Intent.FLAG_ACTIVITY_NEW_TASK
            ^
core/platform/src/main/kotlin/com/autodrive/app/core/platform/notifications/LocalNotificationPublisher.kt:20:21: error: unresolved reference: android
            flags = android.content.Intent.FLAG_ACTIVITY_SINGLE_TOP or android.content.Intent.FLAG_ACTIVITY_NEW_TASK
                    ^
core/platform/src/main/kotlin/com/autodrive/app/core/platform/notifications/LocalNotificationPublisher.kt:20:72: error: unresolved reference: android
            flags = android.content.Intent.FLAG_ACTIVITY_SINGLE_TOP or android.content.Intent.FLAG_ACTIVITY_NEW_TASK
                                                                       ^
core/platform/src/main/kotlin/com/autodrive/app/core/platform/notifications/LocalNotificationPublisher.kt:22:29: error: unresolved reference: PendingIntent
        val pendingIntent = PendingIntent.getActivity(
                            ^
core/platform/src/main/kotlin/com/autodrive/app/core/platform/notifications/LocalNotificationPublisher.kt:26:13: error: unresolved reference: PendingIntent
            PendingIntent.FLAG_UPDATE_CURRENT or PendingIntent.FLAG_IMMUTABLE,
            ^
core/platform/src/main/kotlin/com/autodrive/app/core/platform/notifications/LocalNotificationPublisher.kt:26:50: error: unresolved reference: PendingIntent
            PendingIntent.FLAG_UPDATE_CURRENT or PendingIntent.FLAG_IMMUTABLE,
                                                 ^
core/platform/src/main/kotlin/com/autodrive/app/core/platform/notifications/LocalNotificationPublisher.kt:28:28: error: unresolved reference: NotificationCompat
        val notification = NotificationCompat.Builder(context, CHANNEL_ID)
                           ^
core/platform/src/main/kotlin/com/autodrive/app/core/platform/notifications/LocalNotificationPublisher.kt:29:27: error: unresolved reference: android
            .setSmallIcon(android.R.drawable.ic_dialog_email)
                          ^
core/platform/src/main/kotlin/com/autodrive/app/core/platform/notifications/LocalNotificationPublisher.kt:32:23: error: unresolved reference: NotificationCompat
            .setStyle(NotificationCompat.BigTextStyle().bigText(body))
                      ^
core/platform/src/main/kotlin/com/autodrive/app/core/platform/notifications/LocalNotificationPublisher.kt:33:26: error: unresolved reference: NotificationCompat
            .setPriority(NotificationCompat.PRIORITY_HIGH)
                         ^
core/platform/src/main/kotlin/com/autodrive/app/core/platform/notifications/LocalNotificationPublisher.kt:37:34: error: unresolved reference: NotificationManager
        context.getSystemService(NotificationManager::class.java)
                                 ^
core/platform/src/main/kotlin/com/autodrive/app/core/platform/notifications/PushTokenRepository.kt:5:8: error: unresolved reference: io
import io.github.jan.supabase.auth.auth
       ^
core/platform/src/main/kotlin/com/autodrive/app/core/platform/notifications/PushTokenRepository.kt:6:8: error: unresolved reference: io
import io.github.jan.supabase.postgrest.postgrest
       ^
core/platform/src/main/kotlin/com/autodrive/app/core/platform/notifications/PushTokenRepository.kt:7:8: error: unresolved reference: io
import io.github.jan.supabase.postgrest.rpc
       ^
core/platform/src/main/kotlin/com/autodrive/app/core/platform/notifications/PushTokenRepository.kt:9:14: error: unresolved reference: inject
import javax.inject.Inject
             ^
core/platform/src/main/kotlin/com/autodrive/app/core/platform/notifications/PushTokenRepository.kt:10:14: error: unresolved reference: inject
import javax.inject.Singleton
             ^
core/platform/src/main/kotlin/com/autodrive/app/core/platform/notifications/PushTokenRepository.kt:11:8: error: unresolved reference: kotlinx
import kotlinx.coroutines.Dispatchers
       ^
core/platform/src/main/kotlin/com/autodrive/app/core/platform/notifications/PushTokenRepository.kt:12:8: error: unresolved reference: kotlinx
import kotlinx.coroutines.withContext
       ^
core/platform/src/main/kotlin/com/autodrive/app/core/platform/notifications/PushTokenRepository.kt:13:8: error: unresolved reference: kotlinx
import kotlinx.serialization.SerialName
       ^
core/platform/src/main/kotlin/com/autodrive/app/core/platform/notifications/PushTokenRepository.kt:14:8: error: unresolved reference: kotlinx
import kotlinx.serialization.Serializable
       ^
core/platform/src/main/kotlin/com/autodrive/app/core/platform/notifications/PushTokenRepository.kt:16:2: error: unresolved reference: Singleton
@Singleton
 ^
core/platform/src/main/kotlin/com/autodrive/app/core/platform/notifications/PushTokenRepository.kt:17:28: error: unresolved reference: Inject
class PushTokenRepository @Inject constructor(
                           ^
core/platform/src/main/kotlin/com/autodrive/app/core/platform/notifications/PushTokenRepository.kt:22:78: error: unresolved reference: withContext
    suspend fun upsertCurrentUserToken(token: String): kotlin.Result<Unit> = withContext(Dispatchers.IO) {
                                                                             ^
core/platform/src/main/kotlin/com/autodrive/app/core/platform/notifications/PushTokenRepository.kt:22:90: error: unresolved reference: Dispatchers
    suspend fun upsertCurrentUserToken(token: String): kotlin.Result<Unit> = withContext(Dispatchers.IO) {
                                                                                         ^
core/platform/src/main/kotlin/com/autodrive/app/core/platform/notifications/PushTokenRepository.kt:44:65: error: unresolved reference: withContext
    suspend fun deleteCurrentUserToken(): kotlin.Result<Unit> = withContext(Dispatchers.IO) {
                                                                ^
core/platform/src/main/kotlin/com/autodrive/app/core/platform/notifications/PushTokenRepository.kt:44:77: error: unresolved reference: Dispatchers
    suspend fun deleteCurrentUserToken(): kotlin.Result<Unit> = withContext(Dispatchers.IO) {
                                                                            ^
core/platform/src/main/kotlin/com/autodrive/app/core/platform/notifications/PushTokenRepository.kt:74:2: error: cannot access 'Serializable': it is internal in 'kotlin.io'
@Serializable
 ^
core/platform/src/main/kotlin/com/autodrive/app/core/platform/notifications/PushTokenRepository.kt:74:2: error: this class does not have a constructor
@Serializable
 ^
core/platform/src/main/kotlin/com/autodrive/app/core/platform/notifications/PushTokenRepository.kt:76:6: error: unresolved reference: SerialName
    @SerialName("p_mutation_id") val mutationId: String,
     ^
core/platform/src/main/kotlin/com/autodrive/app/core/platform/notifications/PushTokenRepository.kt:77:6: error: unresolved reference: SerialName
    @SerialName("p_token") val token: String,
     ^
core/platform/src/main/kotlin/com/autodrive/app/core/platform/notifications/PushTokenRepository.kt:78:6: error: unresolved reference: SerialName
    @SerialName("p_platform") val platform: String,
     ^
core/platform/src/main/kotlin/com/autodrive/app/core/platform/notifications/PushTokenRepository.kt:81:2: error: cannot access 'Serializable': it is internal in 'kotlin.io'
@Serializable
 ^
core/platform/src/main/kotlin/com/autodrive/app/core/platform/notifications/PushTokenRepository.kt:81:2: error: this class does not have a constructor
@Serializable
 ^
core/platform/src/main/kotlin/com/autodrive/app/core/platform/notifications/PushTokenRepository.kt:83:6: error: unresolved reference: SerialName
    @SerialName("p_mutation_id") val mutationId: String,
     ^
core/platform/src/main/kotlin/com/autodrive/app/core/platform/notifications/PushTokenRepository.kt:86:2: error: cannot access 'Serializable': it is internal in 'kotlin.io'
@Serializable
 ^
core/platform/src/main/kotlin/com/autodrive/app/core/platform/notifications/PushTokenRepository.kt:86:2: error: this class does not have a constructor
@Serializable
 ^
core/platform/src/main/kotlin/com/autodrive/app/core/platform/notifications/PushTokenRepository.kt:88:6: error: unresolved reference: SerialName
    @SerialName("mutation_id") val mutationId: String,
     ^
core/platform/src/main/kotlin/com/autodrive/app/core/platform/notifications/PushTokenRepository.kt:89:6: error: unresolved reference: SerialName
    @SerialName("command_type") val commandType: String,
     ^
core/platform/src/main/kotlin/com/autodrive/app/core/platform/notifications/PushTokenRepository.kt:90:6: error: unresolved reference: SerialName
    @SerialName("result_status") val resultStatus: String,
     ^
core/platform/src/main/kotlin/com/autodrive/app/core/platform/notifications/PushTokenRepository.kt:91:6: error: unresolved reference: SerialName
    @SerialName("server_revision") val serverRevision: Long,
     ^
core/platform/src/main/kotlin/com/autodrive/app/core/platform/notifications/PushTokenRepository.kt:92:6: error: unresolved reference: SerialName
    @SerialName("revision_kind") val revisionKind: String,
     ^
core/platform/src/main/kotlin/com/autodrive/app/core/platform/notifications/PushTokenRepository.kt:94:6: error: unresolved reference: SerialName
    @SerialName("error_code") val errorCode: String? = null,
     ^
core/platform/src/main/kotlin/com/autodrive/app/core/platform/share/WhatsAppHelper.kt:3:8: error: unresolved reference: android
import android.content.Context
       ^
core/platform/src/main/kotlin/com/autodrive/app/core/platform/share/WhatsAppHelper.kt:4:8: error: unresolved reference: android
import android.content.Intent
       ^
core/platform/src/main/kotlin/com/autodrive/app/core/platform/share/WhatsAppHelper.kt:5:8: error: unresolved reference: android
import android.net.Uri
       ^
core/platform/src/main/kotlin/com/autodrive/app/core/platform/share/WhatsAppHelper.kt:6:40: error: unresolved reference: BuildConfig
import com.autodrive.app.core.platform.BuildConfig
                                       ^
core/platform/src/main/kotlin/com/autodrive/app/core/platform/share/WhatsAppHelper.kt:10:44: error: unresolved reference: BuildConfig
    private val adminPhone: String get() = BuildConfig.ADMIN_WHATSAPP
                                           ^
core/platform/src/main/kotlin/com/autodrive/app/core/platform/share/WhatsAppHelper.kt:13:35: error: unresolved reference: Context
    fun openContactAdmin(context: Context, userName: String) {
                                  ^
core/platform/src/main/kotlin/com/autodrive/app/core/platform/share/WhatsAppHelper.kt:19:36: error: unresolved reference: Context
    fun requestInviteCode(context: Context, message: String? = null) {
                                   ^
core/platform/src/main/kotlin/com/autodrive/app/core/platform/share/WhatsAppHelper.kt:28:31: error: unresolved reference: Context
    fun shareInvoice(context: Context, invoiceText: String) {
                              ^
core/platform/src/main/kotlin/com/autodrive/app/core/platform/share/WhatsAppHelper.kt:29:30: error: unresolved reference: Intent
        val whatsappIntent = Intent(Intent.ACTION_SEND).apply {
                             ^
core/platform/src/main/kotlin/com/autodrive/app/core/platform/share/WhatsAppHelper.kt:29:37: error: unresolved reference: Intent
        val whatsappIntent = Intent(Intent.ACTION_SEND).apply {
                                    ^
core/platform/src/main/kotlin/com/autodrive/app/core/platform/share/WhatsAppHelper.kt:30:13: error: unresolved reference: type
            type = "text/plain"
            ^
core/platform/src/main/kotlin/com/autodrive/app/core/platform/share/WhatsAppHelper.kt:31:13: error: unresolved reference: setPackage
            setPackage("com.whatsapp")
            ^
core/platform/src/main/kotlin/com/autodrive/app/core/platform/share/WhatsAppHelper.kt:32:13: error: unresolved reference: putExtra
            putExtra(Intent.EXTRA_TEXT, invoiceText)
            ^
core/platform/src/main/kotlin/com/autodrive/app/core/platform/share/WhatsAppHelper.kt:32:22: error: unresolved reference: Intent
            putExtra(Intent.EXTRA_TEXT, invoiceText)
                     ^
core/platform/src/main/kotlin/com/autodrive/app/core/platform/share/WhatsAppHelper.kt:33:13: error: unresolved reference: flags
            flags = Intent.FLAG_ACTIVITY_NEW_TASK
            ^
core/platform/src/main/kotlin/com/autodrive/app/core/platform/share/WhatsAppHelper.kt:33:21: error: unresolved reference: Intent
            flags = Intent.FLAG_ACTIVITY_NEW_TASK
                    ^
core/platform/src/main/kotlin/com/autodrive/app/core/platform/share/WhatsAppHelper.kt:35:30: error: unresolved reference: Intent
        val businessIntent = Intent(Intent.ACTION_SEND).apply {
                             ^
core/platform/src/main/kotlin/com/autodrive/app/core/platform/share/WhatsAppHelper.kt:35:37: error: unresolved reference: Intent
        val businessIntent = Intent(Intent.ACTION_SEND).apply {
                                    ^
core/platform/src/main/kotlin/com/autodrive/app/core/platform/share/WhatsAppHelper.kt:36:13: error: unresolved reference: type
            type = "text/plain"
            ^
core/platform/src/main/kotlin/com/autodrive/app/core/platform/share/WhatsAppHelper.kt:37:13: error: unresolved reference: setPackage
            setPackage("com.whatsapp.w4b")
            ^
core/platform/src/main/kotlin/com/autodrive/app/core/platform/share/WhatsAppHelper.kt:38:13: error: unresolved reference: putExtra
            putExtra(Intent.EXTRA_TEXT, invoiceText)
            ^
core/platform/src/main/kotlin/com/autodrive/app/core/platform/share/WhatsAppHelper.kt:38:22: error: unresolved reference: Intent
            putExtra(Intent.EXTRA_TEXT, invoiceText)
                     ^
core/platform/src/main/kotlin/com/autodrive/app/core/platform/share/WhatsAppHelper.kt:39:13: error: unresolved reference: flags
            flags = Intent.FLAG_ACTIVITY_NEW_TASK
            ^
core/platform/src/main/kotlin/com/autodrive/app/core/platform/share/WhatsAppHelper.kt:39:21: error: unresolved reference: Intent
            flags = Intent.FLAG_ACTIVITY_NEW_TASK
                    ^
core/platform/src/main/kotlin/com/autodrive/app/core/platform/share/WhatsAppHelper.kt:41:24: error: unresolved reference: Intent
        val fallback = Intent(Intent.ACTION_SEND).apply {
                       ^
core/platform/src/main/kotlin/com/autodrive/app/core/platform/share/WhatsAppHelper.kt:41:31: error: unresolved reference: Intent
        val fallback = Intent(Intent.ACTION_SEND).apply {
                              ^
core/platform/src/main/kotlin/com/autodrive/app/core/platform/share/WhatsAppHelper.kt:42:13: error: unresolved reference: type
            type = "text/plain"
            ^
core/platform/src/main/kotlin/com/autodrive/app/core/platform/share/WhatsAppHelper.kt:43:13: error: unresolved reference: putExtra
            putExtra(Intent.EXTRA_TEXT, invoiceText)
            ^
core/platform/src/main/kotlin/com/autodrive/app/core/platform/share/WhatsAppHelper.kt:43:22: error: unresolved reference: Intent
            putExtra(Intent.EXTRA_TEXT, invoiceText)
                     ^
core/platform/src/main/kotlin/com/autodrive/app/core/platform/share/WhatsAppHelper.kt:44:13: error: unresolved reference: flags
            flags = Intent.FLAG_ACTIVITY_NEW_TASK
            ^
core/platform/src/main/kotlin/com/autodrive/app/core/platform/share/WhatsAppHelper.kt:44:21: error: unresolved reference: Intent
            flags = Intent.FLAG_ACTIVITY_NEW_TASK
                    ^
core/platform/src/main/kotlin/com/autodrive/app/core/platform/share/WhatsAppHelper.kt:52:39: error: unresolved reference: Intent
                context.startActivity(Intent.createChooser(fallback, "?????? ????????").apply {
                                      ^
core/platform/src/main/kotlin/com/autodrive/app/core/platform/share/WhatsAppHelper.kt:53:21: error: unresolved reference: flags
                    flags = Intent.FLAG_ACTIVITY_NEW_TASK
                    ^
core/platform/src/main/kotlin/com/autodrive/app/core/platform/share/WhatsAppHelper.kt:53:29: error: unresolved reference: Intent
                    flags = Intent.FLAG_ACTIVITY_NEW_TASK
                            ^
core/platform/src/main/kotlin/com/autodrive/app/core/platform/share/WhatsAppHelper.kt:59:39: error: unresolved reference: Context
    private fun openToNumber(context: Context, phone: String, message: String) {
                                      ^
core/platform/src/main/kotlin/com/autodrive/app/core/platform/share/WhatsAppHelper.kt:60:48: error: unresolved reference: Uri
        val url = "https://wa.me/$phone?text=${Uri.encode(message)}"
                                               ^
core/platform/src/main/kotlin/com/autodrive/app/core/platform/share/WhatsAppHelper.kt:61:30: error: unresolved reference: Intent
        val whatsappIntent = Intent(Intent.ACTION_VIEW, Uri.parse(url)).apply {
                             ^
core/platform/src/main/kotlin/com/autodrive/app/core/platform/share/WhatsAppHelper.kt:61:37: error: unresolved reference: Intent
        val whatsappIntent = Intent(Intent.ACTION_VIEW, Uri.parse(url)).apply {
                                    ^
core/platform/src/main/kotlin/com/autodrive/app/core/platform/share/WhatsAppHelper.kt:61:57: error: unresolved reference: Uri
        val whatsappIntent = Intent(Intent.ACTION_VIEW, Uri.parse(url)).apply {
                                                        ^
core/platform/src/main/kotlin/com/autodrive/app/core/platform/share/WhatsAppHelper.kt:62:13: error: unresolved reference: setPackage
            setPackage("com.whatsapp")
            ^
core/platform/src/main/kotlin/com/autodrive/app/core/platform/share/WhatsAppHelper.kt:63:13: error: unresolved reference: flags
            flags = Intent.FLAG_ACTIVITY_NEW_TASK
            ^
core/platform/src/main/kotlin/com/autodrive/app/core/platform/share/WhatsAppHelper.kt:63:21: error: unresolved reference: Intent
            flags = Intent.FLAG_ACTIVITY_NEW_TASK
                    ^
core/platform/src/main/kotlin/com/autodrive/app/core/platform/share/WhatsAppHelper.kt:65:30: error: unresolved reference: Intent
        val businessIntent = Intent(Intent.ACTION_VIEW, Uri.parse(url)).apply {
                             ^
core/platform/src/main/kotlin/com/autodrive/app/core/platform/share/WhatsAppHelper.kt:65:37: error: unresolved reference: Intent
        val businessIntent = Intent(Intent.ACTION_VIEW, Uri.parse(url)).apply {
                                    ^
core/platform/src/main/kotlin/com/autodrive/app/core/platform/share/WhatsAppHelper.kt:65:57: error: unresolved reference: Uri
        val businessIntent = Intent(Intent.ACTION_VIEW, Uri.parse(url)).apply {
                                                        ^
core/platform/src/main/kotlin/com/autodrive/app/core/platform/share/WhatsAppHelper.kt:66:13: error: unresolved reference: setPackage
            setPackage("com.whatsapp.w4b")
            ^
core/platform/src/main/kotlin/com/autodrive/app/core/platform/share/WhatsAppHelper.kt:67:13: error: unresolved reference: flags
            flags = Intent.FLAG_ACTIVITY_NEW_TASK
            ^
core/platform/src/main/kotlin/com/autodrive/app/core/platform/share/WhatsAppHelper.kt:67:21: error: unresolved reference: Intent
            flags = Intent.FLAG_ACTIVITY_NEW_TASK
                    ^
core/platform/src/main/kotlin/com/autodrive/app/core/platform/share/WhatsAppHelper.kt:69:29: error: unresolved reference: Intent
        val browserIntent = Intent(Intent.ACTION_VIEW, Uri.parse(url)).apply {
                            ^
core/platform/src/main/kotlin/com/autodrive/app/core/platform/share/WhatsAppHelper.kt:69:36: error: unresolved reference: Intent
        val browserIntent = Intent(Intent.ACTION_VIEW, Uri.parse(url)).apply {
                                   ^
core/platform/src/main/kotlin/com/autodrive/app/core/platform/share/WhatsAppHelper.kt:69:56: error: unresolved reference: Uri
        val browserIntent = Intent(Intent.ACTION_VIEW, Uri.parse(url)).apply {
                                                       ^
core/platform/src/main/kotlin/com/autodrive/app/core/platform/share/WhatsAppHelper.kt:70:13: error: unresolved reference: flags
            flags = Intent.FLAG_ACTIVITY_NEW_TASK
            ^
core/platform/src/main/kotlin/com/autodrive/app/core/platform/share/WhatsAppHelper.kt:70:21: error: unresolved reference: Intent
            flags = Intent.FLAG_ACTIVITY_NEW_TASK
                    ^
core/session/src/main/kotlin/com/autodrive/app/core/session/data/PreferencesManager.kt:3:8: error: unresolved reference: android
import android.content.Context
       ^
core/session/src/main/kotlin/com/autodrive/app/core/session/data/PreferencesManager.kt:4:8: error: unresolved reference: androidx
import androidx.security.crypto.EncryptedSharedPreferences
       ^
core/session/src/main/kotlin/com/autodrive/app/core/session/data/PreferencesManager.kt:5:8: error: unresolved reference: androidx
import androidx.security.crypto.MasterKey
       ^
core/session/src/main/kotlin/com/autodrive/app/core/session/data/PreferencesManager.kt:12:8: error: unresolved reference: dagger
import dagger.hilt.android.qualifiers.ApplicationContext
       ^
core/session/src/main/kotlin/com/autodrive/app/core/session/data/PreferencesManager.kt:13:14: error: unresolved reference: inject
import javax.inject.Inject
             ^
core/session/src/main/kotlin/com/autodrive/app/core/session/data/PreferencesManager.kt:14:14: error: unresolved reference: inject
import javax.inject.Singleton
             ^
core/session/src/main/kotlin/com/autodrive/app/core/session/data/PreferencesManager.kt:16:2: error: unresolved reference: Singleton
@Singleton
 ^
core/session/src/main/kotlin/com/autodrive/app/core/session/data/PreferencesManager.kt:17:27: error: unresolved reference: Inject
class PreferencesManager @Inject constructor(
                          ^
core/session/src/main/kotlin/com/autodrive/app/core/session/data/PreferencesManager.kt:18:6: error: unresolved reference: ApplicationContext
    @ApplicationContext private val context: Context
     ^
core/session/src/main/kotlin/com/autodrive/app/core/session/data/PreferencesManager.kt:18:46: error: unresolved reference: Context
    @ApplicationContext private val context: Context
                                             ^
core/session/src/main/kotlin/com/autodrive/app/core/session/data/PreferencesManager.kt:20:29: error: unresolved reference: MasterKey
    private val masterKey = MasterKey.Builder(context)
                            ^
core/session/src/main/kotlin/com/autodrive/app/core/session/data/PreferencesManager.kt:21:23: error: unresolved reference: MasterKey
        .setKeyScheme(MasterKey.KeyScheme.AES256_GCM)
                      ^
core/session/src/main/kotlin/com/autodrive/app/core/session/data/PreferencesManager.kt:24:25: error: unresolved reference: EncryptedSharedPreferences
    private val prefs = EncryptedSharedPreferences.create(
                        ^
core/session/src/main/kotlin/com/autodrive/app/core/session/data/PreferencesManager.kt:28:9: error: unresolved reference: EncryptedSharedPreferences
        EncryptedSharedPreferences.PrefKeyEncryptionScheme.AES256_SIV,
        ^
core/session/src/main/kotlin/com/autodrive/app/core/session/data/PreferencesManager.kt:29:9: error: unresolved reference: EncryptedSharedPreferences
        EncryptedSharedPreferences.PrefValueEncryptionScheme.AES256_GCM
        ^
core/session/src/main/kotlin/com/autodrive/app/core/session/data/PreferencesManager.kt:141:22: error: type mismatch: inferred type is Any but Money was expected
        is String -> runCatching { Money.of(raw) }.getOrDefault(default)
                     ^
core/session/src/main/kotlin/com/autodrive/app/core/session/data/PreferencesManager.kt:141:42: error: overload resolution ambiguity: 
public final fun of(amount: BigDecimal, currencyCode: String = ...): Money defined in com.autodrive.app.core.model.money.Money.Companion
public final fun of(amount: Long, currencyCode: String = ...): Money defined in com.autodrive.app.core.model.money.Money.Companion
public final fun of(amount: String, currencyCode: String = ...): Money defined in com.autodrive.app.core.model.money.Money.Companion
        is String -> runCatching { Money.of(raw) }.getOrDefault(default)
                                         ^
core/session/src/main/kotlin/com/autodrive/app/core/session/data/PreferencesManager.kt:148:17: error: unresolved reference: android
    private fun android.content.SharedPreferences.Editor.putNullableString(
                ^
core/session/src/main/kotlin/com/autodrive/app/core/session/data/PreferencesManager.kt:151:8: error: unresolved reference: android
    ): android.content.SharedPreferences.Editor =
       ^
core/session/src/main/kotlin/com/autodrive/app/core/session/di/SessionModule.kt:7:8: error: unresolved reference: dagger
import dagger.Binds
       ^
core/session/src/main/kotlin/com/autodrive/app/core/session/di/SessionModule.kt:8:8: error: unresolved reference: dagger
import dagger.Module
       ^
core/session/src/main/kotlin/com/autodrive/app/core/session/di/SessionModule.kt:9:8: error: unresolved reference: dagger
import dagger.hilt.InstallIn
       ^
core/session/src/main/kotlin/com/autodrive/app/core/session/di/SessionModule.kt:10:8: error: unresolved reference: dagger
import dagger.hilt.components.SingletonComponent
       ^
core/session/src/main/kotlin/com/autodrive/app/core/session/di/SessionModule.kt:11:14: error: unresolved reference: inject
import javax.inject.Singleton
             ^
core/session/src/main/kotlin/com/autodrive/app/core/session/di/SessionModule.kt:13:2: error: none of the following functions can be called with the arguments supplied: 
public/*package*/ constructor Module(p0: ClassLoader!) defined in java.lang.Module
public/*package*/ constructor Module(p0: ClassLoader!, p1: ModuleDescriptor!) defined in java.lang.Module
public/*package*/ constructor Module(p0: ModuleLayer!, p1: ClassLoader!, p2: ModuleDescriptor!, p3: URI!) defined in java.lang.Module
@Module
 ^
core/session/src/main/kotlin/com/autodrive/app/core/session/di/SessionModule.kt:14:2: error: unresolved reference: InstallIn
@InstallIn(SingletonComponent::class)
 ^
core/session/src/main/kotlin/com/autodrive/app/core/session/di/SessionModule.kt:14:12: error: unresolved reference: SingletonComponent
@InstallIn(SingletonComponent::class)
           ^
core/session/src/main/kotlin/com/autodrive/app/core/session/di/SessionModule.kt:17:6: error: unresolved reference: Binds
    @Binds
     ^
core/session/src/main/kotlin/com/autodrive/app/core/session/di/SessionModule.kt:18:6: error: unresolved reference: Singleton
    @Singleton
     ^
core/session/src/main/kotlin/com/autodrive/app/core/session/di/SessionModule.kt:21:6: error: unresolved reference: Binds
    @Binds
     ^
core/session/src/main/kotlin/com/autodrive/app/core/session/di/SessionModule.kt:22:6: error: unresolved reference: Singleton
    @Singleton
     ^
core/session/src/main/kotlin/com/autodrive/app/core/session/di/SessionModule.kt:25:6: error: unresolved reference: Binds
    @Binds
     ^
core/session/src/main/kotlin/com/autodrive/app/core/session/di/SessionModule.kt:26:6: error: unresolved reference: Singleton
    @Singleton
     ^
core/sync/src/main/kotlin/com/autodrive/app/core/sync/data/AntiEntropyReconciler.kt:3:8: error: unresolved reference: androidx
import androidx.room.withTransaction
       ^
core/sync/src/main/kotlin/com/autodrive/app/core/sync/data/AntiEntropyReconciler.kt:13:14: error: unresolved reference: inject
import javax.inject.Inject
             ^
core/sync/src/main/kotlin/com/autodrive/app/core/sync/data/AntiEntropyReconciler.kt:14:14: error: unresolved reference: inject
import javax.inject.Singleton
             ^
core/sync/src/main/kotlin/com/autodrive/app/core/sync/data/AntiEntropyReconciler.kt:21:2: error: unresolved reference: Singleton
@Singleton
 ^
core/sync/src/main/kotlin/com/autodrive/app/core/sync/data/AntiEntropyReconciler.kt:22:30: error: unresolved reference: Inject
class AntiEntropyReconciler @Inject constructor(
                             ^
core/sync/src/main/kotlin/com/autodrive/app/core/sync/data/AntiEntropyReconciler.kt:82:69: error: unresolved reference. None of the following candidates is applicable because of receiver type mismatch: 
public inline fun String?.orEmpty(): String defined in kotlin.text
            val localIds = localPartitions[entityType to partition].orEmpty().associateBy { it.entityId }
                                                                    ^
core/sync/src/main/kotlin/com/autodrive/app/core/sync/data/AntiEntropyReconciler.kt:82:93: error: unresolved reference: it
            val localIds = localPartitions[entityType to partition].orEmpty().associateBy { it.entityId }
                                                                                            ^
core/sync/src/main/kotlin/com/autodrive/app/core/sync/data/AntiEntropyReconciler.kt:84:16: error: unresolved reference: withTransaction
            db.withTransaction {
               ^
core/sync/src/main/kotlin/com/autodrive/app/core/sync/data/AntiEntropyReconciler.kt:89:33: error: suspension functions can be called only within coroutine body
                        applier.applyBootstrapRow(scope, entityType, row.entityId, row.payload)
                                ^
core/sync/src/main/kotlin/com/autodrive/app/core/sync/data/AntiEntropyReconciler.kt:94:29: error: suspension functions can be called only within coroutine body
                    applier.applyDelete(scope, entityType, extraId)
                            ^
core/sync/src/main/kotlin/com/autodrive/app/core/sync/data/BillingTargetedRefresher.kt:7:8: error: unresolved reference: io
import io.github.jan.supabase.postgrest.postgrest
       ^
core/sync/src/main/kotlin/com/autodrive/app/core/sync/data/BillingTargetedRefresher.kt:8:8: error: unresolved reference: io
import io.github.jan.supabase.postgrest.query.Columns
       ^
core/sync/src/main/kotlin/com/autodrive/app/core/sync/data/BillingTargetedRefresher.kt:10:14: error: unresolved reference: inject
import javax.inject.Inject
             ^
core/sync/src/main/kotlin/com/autodrive/app/core/sync/data/BillingTargetedRefresher.kt:11:14: error: unresolved reference: inject
import javax.inject.Singleton
             ^
core/sync/src/main/kotlin/com/autodrive/app/core/sync/data/BillingTargetedRefresher.kt:17:2: error: unresolved reference: Singleton
@Singleton
 ^
core/sync/src/main/kotlin/com/autodrive/app/core/sync/data/BillingTargetedRefresher.kt:18:33: error: unresolved reference: Inject
class BillingTargetedRefresher @Inject constructor(
                                ^
core/sync/src/main/kotlin/com/autodrive/app/core/sync/data/BillingTargetedRefresher.kt:24:21: error: unresolved reference: Columns
            .select(Columns.ALL) {
                    ^
core/sync/src/main/kotlin/com/autodrive/app/core/sync/data/BillingTargetedRefresher.kt:25:17: error: unresolved reference. None of the following candidates is applicable because of receiver type mismatch: 
public inline fun <T> Array<out TypeVariable(T)>.filter(predicate: (TypeVariable(T)) -> Boolean): List<TypeVariable(T)> defined in kotlin.collections
public inline fun BooleanArray.filter(predicate: (Boolean) -> Boolean): List<Boolean> defined in kotlin.collections
public inline fun ByteArray.filter(predicate: (Byte) -> Boolean): List<Byte> defined in kotlin.collections
public inline fun CharArray.filter(predicate: (Char) -> Boolean): List<Char> defined in kotlin.collections
public inline fun CharSequence.filter(predicate: (Char) -> Boolean): CharSequence defined in kotlin.text
public inline fun DoubleArray.filter(predicate: (Double) -> Boolean): List<Double> defined in kotlin.collections
public inline fun FloatArray.filter(predicate: (Float) -> Boolean): List<Float> defined in kotlin.collections
public inline fun IntArray.filter(predicate: (Int) -> Boolean): List<Int> defined in kotlin.collections
public inline fun LongArray.filter(predicate: (Long) -> Boolean): List<Long> defined in kotlin.collections
public inline fun ShortArray.filter(predicate: (Short) -> Boolean): List<Short> defined in kotlin.collections
public inline fun String.filter(predicate: (Char) -> Boolean): String defined in kotlin.text
public inline fun UByteArray.filter(predicate: (UByte) -> Boolean): List<UByte> defined in kotlin.collections
public inline fun UIntArray.filter(predicate: (UInt) -> Boolean): List<UInt> defined in kotlin.collections
public inline fun ULongArray.filter(predicate: (ULong) -> Boolean): List<ULong> defined in kotlin.collections
public inline fun UShortArray.filter(predicate: (UShort) -> Boolean): List<UShort> defined in kotlin.collections
public inline fun <T> Iterable<TypeVariable(T)>.filter(predicate: (TypeVariable(T)) -> Boolean): List<TypeVariable(T)> defined in kotlin.collections
public inline fun <K, V> Map<out TypeVariable(K), TypeVariable(V)>.filter(predicate: (Map.Entry<TypeVariable(K), TypeVariable(V)>) -> Boolean): Map<TypeVariable(K), TypeVariable(V)> defined in kotlin.collections
public fun <T> Sequence<TypeVariable(T)>.filter(predicate: (TypeVariable(T)) -> Boolean): Sequence<TypeVariable(T)> defined in kotlin.sequences
                filter {
                ^
core/sync/src/main/kotlin/com/autodrive/app/core/sync/data/BillingTargetedRefresher.kt:26:21: error: unresolved reference: eq
                    eq("id", invoiceId)
                    ^
core/sync/src/main/kotlin/com/autodrive/app/core/sync/data/BillingTargetedRefresher.kt:27:21: error: unresolved reference: eq
                    eq("client_id", clientId)
                    ^
core/sync/src/main/kotlin/com/autodrive/app/core/sync/data/BillingTargetedRefresher.kt:29:17: error: unresolved reference: limit
                limit(1)
                ^
core/sync/src/main/kotlin/com/autodrive/app/core/sync/data/BillingTargetedRefresher.kt:46:21: error: unresolved reference: Columns
            .select(Columns.ALL) {
                    ^
core/sync/src/main/kotlin/com/autodrive/app/core/sync/data/BillingTargetedRefresher.kt:47:17: error: unresolved reference. None of the following candidates is applicable because of receiver type mismatch: 
public inline fun <T> Array<out TypeVariable(T)>.filter(predicate: (TypeVariable(T)) -> Boolean): List<TypeVariable(T)> defined in kotlin.collections
public inline fun BooleanArray.filter(predicate: (Boolean) -> Boolean): List<Boolean> defined in kotlin.collections
public inline fun ByteArray.filter(predicate: (Byte) -> Boolean): List<Byte> defined in kotlin.collections
public inline fun CharArray.filter(predicate: (Char) -> Boolean): List<Char> defined in kotlin.collections
public inline fun CharSequence.filter(predicate: (Char) -> Boolean): CharSequence defined in kotlin.text
public inline fun DoubleArray.filter(predicate: (Double) -> Boolean): List<Double> defined in kotlin.collections
public inline fun FloatArray.filter(predicate: (Float) -> Boolean): List<Float> defined in kotlin.collections
public inline fun IntArray.filter(predicate: (Int) -> Boolean): List<Int> defined in kotlin.collections
public inline fun LongArray.filter(predicate: (Long) -> Boolean): List<Long> defined in kotlin.collections
public inline fun ShortArray.filter(predicate: (Short) -> Boolean): List<Short> defined in kotlin.collections
public inline fun String.filter(predicate: (Char) -> Boolean): String defined in kotlin.text
public inline fun UByteArray.filter(predicate: (UByte) -> Boolean): List<UByte> defined in kotlin.collections
public inline fun UIntArray.filter(predicate: (UInt) -> Boolean): List<UInt> defined in kotlin.collections
public inline fun ULongArray.filter(predicate: (ULong) -> Boolean): List<ULong> defined in kotlin.collections
public inline fun UShortArray.filter(predicate: (UShort) -> Boolean): List<UShort> defined in kotlin.collections
public inline fun <T> Iterable<TypeVariable(T)>.filter(predicate: (TypeVariable(T)) -> Boolean): List<TypeVariable(T)> defined in kotlin.collections
public inline fun <K, V> Map<out TypeVariable(K), TypeVariable(V)>.filter(predicate: (Map.Entry<TypeVariable(K), TypeVariable(V)>) -> Boolean): Map<TypeVariable(K), TypeVariable(V)> defined in kotlin.collections
public fun <T> Sequence<TypeVariable(T)>.filter(predicate: (TypeVariable(T)) -> Boolean): Sequence<TypeVariable(T)> defined in kotlin.sequences
                filter {
                ^
core/sync/src/main/kotlin/com/autodrive/app/core/sync/data/BillingTargetedRefresher.kt:48:21: error: unresolved reference: eq
                    eq("id", invoiceId)
                    ^
core/sync/src/main/kotlin/com/autodrive/app/core/sync/data/BillingTargetedRefresher.kt:49:21: error: unresolved reference: eq
                    eq("client_id", clientId)
                    ^
core/sync/src/main/kotlin/com/autodrive/app/core/sync/data/BillingTargetedRefresher.kt:51:17: error: unresolved reference: limit
                limit(1)
                ^
core/sync/src/main/kotlin/com/autodrive/app/core/sync/data/BillingTargetedRefresher.kt:60:21: error: unresolved reference: Columns
            .select(Columns.ALL) {
                    ^
core/sync/src/main/kotlin/com/autodrive/app/core/sync/data/BillingTargetedRefresher.kt:61:17: error: unresolved reference. None of the following candidates is applicable because of receiver type mismatch: 
public inline fun <T> Array<out TypeVariable(T)>.filter(predicate: (TypeVariable(T)) -> Boolean): List<TypeVariable(T)> defined in kotlin.collections
public inline fun BooleanArray.filter(predicate: (Boolean) -> Boolean): List<Boolean> defined in kotlin.collections
public inline fun ByteArray.filter(predicate: (Byte) -> Boolean): List<Byte> defined in kotlin.collections
public inline fun CharArray.filter(predicate: (Char) -> Boolean): List<Char> defined in kotlin.collections
public inline fun CharSequence.filter(predicate: (Char) -> Boolean): CharSequence defined in kotlin.text
public inline fun DoubleArray.filter(predicate: (Double) -> Boolean): List<Double> defined in kotlin.collections
public inline fun FloatArray.filter(predicate: (Float) -> Boolean): List<Float> defined in kotlin.collections
public inline fun IntArray.filter(predicate: (Int) -> Boolean): List<Int> defined in kotlin.collections
public inline fun LongArray.filter(predicate: (Long) -> Boolean): List<Long> defined in kotlin.collections
public inline fun ShortArray.filter(predicate: (Short) -> Boolean): List<Short> defined in kotlin.collections
public inline fun String.filter(predicate: (Char) -> Boolean): String defined in kotlin.text
public inline fun UByteArray.filter(predicate: (UByte) -> Boolean): List<UByte> defined in kotlin.collections
public inline fun UIntArray.filter(predicate: (UInt) -> Boolean): List<UInt> defined in kotlin.collections
public inline fun ULongArray.filter(predicate: (ULong) -> Boolean): List<ULong> defined in kotlin.collections
public inline fun UShortArray.filter(predicate: (UShort) -> Boolean): List<UShort> defined in kotlin.collections
public inline fun <T> Iterable<TypeVariable(T)>.filter(predicate: (TypeVariable(T)) -> Boolean): List<TypeVariable(T)> defined in kotlin.collections
public inline fun <K, V> Map<out TypeVariable(K), TypeVariable(V)>.filter(predicate: (Map.Entry<TypeVariable(K), TypeVariable(V)>) -> Boolean): Map<TypeVariable(K), TypeVariable(V)> defined in kotlin.collections
public fun <T> Sequence<TypeVariable(T)>.filter(predicate: (TypeVariable(T)) -> Boolean): Sequence<TypeVariable(T)> defined in kotlin.sequences
                filter {
                ^
core/sync/src/main/kotlin/com/autodrive/app/core/sync/data/BillingTargetedRefresher.kt:62:21: error: unresolved reference: eq
                    eq("id", paymentId)
                    ^
core/sync/src/main/kotlin/com/autodrive/app/core/sync/data/BillingTargetedRefresher.kt:63:21: error: unresolved reference: eq
                    eq("client_id", clientId)
                    ^
core/sync/src/main/kotlin/com/autodrive/app/core/sync/data/BillingTargetedRefresher.kt:65:17: error: unresolved reference: limit
                limit(1)
                ^
core/sync/src/main/kotlin/com/autodrive/app/core/sync/data/BillingTargetedRefresher.kt:85:21: error: unresolved reference: Columns
            .select(Columns.ALL) {
                    ^
core/sync/src/main/kotlin/com/autodrive/app/core/sync/data/BillingTargetedRefresher.kt:86:17: error: unresolved reference. None of the following candidates is applicable because of receiver type mismatch: 
public inline fun <T> Array<out TypeVariable(T)>.filter(predicate: (TypeVariable(T)) -> Boolean): List<TypeVariable(T)> defined in kotlin.collections
public inline fun BooleanArray.filter(predicate: (Boolean) -> Boolean): List<Boolean> defined in kotlin.collections
public inline fun ByteArray.filter(predicate: (Byte) -> Boolean): List<Byte> defined in kotlin.collections
public inline fun CharArray.filter(predicate: (Char) -> Boolean): List<Char> defined in kotlin.collections
public inline fun CharSequence.filter(predicate: (Char) -> Boolean): CharSequence defined in kotlin.text
public inline fun DoubleArray.filter(predicate: (Double) -> Boolean): List<Double> defined in kotlin.collections
public inline fun FloatArray.filter(predicate: (Float) -> Boolean): List<Float> defined in kotlin.collections
public inline fun IntArray.filter(predicate: (Int) -> Boolean): List<Int> defined in kotlin.collections
public inline fun LongArray.filter(predicate: (Long) -> Boolean): List<Long> defined in kotlin.collections
public inline fun ShortArray.filter(predicate: (Short) -> Boolean): List<Short> defined in kotlin.collections
public inline fun String.filter(predicate: (Char) -> Boolean): String defined in kotlin.text
public inline fun UByteArray.filter(predicate: (UByte) -> Boolean): List<UByte> defined in kotlin.collections
public inline fun UIntArray.filter(predicate: (UInt) -> Boolean): List<UInt> defined in kotlin.collections
public inline fun ULongArray.filter(predicate: (ULong) -> Boolean): List<ULong> defined in kotlin.collections
public inline fun UShortArray.filter(predicate: (UShort) -> Boolean): List<UShort> defined in kotlin.collections
public inline fun <T> Iterable<TypeVariable(T)>.filter(predicate: (TypeVariable(T)) -> Boolean): List<TypeVariable(T)> defined in kotlin.collections
public inline fun <K, V> Map<out TypeVariable(K), TypeVariable(V)>.filter(predicate: (Map.Entry<TypeVariable(K), TypeVariable(V)>) -> Boolean): Map<TypeVariable(K), TypeVariable(V)> defined in kotlin.collections
public fun <T> Sequence<TypeVariable(T)>.filter(predicate: (TypeVariable(T)) -> Boolean): Sequence<TypeVariable(T)> defined in kotlin.sequences
                filter {
                ^
core/sync/src/main/kotlin/com/autodrive/app/core/sync/data/BillingTargetedRefresher.kt:87:21: error: unresolved reference: eq
                    eq("invoice_id", invoiceId)
                    ^
core/sync/src/main/kotlin/com/autodrive/app/core/sync/data/BillingTargetedRefresher.kt:88:21: error: unresolved reference: eq
                    eq("client_id", clientId)
                    ^
core/sync/src/main/kotlin/com/autodrive/app/core/sync/data/BillingTargetedRefresher.kt:92:57: error: unresolved reference: it
        db.paymentDao().upsertAll(payments.distinctBy { it.id }.map { it.toEntity() })
                                                        ^
core/sync/src/main/kotlin/com/autodrive/app/core/sync/data/BillingTargetedRefresher.kt:92:71: error: unresolved reference: it
        db.paymentDao().upsertAll(payments.distinctBy { it.id }.map { it.toEntity() })
                                                                      ^
core/sync/src/main/kotlin/com/autodrive/app/core/sync/data/CanonicalProjectionDigester.kt:6:14: error: unresolved reference: inject
import javax.inject.Inject
             ^
core/sync/src/main/kotlin/com/autodrive/app/core/sync/data/CanonicalProjectionDigester.kt:7:14: error: unresolved reference: inject
import javax.inject.Singleton
             ^
core/sync/src/main/kotlin/com/autodrive/app/core/sync/data/CanonicalProjectionDigester.kt:22:2: error: unresolved reference: Singleton
@Singleton
 ^
core/sync/src/main/kotlin/com/autodrive/app/core/sync/data/CanonicalProjectionDigester.kt:23:36: error: unresolved reference: Inject
class CanonicalProjectionDigester @Inject constructor(private val db: AutoDriveDatabase) {
                                   ^
core/sync/src/main/kotlin/com/autodrive/app/core/sync/data/ChangeEventApplier.kt:17:14: error: unresolved reference: inject
import javax.inject.Inject
             ^
core/sync/src/main/kotlin/com/autodrive/app/core/sync/data/ChangeEventApplier.kt:18:14: error: unresolved reference: inject
import javax.inject.Singleton
             ^
core/sync/src/main/kotlin/com/autodrive/app/core/sync/data/ChangeEventApplier.kt:19:8: error: unresolved reference: kotlinx
import kotlinx.serialization.json.Json
       ^
core/sync/src/main/kotlin/com/autodrive/app/core/sync/data/ChangeEventApplier.kt:20:8: error: unresolved reference: kotlinx
import kotlinx.serialization.json.JsonObject
       ^
core/sync/src/main/kotlin/com/autodrive/app/core/sync/data/ChangeEventApplier.kt:21:8: error: unresolved reference: kotlinx
import kotlinx.serialization.json.decodeFromJsonElement
       ^
core/sync/src/main/kotlin/com/autodrive/app/core/sync/data/ChangeEventApplier.kt:35:2: error: unresolved reference: Singleton
@Singleton
 ^
core/sync/src/main/kotlin/com/autodrive/app/core/sync/data/ChangeEventApplier.kt:36:27: error: unresolved reference: Inject
class ChangeEventApplier @Inject constructor(
                          ^
core/sync/src/main/kotlin/com/autodrive/app/core/sync/data/ChangeEventApplier.kt:40:24: error: unresolved reference: Json
    private val json = Json { ignoreUnknownKeys = true; explicitNulls = false }
                       ^
core/sync/src/main/kotlin/com/autodrive/app/core/sync/data/ChangeEventApplier.kt:40:31: error: unresolved reference: ignoreUnknownKeys
    private val json = Json { ignoreUnknownKeys = true; explicitNulls = false }
                              ^
core/sync/src/main/kotlin/com/autodrive/app/core/sync/data/ChangeEventApplier.kt:40:57: error: unresolved reference: explicitNulls
    private val json = Json { ignoreUnknownKeys = true; explicitNulls = false }
                                                        ^
core/sync/src/main/kotlin/com/autodrive/app/core/sync/data/ChangeEventApplier.kt:71:18: error: unresolved reference: JsonObject
        payload: JsonObject,
                 ^
core/sync/src/main/kotlin/com/autodrive/app/core/sync/data/ChangeEventApplier.kt:81:18: error: unresolved reference: JsonObject
        payload: JsonObject,
                 ^
core/sync/src/main/kotlin/com/autodrive/app/core/sync/data/ChangeEventApplier.kt:394:52: error: unresolved reference: JsonObject
    private inline fun <reified T> decode(payload: JsonObject): T =
                                                   ^
core/sync/src/main/kotlin/com/autodrive/app/core/sync/data/ChatRecoverySynchronizer.kt:3:8: error: unresolved reference: androidx
import androidx.room.withTransaction
       ^
core/sync/src/main/kotlin/com/autodrive/app/core/sync/data/ChatRecoverySynchronizer.kt:14:8: error: unresolved reference: io
import io.github.jan.supabase.postgrest.postgrest
       ^
core/sync/src/main/kotlin/com/autodrive/app/core/sync/data/ChatRecoverySynchronizer.kt:15:8: error: unresolved reference: io
import io.github.jan.supabase.postgrest.query.Columns
       ^
core/sync/src/main/kotlin/com/autodrive/app/core/sync/data/ChatRecoverySynchronizer.kt:16:8: error: unresolved reference: io
import io.github.jan.supabase.postgrest.rpc
       ^
core/sync/src/main/kotlin/com/autodrive/app/core/sync/data/ChatRecoverySynchronizer.kt:18:14: error: unresolved reference: inject
import javax.inject.Inject
             ^
core/sync/src/main/kotlin/com/autodrive/app/core/sync/data/ChatRecoverySynchronizer.kt:19:14: error: unresolved reference: inject
import javax.inject.Singleton
             ^
core/sync/src/main/kotlin/com/autodrive/app/core/sync/data/ChatRecoverySynchronizer.kt:20:8: error: unresolved reference: kotlinx
import kotlinx.serialization.SerialName
       ^
core/sync/src/main/kotlin/com/autodrive/app/core/sync/data/ChatRecoverySynchronizer.kt:21:8: error: unresolved reference: kotlinx
import kotlinx.serialization.Serializable
       ^
core/sync/src/main/kotlin/com/autodrive/app/core/sync/data/ChatRecoverySynchronizer.kt:27:2: error: unresolved reference: Singleton
@Singleton
 ^
core/sync/src/main/kotlin/com/autodrive/app/core/sync/data/ChatRecoverySynchronizer.kt:28:33: error: unresolved reference: Inject
class ChatRecoverySynchronizer @Inject constructor(
                                ^
core/sync/src/main/kotlin/com/autodrive/app/core/sync/data/ChatRecoverySynchronizer.kt:36:21: error: unresolved reference: Columns
            .select(Columns.ALL) { filter { eq("client_id", scope.clientId) } }
                    ^
core/sync/src/main/kotlin/com/autodrive/app/core/sync/data/ChatRecoverySynchronizer.kt:36:36: error: unresolved reference. None of the following candidates is applicable because of receiver type mismatch: 
public inline fun <T> Array<out TypeVariable(T)>.filter(predicate: (TypeVariable(T)) -> Boolean): List<TypeVariable(T)> defined in kotlin.collections
public inline fun BooleanArray.filter(predicate: (Boolean) -> Boolean): List<Boolean> defined in kotlin.collections
public inline fun ByteArray.filter(predicate: (Byte) -> Boolean): List<Byte> defined in kotlin.collections
public inline fun CharArray.filter(predicate: (Char) -> Boolean): List<Char> defined in kotlin.collections
public inline fun CharSequence.filter(predicate: (Char) -> Boolean): CharSequence defined in kotlin.text
public inline fun DoubleArray.filter(predicate: (Double) -> Boolean): List<Double> defined in kotlin.collections
public inline fun FloatArray.filter(predicate: (Float) -> Boolean): List<Float> defined in kotlin.collections
public inline fun IntArray.filter(predicate: (Int) -> Boolean): List<Int> defined in kotlin.collections
public inline fun LongArray.filter(predicate: (Long) -> Boolean): List<Long> defined in kotlin.collections
public inline fun ShortArray.filter(predicate: (Short) -> Boolean): List<Short> defined in kotlin.collections
public inline fun String.filter(predicate: (Char) -> Boolean): String defined in kotlin.text
public inline fun UByteArray.filter(predicate: (UByte) -> Boolean): List<UByte> defined in kotlin.collections
public inline fun UIntArray.filter(predicate: (UInt) -> Boolean): List<UInt> defined in kotlin.collections
public inline fun ULongArray.filter(predicate: (ULong) -> Boolean): List<ULong> defined in kotlin.collections
public inline fun UShortArray.filter(predicate: (UShort) -> Boolean): List<UShort> defined in kotlin.collections
public inline fun <T> Iterable<TypeVariable(T)>.filter(predicate: (TypeVariable(T)) -> Boolean): List<TypeVariable(T)> defined in kotlin.collections
public inline fun <K, V> Map<out TypeVariable(K), TypeVariable(V)>.filter(predicate: (Map.Entry<TypeVariable(K), TypeVariable(V)>) -> Boolean): Map<TypeVariable(K), TypeVariable(V)> defined in kotlin.collections
public fun <T> Sequence<TypeVariable(T)>.filter(predicate: (TypeVariable(T)) -> Boolean): Sequence<TypeVariable(T)> defined in kotlin.sequences
            .select(Columns.ALL) { filter { eq("client_id", scope.clientId) } }
                                   ^
core/sync/src/main/kotlin/com/autodrive/app/core/sync/data/ChatRecoverySynchronizer.kt:36:45: error: unresolved reference: eq
            .select(Columns.ALL) { filter { eq("client_id", scope.clientId) } }
                                            ^
core/sync/src/main/kotlin/com/autodrive/app/core/sync/data/ChatRecoverySynchronizer.kt:38:27: error: unresolved reference: it
            .distinctBy { it.id }
                          ^
core/sync/src/main/kotlin/com/autodrive/app/core/sync/data/ChatRecoverySynchronizer.kt:40:23: error: overload resolution ambiguity: 
public inline fun <T> Iterable<TypeVariable(T)>.forEach(action: (TypeVariable(T)) -> Unit): Unit defined in kotlin.collections
public inline fun <K, V> Map<out TypeVariable(K), TypeVariable(V)>.forEach(action: (Map.Entry<TypeVariable(K), TypeVariable(V)>) -> Unit): Unit defined in kotlin.collections
        conversations.forEach { validateConversation(scope, it) }
                      ^
core/sync/src/main/kotlin/com/autodrive/app/core/sync/data/ChatRecoverySynchronizer.kt:40:61: error: unresolved reference: it
        conversations.forEach { validateConversation(scope, it) }
                                                            ^
core/sync/src/main/kotlin/com/autodrive/app/core/sync/data/ChatRecoverySynchronizer.kt:41:12: error: unresolved reference: withTransaction
        db.withTransaction {
           ^
core/sync/src/main/kotlin/com/autodrive/app/core/sync/data/ChatRecoverySynchronizer.kt:43:27: error: overload resolution ambiguity: 
public inline fun <T> Iterable<TypeVariable(T)>.forEach(action: (TypeVariable(T)) -> Unit): Unit defined in kotlin.collections
public inline fun <K, V> Map<out TypeVariable(K), TypeVariable(V)>.forEach(action: (Map.Entry<TypeVariable(K), TypeVariable(V)>) -> Unit): Unit defined in kotlin.collections
            conversations.forEach { mergeConversationSnapshot(scope, it) }
                          ^
core/sync/src/main/kotlin/com/autodrive/app/core/sync/data/ChatRecoverySynchronizer.kt:43:37: error: suspension functions can be called only within coroutine body
            conversations.forEach { mergeConversationSnapshot(scope, it) }
                                    ^
core/sync/src/main/kotlin/com/autodrive/app/core/sync/data/ChatRecoverySynchronizer.kt:43:70: error: unresolved reference: it
            conversations.forEach { mergeConversationSnapshot(scope, it) }
                                                                     ^
core/sync/src/main/kotlin/com/autodrive/app/core/sync/data/ChatRecoverySynchronizer.kt:46:23: error: overload resolution ambiguity: 
public inline fun <T> Iterable<TypeVariable(T)>.forEach(action: (TypeVariable(T)) -> Unit): Unit defined in kotlin.collections
public inline fun <K, V> Map<out TypeVariable(K), TypeVariable(V)>.forEach(action: (Map.Entry<TypeVariable(K), TypeVariable(V)>) -> Unit): Unit defined in kotlin.collections
        conversations.forEach { conversation ->
                      ^
core/sync/src/main/kotlin/com/autodrive/app/core/sync/data/ChatRecoverySynchronizer.kt:46:33: error: cannot infer a type for this parameter. Please specify it explicitly.
        conversations.forEach { conversation ->
                                ^
core/sync/src/main/kotlin/com/autodrive/app/core/sync/data/ChatRecoverySynchronizer.kt:47:13: error: suspension functions can be called only within coroutine body
            recoverConversation(scope, conversation.id)
            ^
core/sync/src/main/kotlin/com/autodrive/app/core/sync/data/ChatRecoverySynchronizer.kt:72:16: error: unresolved reference: withTransaction
            db.withTransaction {
               ^
core/sync/src/main/kotlin/com/autodrive/app/core/sync/data/ChatRecoverySynchronizer.kt:74:62: error: suspension functions can be called only within coroutine body
                val current = db.chatRecoveryCheckpointDao().get(
                                                             ^
core/sync/src/main/kotlin/com/autodrive/app/core/sync/data/ChatRecoverySynchronizer.kt:81:44: error: suspension functions can be called only within coroutine body
                validated.forEach { row -> mergeMessage(scope, row.dto, row.createdAtMillis) }
                                           ^
core/sync/src/main/kotlin/com/autodrive/app/core/sync/data/ChatRecoverySynchronizer.kt:82:48: error: suspension functions can be called only within coroutine body
                db.chatRecoveryCheckpointDao().upsert(
                                               ^
core/sync/src/main/kotlin/com/autodrive/app/core/sync/data/ChatRecoverySynchronizer.kt:93:17: error: suspension functions can be called only within coroutine body
                reconcileConversationSummary(scope, conversationId)
                ^
core/sync/src/main/kotlin/com/autodrive/app/core/sync/data/ChatRecoverySynchronizer.kt:254:6: error: cannot access 'Serializable': it is internal in 'kotlin.io'
    @Serializable
     ^
core/sync/src/main/kotlin/com/autodrive/app/core/sync/data/ChatRecoverySynchronizer.kt:254:6: error: this class does not have a constructor
    @Serializable
     ^
core/sync/src/main/kotlin/com/autodrive/app/core/sync/data/ChatRecoverySynchronizer.kt:256:10: error: unresolved reference: SerialName
        @SerialName("p_conversation_id") val conversationId: String,
         ^
core/sync/src/main/kotlin/com/autodrive/app/core/sync/data/ChatRecoverySynchronizer.kt:257:10: error: unresolved reference: SerialName
        @SerialName("p_after_seq") val afterServerSequence: Long = 0L,
         ^
core/sync/src/main/kotlin/com/autodrive/app/core/sync/data/ChatRecoverySynchronizer.kt:258:10: error: unresolved reference: SerialName
        @SerialName("p_limit") val limit: Int,
         ^
core/sync/src/main/kotlin/com/autodrive/app/core/sync/data/DefaultSyncCoordinator.kt:21:14: error: unresolved reference: inject
import javax.inject.Inject
             ^
core/sync/src/main/kotlin/com/autodrive/app/core/sync/data/DefaultSyncCoordinator.kt:22:14: error: unresolved reference: inject
import javax.inject.Singleton
             ^
core/sync/src/main/kotlin/com/autodrive/app/core/sync/data/DefaultSyncCoordinator.kt:23:8: error: unresolved reference: kotlinx
import kotlinx.coroutines.CancellationException
       ^
core/sync/src/main/kotlin/com/autodrive/app/core/sync/data/DefaultSyncCoordinator.kt:24:8: error: unresolved reference: kotlinx
import kotlinx.coroutines.CompletableDeferred
       ^
core/sync/src/main/kotlin/com/autodrive/app/core/sync/data/DefaultSyncCoordinator.kt:25:8: error: unresolved reference: kotlinx
import kotlinx.coroutines.CoroutineScope
       ^
core/sync/src/main/kotlin/com/autodrive/app/core/sync/data/DefaultSyncCoordinator.kt:26:8: error: unresolved reference: kotlinx
import kotlinx.coroutines.Dispatchers
       ^
core/sync/src/main/kotlin/com/autodrive/app/core/sync/data/DefaultSyncCoordinator.kt:27:8: error: unresolved reference: kotlinx
import kotlinx.coroutines.SupervisorJob
       ^
core/sync/src/main/kotlin/com/autodrive/app/core/sync/data/DefaultSyncCoordinator.kt:28:8: error: unresolved reference: kotlinx
import kotlinx.coroutines.flow.MutableStateFlow
       ^
core/sync/src/main/kotlin/com/autodrive/app/core/sync/data/DefaultSyncCoordinator.kt:29:8: error: unresolved reference: kotlinx
import kotlinx.coroutines.flow.StateFlow
       ^
core/sync/src/main/kotlin/com/autodrive/app/core/sync/data/DefaultSyncCoordinator.kt:30:8: error: unresolved reference: kotlinx
import kotlinx.coroutines.flow.asStateFlow
       ^
core/sync/src/main/kotlin/com/autodrive/app/core/sync/data/DefaultSyncCoordinator.kt:31:8: error: unresolved reference: kotlinx
import kotlinx.coroutines.flow.catch
       ^
core/sync/src/main/kotlin/com/autodrive/app/core/sync/data/DefaultSyncCoordinator.kt:32:8: error: unresolved reference: kotlinx
import kotlinx.coroutines.flow.launchIn
       ^
core/sync/src/main/kotlin/com/autodrive/app/core/sync/data/DefaultSyncCoordinator.kt:33:8: error: unresolved reference: kotlinx
import kotlinx.coroutines.flow.onEach
       ^
core/sync/src/main/kotlin/com/autodrive/app/core/sync/data/DefaultSyncCoordinator.kt:34:8: error: unresolved reference: kotlinx
import kotlinx.coroutines.launch
       ^
core/sync/src/main/kotlin/com/autodrive/app/core/sync/data/DefaultSyncCoordinator.kt:35:8: error: unresolved reference: kotlinx
import kotlinx.coroutines.sync.Mutex
       ^
core/sync/src/main/kotlin/com/autodrive/app/core/sync/data/DefaultSyncCoordinator.kt:36:8: error: unresolved reference: kotlinx
import kotlinx.coroutines.sync.withLock
       ^
core/sync/src/main/kotlin/com/autodrive/app/core/sync/data/DefaultSyncCoordinator.kt:38:2: error: unresolved reference: Singleton
@Singleton
 ^
core/sync/src/main/kotlin/com/autodrive/app/core/sync/data/DefaultSyncCoordinator.kt:39:31: error: unresolved reference: Inject
class DefaultSyncCoordinator @Inject constructor(
                              ^
core/sync/src/main/kotlin/com/autodrive/app/core/sync/data/DefaultSyncCoordinator.kt:49:25: error: unresolved reference: CoroutineScope
    private val scope = CoroutineScope(SupervisorJob() + Dispatchers.IO)
                        ^
core/sync/src/main/kotlin/com/autodrive/app/core/sync/data/DefaultSyncCoordinator.kt:49:40: error: unresolved reference: SupervisorJob
    private val scope = CoroutineScope(SupervisorJob() + Dispatchers.IO)
                                       ^
core/sync/src/main/kotlin/com/autodrive/app/core/sync/data/DefaultSyncCoordinator.kt:49:58: error: unresolved reference: Dispatchers
    private val scope = CoroutineScope(SupervisorJob() + Dispatchers.IO)
                                                         ^
core/sync/src/main/kotlin/com/autodrive/app/core/sync/data/DefaultSyncCoordinator.kt:51:35: error: unresolved reference: Mutex
    private val generationMutex = Mutex()
                                  ^
core/sync/src/main/kotlin/com/autodrive/app/core/sync/data/DefaultSyncCoordinator.kt:52:29: error: unresolved reference: CompletableDeferred
    private var activeSync: CompletableDeferred<SyncResult>? = null
                            ^
core/sync/src/main/kotlin/com/autodrive/app/core/sync/data/DefaultSyncCoordinator.kt:57:26: error: unresolved reference: MutableStateFlow
    private val _state = MutableStateFlow(SyncState())
                         ^
core/sync/src/main/kotlin/com/autodrive/app/core/sync/data/DefaultSyncCoordinator.kt:58:25: error: unresolved reference: StateFlow
    override val state: StateFlow<SyncState> = _state.asStateFlow()
                        ^
core/sync/src/main/kotlin/com/autodrive/app/core/sync/data/DefaultSyncCoordinator.kt:63:28: error: suspend function 'requestSync' should be called only from a coroutine or another suspend function
            scope.launch { requestSync(SyncReason.APP_START) }
                           ^
core/sync/src/main/kotlin/com/autodrive/app/core/sync/data/DefaultSyncCoordinator.kt:68:23: error: cannot infer a type for this parameter. Please specify it explicitly.
            .onEach { connected ->
                      ^
core/sync/src/main/kotlin/com/autodrive/app/core/sync/data/DefaultSyncCoordinator.kt:76:76: error: suspend function 'requestSync' should be called only from a coroutine or another suspend function
                if (restored && sessionReader.currentSession().isLoggedIn) requestSync(SyncReason.NETWORK_RESTORED)
                                                                           ^
core/sync/src/main/kotlin/com/autodrive/app/core/sync/data/DefaultSyncCoordinator.kt:78:22: error: cannot infer a type for this parameter. Please specify it explicitly.
            .catch { error -> logWarning("Connectivity observation failed: ${error::class.simpleName}") }
                     ^
core/sync/src/main/kotlin/com/autodrive/app/core/sync/data/DefaultSyncCoordinator.kt:90:27: error: unresolved reference: CompletableDeferred
            activeSync ?: CompletableDeferred<SyncResult>().also {
                          ^
core/sync/src/main/kotlin/com/autodrive/app/core/sync/data/DefaultSyncCoordinator.kt:91:30: error: unresolved reference: it
                activeSync = it
                             ^
core/sync/src/main/kotlin/com/autodrive/app/core/sync/data/DefaultSyncCoordinator.kt:100:32: error: unresolved reference: CancellationException
        } catch (cancellation: CancellationException) {
                               ^
core/sync/src/main/kotlin/com/autodrive/app/core/sync/data/DefaultSyncCoordinator.kt:109:50: error: unresolved reference: CompletableDeferred
    private suspend fun drainGenerations(shared: CompletableDeferred<SyncResult>): SyncResult {
                                                 ^
core/sync/src/main/kotlin/com/autodrive/app/core/sync/data/DefaultSyncCoordinator.kt:129:28: error: unresolved reference: CancellationException
    } catch (cancellation: CancellationException) {
                           ^
core/sync/src/main/kotlin/com/autodrive/app/core/sync/data/DefaultSyncCoordinator.kt:152:16: error: variable expected
        _state.value = _state.value.copy(
               ^
core/sync/src/main/kotlin/com/autodrive/app/core/sync/data/DefaultSyncCoordinator.kt:162:74: error: variable expected
        val engineResult = engine.synchronize(context) { phase -> _state.value = _state.value.copy(phase = phase) }
                                                                         ^
core/sync/src/main/kotlin/com/autodrive/app/core/sync/data/DefaultSyncCoordinator.kt:169:16: error: variable expected
        _state.value = _state.value.copy(phase = SyncPhase.REALTIME)
               ^
core/sync/src/main/kotlin/com/autodrive/app/core/sync/data/DefaultSyncCoordinator.kt:197:16: error: variable expected
        _state.value = previous.copy(
               ^
core/sync/src/main/kotlin/com/autodrive/app/core/sync/data/DefaultSyncCoordinator.kt:227:16: error: variable expected
        _state.value = _state.value.copy(requestedGeneration = requestedGeneration, completedGeneration = completedGeneration)
               ^
core/sync/src/main/kotlin/com/autodrive/app/core/sync/data/DeletionSynchronizer.kt:3:8: error: unresolved reference: androidx
import androidx.room.withTransaction
       ^
core/sync/src/main/kotlin/com/autodrive/app/core/sync/data/DeletionSynchronizer.kt:8:14: error: unresolved reference: inject
import javax.inject.Inject
             ^
core/sync/src/main/kotlin/com/autodrive/app/core/sync/data/DeletionSynchronizer.kt:9:14: error: unresolved reference: inject
import javax.inject.Singleton
             ^
core/sync/src/main/kotlin/com/autodrive/app/core/sync/data/DeletionSynchronizer.kt:16:2: error: unresolved reference: Singleton
@Singleton
 ^
core/sync/src/main/kotlin/com/autodrive/app/core/sync/data/DeletionSynchronizer.kt:17:29: error: unresolved reference: Inject
class DeletionSynchronizer @Inject constructor(
                            ^
core/sync/src/main/kotlin/com/autodrive/app/core/sync/data/DeletionSynchronizer.kt:39:16: error: unresolved reference: withTransaction
            db.withTransaction {
               ^
core/sync/src/main/kotlin/com/autodrive/app/core/sync/data/DeletionSynchronizer.kt:42:54: error: suspension functions can be called only within coroutine body
                    val existing = db.syncInboxDao().get(
                                                     ^
core/sync/src/main/kotlin/com/autodrive/app/core/sync/data/DeletionSynchronizer.kt:53:43: error: suspension functions can be called only within coroutine body
                        db.syncInboxDao().insert(deletion.toInbox(receivedAt = System.currentTimeMillis()))
                                          ^
core/sync/src/main/kotlin/com/autodrive/app/core/sync/data/DeletionSynchronizer.kt:56:21: error: suspension functions can be called only within coroutine body
                    applyDeletion(scope, deletion)
                    ^
core/sync/src/main/kotlin/com/autodrive/app/core/sync/data/DeletionSynchronizer.kt:57:39: error: suspension functions can be called only within coroutine body
                    db.syncInboxDao().markApplied(
                                      ^
core/sync/src/main/kotlin/com/autodrive/app/core/sync/data/DeletionSynchronizer.kt:68:40: error: suspension functions can be called only within coroutine body
                    db.syncCursorDao().upsert(
                                       ^
core/sync/src/main/kotlin/com/autodrive/app/core/sync/data/LegacyRemotePuller.kt:3:8: error: unresolved reference: androidx
import androidx.room.withTransaction
       ^
core/sync/src/main/kotlin/com/autodrive/app/core/sync/data/LegacyRemotePuller.kt:17:8: error: unresolved reference: io
import io.github.jan.supabase.postgrest.postgrest
       ^
core/sync/src/main/kotlin/com/autodrive/app/core/sync/data/LegacyRemotePuller.kt:18:8: error: unresolved reference: io
import io.github.jan.supabase.postgrest.query.Columns
       ^
core/sync/src/main/kotlin/com/autodrive/app/core/sync/data/LegacyRemotePuller.kt:19:14: error: unresolved reference: inject
import javax.inject.Inject
             ^
core/sync/src/main/kotlin/com/autodrive/app/core/sync/data/LegacyRemotePuller.kt:20:14: error: unresolved reference: inject
import javax.inject.Singleton
             ^
core/sync/src/main/kotlin/com/autodrive/app/core/sync/data/LegacyRemotePuller.kt:26:2: error: unresolved reference: Singleton
@Singleton
 ^
core/sync/src/main/kotlin/com/autodrive/app/core/sync/data/LegacyRemotePuller.kt:27:27: error: unresolved reference: Inject
class LegacyRemotePuller @Inject constructor(
                          ^
core/sync/src/main/kotlin/com/autodrive/app/core/sync/data/LegacyRemotePuller.kt:41:25: error: unresolved reference: Columns
                .select(Columns.ALL) { filter { eq("user_id", scope.userId) } }
                        ^
core/sync/src/main/kotlin/com/autodrive/app/core/sync/data/LegacyRemotePuller.kt:41:40: error: unresolved reference. None of the following candidates is applicable because of receiver type mismatch: 
public inline fun <T> Array<out TypeVariable(T)>.filter(predicate: (TypeVariable(T)) -> Boolean): List<TypeVariable(T)> defined in kotlin.collections
public inline fun BooleanArray.filter(predicate: (Boolean) -> Boolean): List<Boolean> defined in kotlin.collections
public inline fun ByteArray.filter(predicate: (Byte) -> Boolean): List<Byte> defined in kotlin.collections
public inline fun CharArray.filter(predicate: (Char) -> Boolean): List<Char> defined in kotlin.collections
public inline fun CharSequence.filter(predicate: (Char) -> Boolean): CharSequence defined in kotlin.text
public inline fun DoubleArray.filter(predicate: (Double) -> Boolean): List<Double> defined in kotlin.collections
public inline fun FloatArray.filter(predicate: (Float) -> Boolean): List<Float> defined in kotlin.collections
public inline fun IntArray.filter(predicate: (Int) -> Boolean): List<Int> defined in kotlin.collections
public inline fun LongArray.filter(predicate: (Long) -> Boolean): List<Long> defined in kotlin.collections
public inline fun ShortArray.filter(predicate: (Short) -> Boolean): List<Short> defined in kotlin.collections
public inline fun String.filter(predicate: (Char) -> Boolean): String defined in kotlin.text
public inline fun UByteArray.filter(predicate: (UByte) -> Boolean): List<UByte> defined in kotlin.collections
public inline fun UIntArray.filter(predicate: (UInt) -> Boolean): List<UInt> defined in kotlin.collections
public inline fun ULongArray.filter(predicate: (ULong) -> Boolean): List<ULong> defined in kotlin.collections
public inline fun UShortArray.filter(predicate: (UShort) -> Boolean): List<UShort> defined in kotlin.collections
public inline fun <T> Iterable<TypeVariable(T)>.filter(predicate: (TypeVariable(T)) -> Boolean): List<TypeVariable(T)> defined in kotlin.collections
public inline fun <K, V> Map<out TypeVariable(K), TypeVariable(V)>.filter(predicate: (Map.Entry<TypeVariable(K), TypeVariable(V)>) -> Boolean): Map<TypeVariable(K), TypeVariable(V)> defined in kotlin.collections
public fun <T> Sequence<TypeVariable(T)>.filter(predicate: (TypeVariable(T)) -> Boolean): Sequence<TypeVariable(T)> defined in kotlin.sequences
                .select(Columns.ALL) { filter { eq("user_id", scope.userId) } }
                                       ^
core/sync/src/main/kotlin/com/autodrive/app/core/sync/data/LegacyRemotePuller.kt:41:49: error: unresolved reference: eq
                .select(Columns.ALL) { filter { eq("user_id", scope.userId) } }
                                                ^
core/sync/src/main/kotlin/com/autodrive/app/core/sync/data/LegacyRemotePuller.kt:54:64: error: unresolved reference: Columns
            val rows = postgrest["commission_payments"].select(Columns.ALL) {
                                                               ^
core/sync/src/main/kotlin/com/autodrive/app/core/sync/data/LegacyRemotePuller.kt:55:17: error: unresolved reference. None of the following candidates is applicable because of receiver type mismatch: 
public inline fun <T> Array<out TypeVariable(T)>.filter(predicate: (TypeVariable(T)) -> Boolean): List<TypeVariable(T)> defined in kotlin.collections
public inline fun BooleanArray.filter(predicate: (Boolean) -> Boolean): List<Boolean> defined in kotlin.collections
public inline fun ByteArray.filter(predicate: (Byte) -> Boolean): List<Byte> defined in kotlin.collections
public inline fun CharArray.filter(predicate: (Char) -> Boolean): List<Char> defined in kotlin.collections
public inline fun CharSequence.filter(predicate: (Char) -> Boolean): CharSequence defined in kotlin.text
public inline fun DoubleArray.filter(predicate: (Double) -> Boolean): List<Double> defined in kotlin.collections
public inline fun FloatArray.filter(predicate: (Float) -> Boolean): List<Float> defined in kotlin.collections
public inline fun IntArray.filter(predicate: (Int) -> Boolean): List<Int> defined in kotlin.collections
public inline fun LongArray.filter(predicate: (Long) -> Boolean): List<Long> defined in kotlin.collections
public inline fun ShortArray.filter(predicate: (Short) -> Boolean): List<Short> defined in kotlin.collections
public inline fun String.filter(predicate: (Char) -> Boolean): String defined in kotlin.text
public inline fun UByteArray.filter(predicate: (UByte) -> Boolean): List<UByte> defined in kotlin.collections
public inline fun UIntArray.filter(predicate: (UInt) -> Boolean): List<UInt> defined in kotlin.collections
public inline fun ULongArray.filter(predicate: (ULong) -> Boolean): List<ULong> defined in kotlin.collections
public inline fun UShortArray.filter(predicate: (UShort) -> Boolean): List<UShort> defined in kotlin.collections
public inline fun <T> Iterable<TypeVariable(T)>.filter(predicate: (TypeVariable(T)) -> Boolean): List<TypeVariable(T)> defined in kotlin.collections
public inline fun <K, V> Map<out TypeVariable(K), TypeVariable(V)>.filter(predicate: (Map.Entry<TypeVariable(K), TypeVariable(V)>) -> Boolean): Map<TypeVariable(K), TypeVariable(V)> defined in kotlin.collections
public fun <T> Sequence<TypeVariable(T)>.filter(predicate: (TypeVariable(T)) -> Boolean): Sequence<TypeVariable(T)> defined in kotlin.sequences
                filter { eq("client_id", scope.clientId) }
                ^
core/sync/src/main/kotlin/com/autodrive/app/core/sync/data/LegacyRemotePuller.kt:55:26: error: unresolved reference: eq
                filter { eq("client_id", scope.clientId) }
                         ^
core/sync/src/main/kotlin/com/autodrive/app/core/sync/data/LegacyRemotePuller.kt:57:18: error: overload resolution ambiguity: 
public inline fun <T> Iterable<TypeVariable(T)>.forEach(action: (TypeVariable(T)) -> Unit): Unit defined in kotlin.collections
public inline fun <K, V> Map<out TypeVariable(K), TypeVariable(V)>.forEach(action: (Map.Entry<TypeVariable(K), TypeVariable(V)>) -> Unit): Unit defined in kotlin.collections
            rows.forEach { guard.requireClient(scope, it.clientId) }
                 ^
core/sync/src/main/kotlin/com/autodrive/app/core/sync/data/LegacyRemotePuller.kt:57:55: error: unresolved reference: it
            rows.forEach { guard.requireClient(scope, it.clientId) }
                                                      ^
core/sync/src/main/kotlin/com/autodrive/app/core/sync/data/LegacyRemotePuller.kt:58:46: error: unresolved reference: it
            val entities = rows.distinctBy { it.id }.map { it.toEntity() }
                                             ^
core/sync/src/main/kotlin/com/autodrive/app/core/sync/data/LegacyRemotePuller.kt:58:60: error: unresolved reference: it
            val entities = rows.distinctBy { it.id }.map { it.toEntity() }
                                                           ^
core/sync/src/main/kotlin/com/autodrive/app/core/sync/data/LegacyRemotePuller.kt:63:60: error: unresolved reference: Columns
            val dto = postgrest["marketer_balance"].select(Columns.ALL) {
                                                           ^
core/sync/src/main/kotlin/com/autodrive/app/core/sync/data/LegacyRemotePuller.kt:64:17: error: unresolved reference. None of the following candidates is applicable because of receiver type mismatch: 
public inline fun <T> Array<out TypeVariable(T)>.filter(predicate: (TypeVariable(T)) -> Boolean): List<TypeVariable(T)> defined in kotlin.collections
public inline fun BooleanArray.filter(predicate: (Boolean) -> Boolean): List<Boolean> defined in kotlin.collections
public inline fun ByteArray.filter(predicate: (Byte) -> Boolean): List<Byte> defined in kotlin.collections
public inline fun CharArray.filter(predicate: (Char) -> Boolean): List<Char> defined in kotlin.collections
public inline fun CharSequence.filter(predicate: (Char) -> Boolean): CharSequence defined in kotlin.text
public inline fun DoubleArray.filter(predicate: (Double) -> Boolean): List<Double> defined in kotlin.collections
public inline fun FloatArray.filter(predicate: (Float) -> Boolean): List<Float> defined in kotlin.collections
public inline fun IntArray.filter(predicate: (Int) -> Boolean): List<Int> defined in kotlin.collections
public inline fun LongArray.filter(predicate: (Long) -> Boolean): List<Long> defined in kotlin.collections
public inline fun ShortArray.filter(predicate: (Short) -> Boolean): List<Short> defined in kotlin.collections
public inline fun String.filter(predicate: (Char) -> Boolean): String defined in kotlin.text
public inline fun UByteArray.filter(predicate: (UByte) -> Boolean): List<UByte> defined in kotlin.collections
public inline fun UIntArray.filter(predicate: (UInt) -> Boolean): List<UInt> defined in kotlin.collections
public inline fun ULongArray.filter(predicate: (ULong) -> Boolean): List<ULong> defined in kotlin.collections
public inline fun UShortArray.filter(predicate: (UShort) -> Boolean): List<UShort> defined in kotlin.collections
public inline fun <T> Iterable<TypeVariable(T)>.filter(predicate: (TypeVariable(T)) -> Boolean): List<TypeVariable(T)> defined in kotlin.collections
public inline fun <K, V> Map<out TypeVariable(K), TypeVariable(V)>.filter(predicate: (Map.Entry<TypeVariable(K), TypeVariable(V)>) -> Boolean): Map<TypeVariable(K), TypeVariable(V)> defined in kotlin.collections
public fun <T> Sequence<TypeVariable(T)>.filter(predicate: (TypeVariable(T)) -> Boolean): Sequence<TypeVariable(T)> defined in kotlin.sequences
                filter { eq("client_id", scope.clientId) }
                ^
core/sync/src/main/kotlin/com/autodrive/app/core/sync/data/LegacyRemotePuller.kt:64:26: error: unresolved reference: eq
                filter { eq("client_id", scope.clientId) }
                         ^
core/sync/src/main/kotlin/com/autodrive/app/core/sync/data/LegacyRemotePuller.kt:65:17: error: unresolved reference: limit
                limit(1)
                ^
core/sync/src/main/kotlin/com/autodrive/app/core/sync/data/LegacyRemotePuller.kt:77:65: error: unresolved reference: Columns
            val rows = postgrest["balance_transactions"].select(Columns.ALL) {
                                                                ^
core/sync/src/main/kotlin/com/autodrive/app/core/sync/data/LegacyRemotePuller.kt:78:17: error: unresolved reference. None of the following candidates is applicable because of receiver type mismatch: 
public inline fun <T> Array<out TypeVariable(T)>.filter(predicate: (TypeVariable(T)) -> Boolean): List<TypeVariable(T)> defined in kotlin.collections
public inline fun BooleanArray.filter(predicate: (Boolean) -> Boolean): List<Boolean> defined in kotlin.collections
public inline fun ByteArray.filter(predicate: (Byte) -> Boolean): List<Byte> defined in kotlin.collections
public inline fun CharArray.filter(predicate: (Char) -> Boolean): List<Char> defined in kotlin.collections
public inline fun CharSequence.filter(predicate: (Char) -> Boolean): CharSequence defined in kotlin.text
public inline fun DoubleArray.filter(predicate: (Double) -> Boolean): List<Double> defined in kotlin.collections
public inline fun FloatArray.filter(predicate: (Float) -> Boolean): List<Float> defined in kotlin.collections
public inline fun IntArray.filter(predicate: (Int) -> Boolean): List<Int> defined in kotlin.collections
public inline fun LongArray.filter(predicate: (Long) -> Boolean): List<Long> defined in kotlin.collections
public inline fun ShortArray.filter(predicate: (Short) -> Boolean): List<Short> defined in kotlin.collections
public inline fun String.filter(predicate: (Char) -> Boolean): String defined in kotlin.text
public inline fun UByteArray.filter(predicate: (UByte) -> Boolean): List<UByte> defined in kotlin.collections
public inline fun UIntArray.filter(predicate: (UInt) -> Boolean): List<UInt> defined in kotlin.collections
public inline fun ULongArray.filter(predicate: (ULong) -> Boolean): List<ULong> defined in kotlin.collections
public inline fun UShortArray.filter(predicate: (UShort) -> Boolean): List<UShort> defined in kotlin.collections
public inline fun <T> Iterable<TypeVariable(T)>.filter(predicate: (TypeVariable(T)) -> Boolean): List<TypeVariable(T)> defined in kotlin.collections
public inline fun <K, V> Map<out TypeVariable(K), TypeVariable(V)>.filter(predicate: (Map.Entry<TypeVariable(K), TypeVariable(V)>) -> Boolean): Map<TypeVariable(K), TypeVariable(V)> defined in kotlin.collections
public fun <T> Sequence<TypeVariable(T)>.filter(predicate: (TypeVariable(T)) -> Boolean): Sequence<TypeVariable(T)> defined in kotlin.sequences
                filter { eq("client_id", scope.clientId) }
                ^
core/sync/src/main/kotlin/com/autodrive/app/core/sync/data/LegacyRemotePuller.kt:78:26: error: unresolved reference: eq
                filter { eq("client_id", scope.clientId) }
                         ^
core/sync/src/main/kotlin/com/autodrive/app/core/sync/data/LegacyRemotePuller.kt:79:17: error: unresolved reference: order
                order("created_at", Order.DESCENDING)
                ^
core/sync/src/main/kotlin/com/autodrive/app/core/sync/data/LegacyRemotePuller.kt:79:37: error: unresolved reference: Order
                order("created_at", Order.DESCENDING)
                                    ^
core/sync/src/main/kotlin/com/autodrive/app/core/sync/data/LegacyRemotePuller.kt:80:17: error: unresolved reference: limit
                limit(50)
                ^
core/sync/src/main/kotlin/com/autodrive/app/core/sync/data/LegacyRemotePuller.kt:83:48: error: unresolved reference: it
                val merged = rows.distinctBy { it.id }.map { guard.balanceTransaction(scope, it) }
                                               ^
core/sync/src/main/kotlin/com/autodrive/app/core/sync/data/LegacyRemotePuller.kt:83:68: error: suspension functions can be called only within coroutine body
                val merged = rows.distinctBy { it.id }.map { guard.balanceTransaction(scope, it) }
                                                                   ^
core/sync/src/main/kotlin/com/autodrive/app/core/sync/data/LegacyRemotePuller.kt:83:94: error: unresolved reference: it
                val merged = rows.distinctBy { it.id }.map { guard.balanceTransaction(scope, it) }
                                                                                             ^
core/sync/src/main/kotlin/com/autodrive/app/core/sync/data/LegacyRemotePuller.kt:89:64: error: unresolved reference: Columns
            val rows = postgrest["withdrawal_requests"].select(Columns.ALL) {
                                                               ^
core/sync/src/main/kotlin/com/autodrive/app/core/sync/data/LegacyRemotePuller.kt:90:17: error: unresolved reference. None of the following candidates is applicable because of receiver type mismatch: 
public inline fun <T> Array<out TypeVariable(T)>.filter(predicate: (TypeVariable(T)) -> Boolean): List<TypeVariable(T)> defined in kotlin.collections
public inline fun BooleanArray.filter(predicate: (Boolean) -> Boolean): List<Boolean> defined in kotlin.collections
public inline fun ByteArray.filter(predicate: (Byte) -> Boolean): List<Byte> defined in kotlin.collections
public inline fun CharArray.filter(predicate: (Char) -> Boolean): List<Char> defined in kotlin.collections
public inline fun CharSequence.filter(predicate: (Char) -> Boolean): CharSequence defined in kotlin.text
public inline fun DoubleArray.filter(predicate: (Double) -> Boolean): List<Double> defined in kotlin.collections
public inline fun FloatArray.filter(predicate: (Float) -> Boolean): List<Float> defined in kotlin.collections
public inline fun IntArray.filter(predicate: (Int) -> Boolean): List<Int> defined in kotlin.collections
public inline fun LongArray.filter(predicate: (Long) -> Boolean): List<Long> defined in kotlin.collections
public inline fun ShortArray.filter(predicate: (Short) -> Boolean): List<Short> defined in kotlin.collections
public inline fun String.filter(predicate: (Char) -> Boolean): String defined in kotlin.text
public inline fun UByteArray.filter(predicate: (UByte) -> Boolean): List<UByte> defined in kotlin.collections
public inline fun UIntArray.filter(predicate: (UInt) -> Boolean): List<UInt> defined in kotlin.collections
public inline fun ULongArray.filter(predicate: (ULong) -> Boolean): List<ULong> defined in kotlin.collections
public inline fun UShortArray.filter(predicate: (UShort) -> Boolean): List<UShort> defined in kotlin.collections
public inline fun <T> Iterable<TypeVariable(T)>.filter(predicate: (TypeVariable(T)) -> Boolean): List<TypeVariable(T)> defined in kotlin.collections
public inline fun <K, V> Map<out TypeVariable(K), TypeVariable(V)>.filter(predicate: (Map.Entry<TypeVariable(K), TypeVariable(V)>) -> Boolean): Map<TypeVariable(K), TypeVariable(V)> defined in kotlin.collections
public fun <T> Sequence<TypeVariable(T)>.filter(predicate: (TypeVariable(T)) -> Boolean): Sequence<TypeVariable(T)> defined in kotlin.sequences
                filter { eq("client_id", scope.clientId) }
                ^
core/sync/src/main/kotlin/com/autodrive/app/core/sync/data/LegacyRemotePuller.kt:90:26: error: unresolved reference: eq
                filter { eq("client_id", scope.clientId) }
                         ^
core/sync/src/main/kotlin/com/autodrive/app/core/sync/data/LegacyRemotePuller.kt:91:17: error: unresolved reference: order
                order("requested_at", Order.DESCENDING)
                ^
core/sync/src/main/kotlin/com/autodrive/app/core/sync/data/LegacyRemotePuller.kt:91:39: error: unresolved reference: Order
                order("requested_at", Order.DESCENDING)
                                      ^
core/sync/src/main/kotlin/com/autodrive/app/core/sync/data/LegacyRemotePuller.kt:92:17: error: unresolved reference: limit
                limit(20)
                ^
core/sync/src/main/kotlin/com/autodrive/app/core/sync/data/LegacyRemotePuller.kt:95:49: error: unresolved reference: it
                val pending = rows.distinctBy { it.id }.mapNotNull { guard.withdrawal(scope, it) }
                                                ^
core/sync/src/main/kotlin/com/autodrive/app/core/sync/data/LegacyRemotePuller.kt:95:76: error: suspension functions can be called only within coroutine body
                val pending = rows.distinctBy { it.id }.mapNotNull { guard.withdrawal(scope, it) }
                                                                           ^
core/sync/src/main/kotlin/com/autodrive/app/core/sync/data/LegacyRemotePuller.kt:95:94: error: unresolved reference: it
                val pending = rows.distinctBy { it.id }.mapNotNull { guard.withdrawal(scope, it) }
                                                                                             ^
core/sync/src/main/kotlin/com/autodrive/app/core/sync/data/LegacyRemotePuller.kt:101:58: error: unresolved reference: Columns
            val rows = postgrest["notifications"].select(Columns.ALL) {
                                                         ^
core/sync/src/main/kotlin/com/autodrive/app/core/sync/data/LegacyRemotePuller.kt:102:17: error: unresolved reference. None of the following candidates is applicable because of receiver type mismatch: 
public inline fun <T> Array<out TypeVariable(T)>.filter(predicate: (TypeVariable(T)) -> Boolean): List<TypeVariable(T)> defined in kotlin.collections
public inline fun BooleanArray.filter(predicate: (Boolean) -> Boolean): List<Boolean> defined in kotlin.collections
public inline fun ByteArray.filter(predicate: (Byte) -> Boolean): List<Byte> defined in kotlin.collections
public inline fun CharArray.filter(predicate: (Char) -> Boolean): List<Char> defined in kotlin.collections
public inline fun CharSequence.filter(predicate: (Char) -> Boolean): CharSequence defined in kotlin.text
public inline fun DoubleArray.filter(predicate: (Double) -> Boolean): List<Double> defined in kotlin.collections
public inline fun FloatArray.filter(predicate: (Float) -> Boolean): List<Float> defined in kotlin.collections
public inline fun IntArray.filter(predicate: (Int) -> Boolean): List<Int> defined in kotlin.collections
public inline fun LongArray.filter(predicate: (Long) -> Boolean): List<Long> defined in kotlin.collections
public inline fun ShortArray.filter(predicate: (Short) -> Boolean): List<Short> defined in kotlin.collections
public inline fun String.filter(predicate: (Char) -> Boolean): String defined in kotlin.text
public inline fun UByteArray.filter(predicate: (UByte) -> Boolean): List<UByte> defined in kotlin.collections
public inline fun UIntArray.filter(predicate: (UInt) -> Boolean): List<UInt> defined in kotlin.collections
public inline fun ULongArray.filter(predicate: (ULong) -> Boolean): List<ULong> defined in kotlin.collections
public inline fun UShortArray.filter(predicate: (UShort) -> Boolean): List<UShort> defined in kotlin.collections
public inline fun <T> Iterable<TypeVariable(T)>.filter(predicate: (TypeVariable(T)) -> Boolean): List<TypeVariable(T)> defined in kotlin.collections
public inline fun <K, V> Map<out TypeVariable(K), TypeVariable(V)>.filter(predicate: (Map.Entry<TypeVariable(K), TypeVariable(V)>) -> Boolean): Map<TypeVariable(K), TypeVariable(V)> defined in kotlin.collections
public fun <T> Sequence<TypeVariable(T)>.filter(predicate: (TypeVariable(T)) -> Boolean): Sequence<TypeVariable(T)> defined in kotlin.sequences
                filter { eq("user_id", scope.userId) }
                ^
core/sync/src/main/kotlin/com/autodrive/app/core/sync/data/LegacyRemotePuller.kt:102:26: error: unresolved reference: eq
                filter { eq("user_id", scope.userId) }
                         ^
core/sync/src/main/kotlin/com/autodrive/app/core/sync/data/LegacyRemotePuller.kt:103:17: error: unresolved reference: order
                order("created_at", Order.DESCENDING)
                ^
core/sync/src/main/kotlin/com/autodrive/app/core/sync/data/LegacyRemotePuller.kt:103:37: error: unresolved reference: Order
                order("created_at", Order.DESCENDING)
                                    ^
core/sync/src/main/kotlin/com/autodrive/app/core/sync/data/LegacyRemotePuller.kt:104:17: error: unresolved reference: limit
                limit(50)
                ^
core/sync/src/main/kotlin/com/autodrive/app/core/sync/data/LegacyRemotePuller.kt:107:48: error: unresolved reference: it
                val merged = rows.distinctBy { it.id }.map { guard.notification(scope, it) }
                                               ^
core/sync/src/main/kotlin/com/autodrive/app/core/sync/data/LegacyRemotePuller.kt:107:68: error: suspension functions can be called only within coroutine body
                val merged = rows.distinctBy { it.id }.map { guard.notification(scope, it) }
                                                                   ^
core/sync/src/main/kotlin/com/autodrive/app/core/sync/data/LegacyRemotePuller.kt:107:88: error: unresolved reference: it
                val merged = rows.distinctBy { it.id }.map { guard.notification(scope, it) }
                                                                                       ^
core/sync/src/main/kotlin/com/autodrive/app/core/sync/data/LegacyRemotePuller.kt:118:53: error: unresolved reference: Columns
        val invoices = postgrest["invoices"].select(Columns.ALL) {
                                                    ^
core/sync/src/main/kotlin/com/autodrive/app/core/sync/data/LegacyRemotePuller.kt:119:13: error: unresolved reference. None of the following candidates is applicable because of receiver type mismatch: 
public inline fun <T> Array<out TypeVariable(T)>.filter(predicate: (TypeVariable(T)) -> Boolean): List<TypeVariable(T)> defined in kotlin.collections
public inline fun BooleanArray.filter(predicate: (Boolean) -> Boolean): List<Boolean> defined in kotlin.collections
public inline fun ByteArray.filter(predicate: (Byte) -> Boolean): List<Byte> defined in kotlin.collections
public inline fun CharArray.filter(predicate: (Char) -> Boolean): List<Char> defined in kotlin.collections
public inline fun CharSequence.filter(predicate: (Char) -> Boolean): CharSequence defined in kotlin.text
public inline fun DoubleArray.filter(predicate: (Double) -> Boolean): List<Double> defined in kotlin.collections
public inline fun FloatArray.filter(predicate: (Float) -> Boolean): List<Float> defined in kotlin.collections
public inline fun IntArray.filter(predicate: (Int) -> Boolean): List<Int> defined in kotlin.collections
public inline fun LongArray.filter(predicate: (Long) -> Boolean): List<Long> defined in kotlin.collections
public inline fun ShortArray.filter(predicate: (Short) -> Boolean): List<Short> defined in kotlin.collections
public inline fun String.filter(predicate: (Char) -> Boolean): String defined in kotlin.text
public inline fun UByteArray.filter(predicate: (UByte) -> Boolean): List<UByte> defined in kotlin.collections
public inline fun UIntArray.filter(predicate: (UInt) -> Boolean): List<UInt> defined in kotlin.collections
public inline fun ULongArray.filter(predicate: (ULong) -> Boolean): List<ULong> defined in kotlin.collections
public inline fun UShortArray.filter(predicate: (UShort) -> Boolean): List<UShort> defined in kotlin.collections
public inline fun <T> Iterable<TypeVariable(T)>.filter(predicate: (TypeVariable(T)) -> Boolean): List<TypeVariable(T)> defined in kotlin.collections
public inline fun <K, V> Map<out TypeVariable(K), TypeVariable(V)>.filter(predicate: (Map.Entry<TypeVariable(K), TypeVariable(V)>) -> Boolean): Map<TypeVariable(K), TypeVariable(V)> defined in kotlin.collections
public fun <T> Sequence<TypeVariable(T)>.filter(predicate: (TypeVariable(T)) -> Boolean): Sequence<TypeVariable(T)> defined in kotlin.sequences
            filter {
            ^
core/sync/src/main/kotlin/com/autodrive/app/core/sync/data/LegacyRemotePuller.kt:120:17: error: unresolved reference: eq
                eq("client_id", scope.clientId)
                ^
core/sync/src/main/kotlin/com/autodrive/app/core/sync/data/LegacyRemotePuller.kt:121:17: error: unresolved reference: eq
                eq("category", "SALE")
                ^
core/sync/src/main/kotlin/com/autodrive/app/core/sync/data/LegacyRemotePuller.kt:122:17: error: unresolved reference: gt
                gt("commission", 0)
                ^
core/sync/src/main/kotlin/com/autodrive/app/core/sync/data/LegacyRemotePuller.kt:125:18: error: overload resolution ambiguity: 
public inline fun <T> Iterable<TypeVariable(T)>.forEach(action: (TypeVariable(T)) -> Unit): Unit defined in kotlin.collections
public inline fun <K, V> Map<out TypeVariable(K), TypeVariable(V)>.forEach(action: (Map.Entry<TypeVariable(K), TypeVariable(V)>) -> Unit): Unit defined in kotlin.collections
        invoices.forEach { guard.requireClient(scope, it.clientId) }
                 ^
core/sync/src/main/kotlin/com/autodrive/app/core/sync/data/LegacyRemotePuller.kt:125:55: error: unresolved reference: it
        invoices.forEach { guard.requireClient(scope, it.clientId) }
                                                      ^
core/sync/src/main/kotlin/com/autodrive/app/core/sync/data/LegacyRemotePuller.kt:128:53: error: unresolved reference: Columns
        val payments = postgrest["payments"].select(Columns.ALL) {
                                                    ^
core/sync/src/main/kotlin/com/autodrive/app/core/sync/data/LegacyRemotePuller.kt:129:13: error: unresolved reference. None of the following candidates is applicable because of receiver type mismatch: 
public inline fun <T> Array<out TypeVariable(T)>.filter(predicate: (TypeVariable(T)) -> Boolean): List<TypeVariable(T)> defined in kotlin.collections
public inline fun BooleanArray.filter(predicate: (Boolean) -> Boolean): List<Boolean> defined in kotlin.collections
public inline fun ByteArray.filter(predicate: (Byte) -> Boolean): List<Byte> defined in kotlin.collections
public inline fun CharArray.filter(predicate: (Char) -> Boolean): List<Char> defined in kotlin.collections
public inline fun CharSequence.filter(predicate: (Char) -> Boolean): CharSequence defined in kotlin.text
public inline fun DoubleArray.filter(predicate: (Double) -> Boolean): List<Double> defined in kotlin.collections
public inline fun FloatArray.filter(predicate: (Float) -> Boolean): List<Float> defined in kotlin.collections
public inline fun IntArray.filter(predicate: (Int) -> Boolean): List<Int> defined in kotlin.collections
public inline fun LongArray.filter(predicate: (Long) -> Boolean): List<Long> defined in kotlin.collections
public inline fun ShortArray.filter(predicate: (Short) -> Boolean): List<Short> defined in kotlin.collections
public inline fun String.filter(predicate: (Char) -> Boolean): String defined in kotlin.text
public inline fun UByteArray.filter(predicate: (UByte) -> Boolean): List<UByte> defined in kotlin.collections
public inline fun UIntArray.filter(predicate: (UInt) -> Boolean): List<UInt> defined in kotlin.collections
public inline fun ULongArray.filter(predicate: (ULong) -> Boolean): List<ULong> defined in kotlin.collections
public inline fun UShortArray.filter(predicate: (UShort) -> Boolean): List<UShort> defined in kotlin.collections
public inline fun <T> Iterable<TypeVariable(T)>.filter(predicate: (TypeVariable(T)) -> Boolean): List<TypeVariable(T)> defined in kotlin.collections
public inline fun <K, V> Map<out TypeVariable(K), TypeVariable(V)>.filter(predicate: (Map.Entry<TypeVariable(K), TypeVariable(V)>) -> Boolean): Map<TypeVariable(K), TypeVariable(V)> defined in kotlin.collections
public fun <T> Sequence<TypeVariable(T)>.filter(predicate: (TypeVariable(T)) -> Boolean): Sequence<TypeVariable(T)> defined in kotlin.sequences
            filter { eq("client_id", scope.clientId) }
            ^
core/sync/src/main/kotlin/com/autodrive/app/core/sync/data/LegacyRemotePuller.kt:129:22: error: unresolved reference: eq
            filter { eq("client_id", scope.clientId) }
                     ^
core/sync/src/main/kotlin/com/autodrive/app/core/sync/data/LegacyRemotePuller.kt:131:18: error: overload resolution ambiguity: 
public inline fun <T> Iterable<TypeVariable(T)>.forEach(action: (TypeVariable(T)) -> Unit): Unit defined in kotlin.collections
public inline fun <K, V> Map<out TypeVariable(K), TypeVariable(V)>.forEach(action: (Map.Entry<TypeVariable(K), TypeVariable(V)>) -> Unit): Unit defined in kotlin.collections
        payments.forEach { guard.requireClient(scope, it.clientId) }
                 ^
core/sync/src/main/kotlin/com/autodrive/app/core/sync/data/LegacyRemotePuller.kt:131:55: error: unresolved reference: it
        payments.forEach { guard.requireClient(scope, it.clientId) }
                                                      ^
core/sync/src/main/kotlin/com/autodrive/app/core/sync/data/LegacyRemotePuller.kt:133:53: error: unresolved reference: it
        val invoiceEntities = invoices.distinctBy { it.id }.map { it.toEntity() }
                                                    ^
core/sync/src/main/kotlin/com/autodrive/app/core/sync/data/LegacyRemotePuller.kt:133:67: error: unresolved reference: it
        val invoiceEntities = invoices.distinctBy { it.id }.map { it.toEntity() }
                                                                  ^
core/sync/src/main/kotlin/com/autodrive/app/core/sync/data/LegacyRemotePuller.kt:134:53: error: unresolved reference: it
        val paymentEntities = payments.distinctBy { it.id }.map { it.toEntity() }
                                                    ^
core/sync/src/main/kotlin/com/autodrive/app/core/sync/data/LegacyRemotePuller.kt:134:67: error: unresolved reference: it
        val paymentEntities = payments.distinctBy { it.id }.map { it.toEntity() }
                                                                  ^
core/sync/src/main/kotlin/com/autodrive/app/core/sync/data/LegacyRemotePuller.kt:145:12: error: unresolved reference: withTransaction
        db.withTransaction {
           ^
core/sync/src/main/kotlin/com/autodrive/app/core/sync/data/LegacyRemotePuller.kt:147:13: error: suspension functions can be called only within coroutine body
            block()
            ^
core/sync/src/main/kotlin/com/autodrive/app/core/sync/data/LocalDataCleaner.kt:3:8: error: unresolved reference: androidx
import androidx.room.withTransaction
       ^
core/sync/src/main/kotlin/com/autodrive/app/core/sync/data/LocalDataCleaner.kt:6:14: error: unresolved reference: inject
import javax.inject.Inject
             ^
core/sync/src/main/kotlin/com/autodrive/app/core/sync/data/LocalDataCleaner.kt:7:14: error: unresolved reference: inject
import javax.inject.Singleton
             ^
core/sync/src/main/kotlin/com/autodrive/app/core/sync/data/LocalDataCleaner.kt:9:2: error: unresolved reference: Singleton
@Singleton
 ^
core/sync/src/main/kotlin/com/autodrive/app/core/sync/data/LocalDataCleaner.kt:10:25: error: unresolved reference: Inject
class LocalDataCleaner @Inject constructor(
                        ^
core/sync/src/main/kotlin/com/autodrive/app/core/sync/data/LocalDataCleaner.kt:18:12: error: unresolved reference: withTransaction
        db.withTransaction {
           ^
core/sync/src/main/kotlin/com/autodrive/app/core/sync/data/LocalDataCleaner.kt:19:29: error: suspension functions can be called only within coroutine body
            db.paymentDao().deleteByClientId(scope.clientId)
                            ^
core/sync/src/main/kotlin/com/autodrive/app/core/sync/data/LocalDataCleaner.kt:20:29: error: suspension functions can be called only within coroutine body
            db.invoiceDao().deleteByClientId(scope.clientId)
                            ^
core/sync/src/main/kotlin/com/autodrive/app/core/sync/data/LocalDataCleaner.kt:21:39: error: suspension functions can be called only within coroutine body
            db.commissionPaymentDao().deleteByClientId(scope.clientId)
                                      ^
core/sync/src/main/kotlin/com/autodrive/app/core/sync/data/LocalDataCleaner.kt:23:37: error: suspension functions can be called only within coroutine body
            db.marketerBalanceDao().deleteByUserId(scope.userId)
                                    ^
core/sync/src/main/kotlin/com/autodrive/app/core/sync/data/LocalDataCleaner.kt:24:40: error: suspension functions can be called only within coroutine body
            db.balanceTransactionDao().deleteByUserId(scope.userId)
                                       ^
core/sync/src/main/kotlin/com/autodrive/app/core/sync/data/LocalDataCleaner.kt:25:39: error: suspension functions can be called only within coroutine body
            db.withdrawalRequestDao().deleteByUserId(scope.userId)
                                      ^
core/sync/src/main/kotlin/com/autodrive/app/core/sync/data/LocalDataCleaner.kt:26:34: error: suspension functions can be called only within coroutine body
            db.notificationDao().deleteByUserId(scope.userId)
                                 ^
core/sync/src/main/kotlin/com/autodrive/app/core/sync/data/LocalDataCleaner.kt:28:56: error: suspension functions can be called only within coroutine body
            val conversationIds = db.conversationDao().getAllByMarketer(scope.userId).map { it.id }
                                                       ^
core/sync/src/main/kotlin/com/autodrive/app/core/sync/data/LocalDataCleaner.kt:30:37: error: suspension functions can be called only within coroutine body
                db.chatMessageDao().deleteByConversationIds(conversationIds)
                                    ^
core/sync/src/main/kotlin/com/autodrive/app/core/sync/data/LocalDataCleaner.kt:32:34: error: suspension functions can be called only within coroutine body
            db.conversationDao().deleteByMarketer(scope.userId)
                                 ^
core/sync/src/main/kotlin/com/autodrive/app/core/sync/data/LocalDataCleaner.kt:35:38: error: suspension functions can be called only within coroutine body
            db.pendingOperationDao().deleteForScope(scope.userId, scope.clientId, scope.orgId)
                                     ^
core/sync/src/main/kotlin/com/autodrive/app/core/sync/data/LocalDataCleaner.kt:36:32: error: suspension functions can be called only within coroutine body
            db.syncCursorDao().deleteForScope(scope.userId, scope.clientId, scope.orgId)
                               ^
core/sync/src/main/kotlin/com/autodrive/app/core/sync/data/LocalDataCleaner.kt:37:31: error: suspension functions can be called only within coroutine body
            db.syncInboxDao().deleteForScope(scope.userId, scope.clientId, scope.orgId)
                              ^
core/sync/src/main/kotlin/com/autodrive/app/core/sync/data/LocalDataCleaner.kt:38:44: error: suspension functions can be called only within coroutine body
            db.chatRecoveryCheckpointDao().deleteForScope(scope.userId, scope.clientId, scope.orgId)
                                           ^
core/sync/src/main/kotlin/com/autodrive/app/core/sync/data/LocalDataCleaner.kt:39:39: error: suspension functions can be called only within coroutine body
            db.chatMediaTransferDao().deleteForScope(scope.userId, scope.clientId, scope.orgId)
                                      ^
core/sync/src/main/kotlin/com/autodrive/app/core/sync/data/LocalDataCleaner.kt:40:35: error: suspension functions can be called only within coroutine body
            db.syncBootstrapDao().deleteStagingForScope(scope.userId, scope.clientId, scope.orgId)
                                  ^
core/sync/src/main/kotlin/com/autodrive/app/core/sync/data/LocalDataCleaner.kt:41:35: error: suspension functions can be called only within coroutine body
            db.syncBootstrapDao().deleteStateForScope(scope.userId, scope.clientId, scope.orgId)
                                  ^
core/sync/src/main/kotlin/com/autodrive/app/core/sync/data/LocalDataCleaner.kt:42:45: error: suspension functions can be called only within coroutine body
            db.syncReconciliationStateDao().deleteForScope(scope.userId, scope.clientId, scope.orgId)
                                            ^
core/sync/src/main/kotlin/com/autodrive/app/core/sync/data/LocalDataCleaner.kt:43:39: error: suspension functions can be called only within coroutine body
            db.syncObservabilityDao().deleteForScope(scope.userId, scope.clientId, scope.orgId)
                                      ^
core/sync/src/main/kotlin/com/autodrive/app/core/sync/data/LocalDataCleaner.kt:44:35: error: suspension functions can be called only within coroutine body
            db.autoDriveUserDao().deleteByUserId(scope.userId)
                                  ^
core/sync/src/main/kotlin/com/autodrive/app/core/sync/data/LocalDataCleaner.kt:47:39: error: suspension functions can be called only within coroutine body
            db.weeklyLeaderboardDao().clear()
                                      ^
core/sync/src/main/kotlin/com/autodrive/app/core/sync/data/NetworkMonitor.kt:3:8: error: unresolved reference: android
import android.content.Context
       ^
core/sync/src/main/kotlin/com/autodrive/app/core/sync/data/NetworkMonitor.kt:4:8: error: unresolved reference: android
import android.net.ConnectivityManager
       ^
core/sync/src/main/kotlin/com/autodrive/app/core/sync/data/NetworkMonitor.kt:5:8: error: unresolved reference: android
import android.net.Network
       ^
core/sync/src/main/kotlin/com/autodrive/app/core/sync/data/NetworkMonitor.kt:6:8: error: unresolved reference: android
import android.net.NetworkCapabilities
       ^
core/sync/src/main/kotlin/com/autodrive/app/core/sync/data/NetworkMonitor.kt:7:8: error: unresolved reference: android
import android.net.NetworkRequest
       ^
core/sync/src/main/kotlin/com/autodrive/app/core/sync/data/NetworkMonitor.kt:9:8: error: unresolved reference: dagger
import dagger.hilt.android.qualifiers.ApplicationContext
       ^
core/sync/src/main/kotlin/com/autodrive/app/core/sync/data/NetworkMonitor.kt:10:8: error: unresolved reference: kotlinx
import kotlinx.coroutines.channels.awaitClose
       ^
core/sync/src/main/kotlin/com/autodrive/app/core/sync/data/NetworkMonitor.kt:11:8: error: unresolved reference: kotlinx
import kotlinx.coroutines.flow.Flow
       ^
core/sync/src/main/kotlin/com/autodrive/app/core/sync/data/NetworkMonitor.kt:12:8: error: unresolved reference: kotlinx
import kotlinx.coroutines.flow.callbackFlow
       ^
core/sync/src/main/kotlin/com/autodrive/app/core/sync/data/NetworkMonitor.kt:13:8: error: unresolved reference: kotlinx
import kotlinx.coroutines.flow.distinctUntilChanged
       ^
core/sync/src/main/kotlin/com/autodrive/app/core/sync/data/NetworkMonitor.kt:14:14: error: unresolved reference: inject
import javax.inject.Inject
             ^
core/sync/src/main/kotlin/com/autodrive/app/core/sync/data/NetworkMonitor.kt:15:14: error: unresolved reference: inject
import javax.inject.Singleton
             ^
core/sync/src/main/kotlin/com/autodrive/app/core/sync/data/NetworkMonitor.kt:17:2: error: unresolved reference: Singleton
@Singleton
 ^
core/sync/src/main/kotlin/com/autodrive/app/core/sync/data/NetworkMonitor.kt:18:23: error: unresolved reference: Inject
class NetworkMonitor @Inject constructor(
                      ^
core/sync/src/main/kotlin/com/autodrive/app/core/sync/data/NetworkMonitor.kt:19:6: error: unresolved reference: ApplicationContext
    @ApplicationContext private val context: Context
     ^
core/sync/src/main/kotlin/com/autodrive/app/core/sync/data/NetworkMonitor.kt:19:46: error: unresolved reference: Context
    @ApplicationContext private val context: Context
                                             ^
core/sync/src/main/kotlin/com/autodrive/app/core/sync/data/NetworkMonitor.kt:21:47: error: unresolved reference: Context
    private val cm = context.getSystemService(Context.CONNECTIVITY_SERVICE) as ConnectivityManager
                                              ^
core/sync/src/main/kotlin/com/autodrive/app/core/sync/data/NetworkMonitor.kt:21:80: error: unresolved reference: ConnectivityManager
    private val cm = context.getSystemService(Context.CONNECTIVITY_SERVICE) as ConnectivityManager
                                                                               ^
core/sync/src/main/kotlin/com/autodrive/app/core/sync/data/NetworkMonitor.kt:23:31: error: unresolved reference: Flow
    override val isConnected: Flow<Boolean> = callbackFlow {
                              ^
core/sync/src/main/kotlin/com/autodrive/app/core/sync/data/NetworkMonitor.kt:23:47: error: unresolved reference: callbackFlow
    override val isConnected: Flow<Boolean> = callbackFlow {
                                              ^
core/sync/src/main/kotlin/com/autodrive/app/core/sync/data/NetworkMonitor.kt:24:33: error: unresolved reference: ConnectivityManager
        val callback = object : ConnectivityManager.NetworkCallback() {
                                ^
core/sync/src/main/kotlin/com/autodrive/app/core/sync/data/NetworkMonitor.kt:25:13: error: 'onAvailable' overrides nothing
            override fun onAvailable(network: Network) { trySend(true) }
            ^
core/sync/src/main/kotlin/com/autodrive/app/core/sync/data/NetworkMonitor.kt:25:47: error: unresolved reference: Network
            override fun onAvailable(network: Network) { trySend(true) }
                                              ^
core/sync/src/main/kotlin/com/autodrive/app/core/sync/data/NetworkMonitor.kt:25:58: error: unresolved reference: trySend
            override fun onAvailable(network: Network) { trySend(true) }
                                                         ^
core/sync/src/main/kotlin/com/autodrive/app/core/sync/data/NetworkMonitor.kt:26:13: error: 'onLost' overrides nothing
            override fun onLost(network: Network)      { trySend(hasActiveNetwork()) }
            ^
core/sync/src/main/kotlin/com/autodrive/app/core/sync/data/NetworkMonitor.kt:26:42: error: unresolved reference: Network
            override fun onLost(network: Network)      { trySend(hasActiveNetwork()) }
                                         ^
core/sync/src/main/kotlin/com/autodrive/app/core/sync/data/NetworkMonitor.kt:26:58: error: unresolved reference: trySend
            override fun onLost(network: Network)      { trySend(hasActiveNetwork()) }
                                                         ^
core/sync/src/main/kotlin/com/autodrive/app/core/sync/data/NetworkMonitor.kt:27:13: error: 'onUnavailable' overrides nothing
            override fun onUnavailable()               { trySend(false) }
            ^
core/sync/src/main/kotlin/com/autodrive/app/core/sync/data/NetworkMonitor.kt:27:58: error: unresolved reference: trySend
            override fun onUnavailable()               { trySend(false) }
                                                         ^
core/sync/src/main/kotlin/com/autodrive/app/core/sync/data/NetworkMonitor.kt:29:23: error: unresolved reference: NetworkRequest
        val request = NetworkRequest.Builder()
                      ^
core/sync/src/main/kotlin/com/autodrive/app/core/sync/data/NetworkMonitor.kt:30:28: error: unresolved reference: NetworkCapabilities
            .addCapability(NetworkCapabilities.NET_CAPABILITY_INTERNET)
                           ^
core/sync/src/main/kotlin/com/autodrive/app/core/sync/data/NetworkMonitor.kt:34:9: error: unresolved reference: trySend
        trySend(hasActiveNetwork())
        ^
core/sync/src/main/kotlin/com/autodrive/app/core/sync/data/NetworkMonitor.kt:35:9: error: unresolved reference: awaitClose
        awaitClose { cm.unregisterNetworkCallback(callback) }
        ^
core/sync/src/main/kotlin/com/autodrive/app/core/sync/data/NetworkMonitor.kt:43:21: error: unresolved reference: hasCapability
        return caps.hasCapability(NetworkCapabilities.NET_CAPABILITY_INTERNET)
                    ^
core/sync/src/main/kotlin/com/autodrive/app/core/sync/data/NetworkMonitor.kt:43:35: error: unresolved reference: NetworkCapabilities
        return caps.hasCapability(NetworkCapabilities.NET_CAPABILITY_INTERNET)
                                  ^
core/sync/src/main/kotlin/com/autodrive/app/core/sync/data/OutboxSynchronizer.kt:3:8: error: unresolved reference: androidx
import androidx.room.withTransaction
       ^
core/sync/src/main/kotlin/com/autodrive/app/core/sync/data/OutboxSynchronizer.kt:34:14: error: unresolved reference: inject
import javax.inject.Inject
             ^
core/sync/src/main/kotlin/com/autodrive/app/core/sync/data/OutboxSynchronizer.kt:35:14: error: unresolved reference: inject
import javax.inject.Singleton
             ^
core/sync/src/main/kotlin/com/autodrive/app/core/sync/data/OutboxSynchronizer.kt:36:8: error: unresolved reference: kotlinx
import kotlinx.serialization.json.Json
       ^
core/sync/src/main/kotlin/com/autodrive/app/core/sync/data/OutboxSynchronizer.kt:40:2: error: unresolved reference: Singleton
@Singleton
 ^
core/sync/src/main/kotlin/com/autodrive/app/core/sync/data/OutboxSynchronizer.kt:41:27: error: unresolved reference: Inject
class OutboxSynchronizer @Inject constructor(
                          ^
core/sync/src/main/kotlin/com/autodrive/app/core/sync/data/OutboxSynchronizer.kt:49:24: error: unresolved reference: Json
    private val json = Json { ignoreUnknownKeys = true; coerceInputValues = true }
                       ^
core/sync/src/main/kotlin/com/autodrive/app/core/sync/data/OutboxSynchronizer.kt:49:31: error: unresolved reference: ignoreUnknownKeys
    private val json = Json { ignoreUnknownKeys = true; coerceInputValues = true }
                              ^
core/sync/src/main/kotlin/com/autodrive/app/core/sync/data/OutboxSynchronizer.kt:49:57: error: unresolved reference: coerceInputValues
    private val json = Json { ignoreUnknownKeys = true; coerceInputValues = true }
                                                        ^
core/sync/src/main/kotlin/com/autodrive/app/core/sync/data/OutboxSynchronizer.kt:265:12: error: unresolved reference: withTransaction
        db.withTransaction {
           ^
core/sync/src/main/kotlin/com/autodrive/app/core/sync/data/OutboxSynchronizer.kt:269:58: error: suspension functions can be called only within coroutine body
                    val newer = db.pendingOperationDao().countOtherActiveForEntity(
                                                         ^
core/sync/src/main/kotlin/com/autodrive/app/core/sync/data/OutboxSynchronizer.kt:279:47: error: suspension functions can be called only within coroutine body
                        db.autoDriveUserDao().updateSyncStatus(scope.userId, "SYNCED")
                                              ^
core/sync/src/main/kotlin/com/autodrive/app/core/sync/data/OutboxSynchronizer.kt:286:59: error: suspension functions can be called only within coroutine body
                    val local = db.withdrawalRequestDao().getById(operation.entityId)
                                                          ^
core/sync/src/main/kotlin/com/autodrive/app/core/sync/data/OutboxSynchronizer.kt:288:51: error: suspension functions can be called only within coroutine body
                        db.withdrawalRequestDao().confirmSynced(operation.entityId, serverId)
                                                  ^
core/sync/src/main/kotlin/com/autodrive/app/core/sync/data/OutboxSynchronizer.kt:296:54: error: suspension functions can be called only within coroutine body
                    val local = db.conversationDao().getById(operation.entityId)
                                                     ^
core/sync/src/main/kotlin/com/autodrive/app/core/sync/data/OutboxSynchronizer.kt:302:66: error: suspension functions can be called only within coroutine body
                        val alreadyRemote = db.conversationDao().getById(serverId)
                                                                 ^
core/sync/src/main/kotlin/com/autodrive/app/core/sync/data/OutboxSynchronizer.kt:307:49: error: suspension functions can be called only within coroutine body
                            db.chatMessageDao().remapConversationId(local.id, serverId)
                                                ^
core/sync/src/main/kotlin/com/autodrive/app/core/sync/data/OutboxSynchronizer.kt:308:56: error: suspension functions can be called only within coroutine body
                            check(db.conversationDao().deleteExact(local.id, scope.userId, scope.clientId) == 1) {
                                                       ^
core/sync/src/main/kotlin/com/autodrive/app/core/sync/data/OutboxSynchronizer.kt:312:56: error: suspension functions can be called only within coroutine body
                            check(db.conversationDao().remapId(local.id, serverId, scope.userId, scope.clientId) == 1) {
                                                       ^
core/sync/src/main/kotlin/com/autodrive/app/core/sync/data/OutboxSynchronizer.kt:315:49: error: suspension functions can be called only within coroutine body
                            db.chatMessageDao().remapConversationId(local.id, serverId)
                                                ^
core/sync/src/main/kotlin/com/autodrive/app/core/sync/data/OutboxSynchronizer.kt:318:61: error: suspension functions can be called only within coroutine body
                    val children = db.pendingOperationDao().getChildrenByDependency(
                                                            ^
core/sync/src/main/kotlin/com/autodrive/app/core/sync/data/OutboxSynchronizer.kt:329:64: error: suspension functions can be called only within coroutine body
                        val changed = db.pendingOperationDao().updatePayloadBeforeFirstAttempt(
                                                               ^
core/sync/src/main/kotlin/com/autodrive/app/core/sync/data/OutboxSynchronizer.kt:331:71: error: unresolved reference: serializer
                            json.encodeToString(ChatSendOutboxPayload.serializer(), payload.copy(conversationId = serverId)),
                                                                      ^
core/sync/src/main/kotlin/com/autodrive/app/core/sync/data/OutboxSynchronizer.kt:338:55: error: suspension functions can be called only within coroutine body
                    val message = db.chatMessageDao().getById(operation.entityId)
                                                      ^
core/sync/src/main/kotlin/com/autodrive/app/core/sync/data/OutboxSynchronizer.kt:340:61: error: suspension functions can be called only within coroutine body
                    val conversation = db.conversationDao().getById(message.conversationId)
                                                            ^
core/sync/src/main/kotlin/com/autodrive/app/core/sync/data/OutboxSynchronizer.kt:345:41: error: suspension functions can be called only within coroutine body
                    db.chatMessageDao().updateStatus(message.id, "SENT")
                                        ^
core/sync/src/main/kotlin/com/autodrive/app/core/sync/data/OutboxSynchronizer.kt:347:45: error: suspension functions can be called only within coroutine body
                        db.chatMessageDao().updateCreatedAt(message.id, serverMs)
                                            ^
core/sync/src/main/kotlin/com/autodrive/app/core/sync/data/OutboxSynchronizer.kt:353:46: error: suspension functions can be called only within coroutine body
                        db.conversationDao().updateLastMessage(message.conversationId, preview, serverMs, 0)
                                             ^
core/sync/src/main/kotlin/com/autodrive/app/core/sync/data/OutboxSynchronizer.kt:360:42: error: suspension functions can be called only within coroutine body
                    db.notificationDao().confirmReadSynced(operation.entityId, scope.userId)
                                         ^
core/sync/src/main/kotlin/com/autodrive/app/core/sync/data/OutboxSynchronizer.kt:366:52: error: suspension functions can be called only within coroutine body
            val deleted = db.pendingOperationDao().deleteClaimedById(
                                                   ^
core/sync/src/main/kotlin/com/autodrive/app/core/sync/data/OutboxSynchronizer.kt:378:26: error: cannot infer a type for this parameter. Please specify it explicitly.
            .getOrElse { error -> throw PermanentOutboxException("Invalid payload for $label", error) }
                         ^
core/sync/src/main/kotlin/com/autodrive/app/core/sync/data/PendingLocalMutationGuard.kt:3:8: error: unresolved reference: androidx
import androidx.room.withTransaction
       ^
core/sync/src/main/kotlin/com/autodrive/app/core/sync/data/PendingLocalMutationGuard.kt:15:14: error: unresolved reference: inject
import javax.inject.Inject
             ^
core/sync/src/main/kotlin/com/autodrive/app/core/sync/data/PendingLocalMutationGuard.kt:16:14: error: unresolved reference: inject
import javax.inject.Singleton
             ^
core/sync/src/main/kotlin/com/autodrive/app/core/sync/data/PendingLocalMutationGuard.kt:20:2: error: unresolved reference: Singleton
@Singleton
 ^
core/sync/src/main/kotlin/com/autodrive/app/core/sync/data/PendingLocalMutationGuard.kt:21:34: error: unresolved reference: Inject
class PendingLocalMutationGuard @Inject constructor(
                                 ^
core/sync/src/main/kotlin/com/autodrive/app/core/sync/data/PendingLocalMutationGuard.kt:69:16: error: unresolved reference: withTransaction
            db.withTransaction {
               ^
core/sync/src/main/kotlin/com/autodrive/app/core/sync/data/PendingLocalMutationGuard.kt:70:43: error: suspension functions can be called only within coroutine body
                db.withdrawalRequestDao().deleteByIdForUser(operation.entityId, scope.userId)
                                          ^
core/sync/src/main/kotlin/com/autodrive/app/core/sync/data/PendingLocalMutationGuard.kt:71:43: error: suspension functions can be called only within coroutine body
                db.withdrawalRequestDao().upsert(remote.toEntity(scope.userId).copy(syncStatus = "SYNCED"))
                                          ^
core/sync/src/main/kotlin/com/autodrive/app/core/sync/data/PendingLocalMutationGuard.kt:72:42: error: suspension functions can be called only within coroutine body
                db.pendingOperationDao().deleteByMutationId(
                                         ^
core/sync/src/main/kotlin/com/autodrive/app/core/sync/data/PresenceReporter.kt:5:8: error: unresolved reference: io
import io.github.jan.supabase.auth.auth
       ^
core/sync/src/main/kotlin/com/autodrive/app/core/sync/data/PresenceReporter.kt:6:8: error: unresolved reference: io
import io.github.jan.supabase.postgrest.postgrest
       ^
core/sync/src/main/kotlin/com/autodrive/app/core/sync/data/PresenceReporter.kt:7:8: error: unresolved reference: io
import io.github.jan.supabase.postgrest.rpc
       ^
core/sync/src/main/kotlin/com/autodrive/app/core/sync/data/PresenceReporter.kt:8:14: error: unresolved reference: inject
import javax.inject.Inject
             ^
core/sync/src/main/kotlin/com/autodrive/app/core/sync/data/PresenceReporter.kt:9:14: error: unresolved reference: inject
import javax.inject.Singleton
             ^
core/sync/src/main/kotlin/com/autodrive/app/core/sync/data/PresenceReporter.kt:11:2: error: unresolved reference: Singleton
@Singleton
 ^
core/sync/src/main/kotlin/com/autodrive/app/core/sync/data/PresenceReporter.kt:12:25: error: unresolved reference: Inject
class PresenceReporter @Inject constructor(
                        ^
core/sync/src/main/kotlin/com/autodrive/app/core/sync/data/PresenceReporter.kt:28:26: error: cannot infer a type for this parameter. Please specify it explicitly.
            .onFailure { error ->
                         ^
core/sync/src/main/kotlin/com/autodrive/app/core/sync/data/SafeBootstrapSynchronizer.kt:3:8: error: unresolved reference: androidx
import androidx.room.withTransaction
       ^
core/sync/src/main/kotlin/com/autodrive/app/core/sync/data/SafeBootstrapSynchronizer.kt:16:14: error: unresolved reference: inject
import javax.inject.Inject
             ^
core/sync/src/main/kotlin/com/autodrive/app/core/sync/data/SafeBootstrapSynchronizer.kt:17:14: error: unresolved reference: inject
import javax.inject.Singleton
             ^
core/sync/src/main/kotlin/com/autodrive/app/core/sync/data/SafeBootstrapSynchronizer.kt:18:8: error: unresolved reference: kotlinx
import kotlinx.serialization.json.Json
       ^
core/sync/src/main/kotlin/com/autodrive/app/core/sync/data/SafeBootstrapSynchronizer.kt:19:8: error: unresolved reference: kotlinx
import kotlinx.serialization.json.JsonObject
       ^
core/sync/src/main/kotlin/com/autodrive/app/core/sync/data/SafeBootstrapSynchronizer.kt:20:8: error: unresolved reference: kotlinx
import kotlinx.serialization.json.parseToJsonElement
       ^
core/sync/src/main/kotlin/com/autodrive/app/core/sync/data/SafeBootstrapSynchronizer.kt:27:2: error: unresolved reference: Singleton
@Singleton
 ^
core/sync/src/main/kotlin/com/autodrive/app/core/sync/data/SafeBootstrapSynchronizer.kt:28:34: error: unresolved reference: Inject
class SafeBootstrapSynchronizer @Inject constructor(
                                 ^
core/sync/src/main/kotlin/com/autodrive/app/core/sync/data/SafeBootstrapSynchronizer.kt:37:24: error: unresolved reference: Json
    private val json = Json { ignoreUnknownKeys = true; explicitNulls = false }
                       ^
core/sync/src/main/kotlin/com/autodrive/app/core/sync/data/SafeBootstrapSynchronizer.kt:37:31: error: unresolved reference: ignoreUnknownKeys
    private val json = Json { ignoreUnknownKeys = true; explicitNulls = false }
                              ^
core/sync/src/main/kotlin/com/autodrive/app/core/sync/data/SafeBootstrapSynchronizer.kt:37:57: error: unresolved reference: explicitNulls
    private val json = Json { ignoreUnknownKeys = true; explicitNulls = false }
                                                        ^
core/sync/src/main/kotlin/com/autodrive/app/core/sync/data/SafeBootstrapSynchronizer.kt:49:16: error: unresolved reference: withTransaction
            db.withTransaction {
               ^
core/sync/src/main/kotlin/com/autodrive/app/core/sync/data/SafeBootstrapSynchronizer.kt:51:39: error: suspension functions can be called only within coroutine body
                db.syncBootstrapDao().deleteStagingForScope(scope.userId, scope.clientId, scope.orgId)
                                      ^
core/sync/src/main/kotlin/com/autodrive/app/core/sync/data/SafeBootstrapSynchronizer.kt:52:39: error: suspension functions can be called only within coroutine body
                db.syncBootstrapDao().deleteStateForScope(scope.userId, scope.clientId, scope.orgId)
                                      ^
core/sync/src/main/kotlin/com/autodrive/app/core/sync/data/SafeBootstrapSynchronizer.kt:58:21: error: only safe (?.) or non-null asserted (!!.) calls are allowed on a nullable receiver of type SyncBootstrapStateEntity?
        while (state.status == "DOWNLOADING") {
                    ^
core/sync/src/main/kotlin/com/autodrive/app/core/sync/data/SafeBootstrapSynchronizer.kt:59:48: error: only safe (?.) or non-null asserted (!!.) calls are allowed on a nullable receiver of type SyncBootstrapStateEntity?
            val page = source.page(scope, state.bootstrapId, state.nextPageToken, UnifiedSyncContract.BOOTSTRAP_PAGE_SIZE)
                                               ^
core/sync/src/main/kotlin/com/autodrive/app/core/sync/data/SafeBootstrapSynchronizer.kt:59:67: error: only safe (?.) or non-null asserted (!!.) calls are allowed on a nullable receiver of type SyncBootstrapStateEntity?
            val page = source.page(scope, state.bootstrapId, state.nextPageToken, UnifiedSyncContract.BOOTSTRAP_PAGE_SIZE)
                                                                  ^
core/sync/src/main/kotlin/com/autodrive/app/core/sync/data/SafeBootstrapSynchronizer.kt:61:20: error: unresolved reference: withTransaction
                db.withTransaction {
                   ^
core/sync/src/main/kotlin/com/autodrive/app/core/sync/data/SafeBootstrapSynchronizer.kt:63:43: error: suspension functions can be called only within coroutine body
                    db.syncBootstrapDao().deleteStagingForScope(scope.userId, scope.clientId, scope.orgId)
                                          ^
core/sync/src/main/kotlin/com/autodrive/app/core/sync/data/SafeBootstrapSynchronizer.kt:64:43: error: suspension functions can be called only within coroutine body
                    db.syncBootstrapDao().deleteStateForScope(scope.userId, scope.clientId, scope.orgId)
                                          ^
core/sync/src/main/kotlin/com/autodrive/app/core/sync/data/SafeBootstrapSynchronizer.kt:69:26: error: type mismatch: inferred type is SyncBootstrapStateEntity? but SyncBootstrapStateEntity was expected
            validatePage(state, page)
                         ^
core/sync/src/main/kotlin/com/autodrive/app/core/sync/data/SafeBootstrapSynchronizer.kt:74:40: error: only safe (?.) or non-null asserted (!!.) calls are allowed on a nullable receiver of type SyncBootstrapStateEntity?
                    bootstrapId = state.bootstrapId, entityType = row.entityType, entityId = row.entityId,
                                       ^
core/sync/src/main/kotlin/com/autodrive/app/core/sync/data/SafeBootstrapSynchronizer.kt:79:29: error: only safe (?.) or non-null asserted (!!.) calls are allowed on a nullable receiver of type SyncBootstrapStateEntity?
            val next = state.copy(
                            ^
core/sync/src/main/kotlin/com/autodrive/app/core/sync/data/SafeBootstrapSynchronizer.kt:84:16: error: unresolved reference: withTransaction
            db.withTransaction {
               ^
core/sync/src/main/kotlin/com/autodrive/app/core/sync/data/SafeBootstrapSynchronizer.kt:86:62: error: suspension functions can be called only within coroutine body
                if (rows.isNotEmpty()) db.syncBootstrapDao().upsertStaging(rows)
                                                             ^
core/sync/src/main/kotlin/com/autodrive/app/core/sync/data/SafeBootstrapSynchronizer.kt:87:39: error: suspension functions can be called only within coroutine body
                db.syncBootstrapDao().upsertState(next)
                                      ^
core/sync/src/main/kotlin/com/autodrive/app/core/sync/data/SafeBootstrapSynchronizer.kt:93:18: error: only safe (?.) or non-null asserted (!!.) calls are allowed on a nullable receiver of type SyncBootstrapStateEntity?
        if (state.status != "READY_TO_INSTALL") throw BootstrapContractException("BOOTSTRAP_STATE_INVALID")
                 ^
core/sync/src/main/kotlin/com/autodrive/app/core/sync/data/SafeBootstrapSynchronizer.kt:94:103: error: only safe (?.) or non-null asserted (!!.) calls are allowed on a nullable receiver of type SyncBootstrapStateEntity?
        val staged = db.syncBootstrapDao().getStaging(scope.userId, scope.clientId, scope.orgId, state.bootstrapId)
                                                                                                      ^
core/sync/src/main/kotlin/com/autodrive/app/core/sync/data/SafeBootstrapSynchronizer.kt:96:29: error: only safe (?.) or non-null asserted (!!.) calls are allowed on a nullable receiver of type SyncBootstrapStateEntity?
        val baseline = state.baselineRevision.toLongOrNull()?.takeIf { it >= 0 } ?: throw BootstrapContractException("REVISION_OUT_OF_RANGE")
                            ^
core/sync/src/main/kotlin/com/autodrive/app/core/sync/data/SafeBootstrapSynchronizer.kt:98:12: error: unresolved reference: withTransaction
        db.withTransaction {
           ^
core/sync/src/main/kotlin/com/autodrive/app/core/sync/data/SafeBootstrapSynchronizer.kt:101:81: error: unresolved reference: JsonObject
                val payload = json.parseToJsonElement(row.canonicalPayload) as? JsonObject ?: throw BootstrapContractException("BOOTSTRAP_PAYLOAD_INVALID")
                                                                                ^
core/sync/src/main/kotlin/com/autodrive/app/core/sync/data/SafeBootstrapSynchronizer.kt:102:25: error: suspension functions can be called only within coroutine body
                applier.applyBootstrapRow(scope, row.entityType, row.entityId, payload)
                        ^
core/sync/src/main/kotlin/com/autodrive/app/core/sync/data/SafeBootstrapSynchronizer.kt:104:21: error: suspension functions can be called only within coroutine body
            applier.removeBootstrapStaleRows(scope, ids)
                    ^
core/sync/src/main/kotlin/com/autodrive/app/core/sync/data/SafeBootstrapSynchronizer.kt:105:32: error: suspension functions can be called only within coroutine body
            db.syncCursorDao().upsert(
                               ^
core/sync/src/main/kotlin/com/autodrive/app/core/sync/data/SafeBootstrapSynchronizer.kt:112:45: error: suspension functions can be called only within coroutine body
            db.syncReconciliationStateDao().upsert(
                                            ^
core/sync/src/main/kotlin/com/autodrive/app/core/sync/data/SafeBootstrapSynchronizer.kt:120:35: error: suspension functions can be called only within coroutine body
            db.syncBootstrapDao().deleteStaging(scope.userId, scope.clientId, scope.orgId, state.bootstrapId)
                                  ^
core/sync/src/main/kotlin/com/autodrive/app/core/sync/data/SafeBootstrapSynchronizer.kt:120:97: error: only safe (?.) or non-null asserted (!!.) calls are allowed on a nullable receiver of type SyncBootstrapStateEntity?
            db.syncBootstrapDao().deleteStaging(scope.userId, scope.clientId, scope.orgId, state.bootstrapId)
                                                                                                ^
core/sync/src/main/kotlin/com/autodrive/app/core/sync/data/SafeBootstrapSynchronizer.kt:121:35: error: suspension functions can be called only within coroutine body
            db.syncBootstrapDao().deleteStateForScope(scope.userId, scope.clientId, scope.orgId)
                                  ^
core/sync/src/main/kotlin/com/autodrive/app/core/sync/data/SafeBootstrapSynchronizer.kt:143:12: error: unresolved reference: withTransaction
        db.withTransaction {
           ^
core/sync/src/main/kotlin/com/autodrive/app/core/sync/data/SafeBootstrapSynchronizer.kt:145:35: error: suspension functions can be called only within coroutine body
            db.syncBootstrapDao().upsertState(state)
                                  ^
core/sync/src/main/kotlin/com/autodrive/app/core/sync/data/SyncManager.kt:13:8: error: unresolved reference: io
import io.github.jan.supabase.auth.auth
       ^
core/sync/src/main/kotlin/com/autodrive/app/core/sync/data/SyncManager.kt:14:14: error: unresolved reference: inject
import javax.inject.Inject
             ^
core/sync/src/main/kotlin/com/autodrive/app/core/sync/data/SyncManager.kt:15:14: error: unresolved reference: inject
import javax.inject.Singleton
             ^
core/sync/src/main/kotlin/com/autodrive/app/core/sync/data/SyncManager.kt:16:8: error: unresolved reference: kotlinx
import kotlinx.coroutines.CancellationException
       ^
core/sync/src/main/kotlin/com/autodrive/app/core/sync/data/SyncManager.kt:17:8: error: unresolved reference: kotlinx
import kotlinx.coroutines.sync.Mutex
       ^
core/sync/src/main/kotlin/com/autodrive/app/core/sync/data/SyncManager.kt:18:8: error: unresolved reference: kotlinx
import kotlinx.coroutines.sync.withLock
       ^
core/sync/src/main/kotlin/com/autodrive/app/core/sync/data/SyncManager.kt:20:2: error: unresolved reference: Singleton
@Singleton
 ^
core/sync/src/main/kotlin/com/autodrive/app/core/sync/data/SyncManager.kt:21:20: error: unresolved reference: Inject
class SyncManager @Inject constructor(
                   ^
core/sync/src/main/kotlin/com/autodrive/app/core/sync/data/SyncManager.kt:35:34: error: unresolved reference: Mutex
    private val lifecycleMutex = Mutex()
                                 ^
core/sync/src/main/kotlin/com/autodrive/app/core/sync/data/SyncManager.kt:53:9: error: suspension functions can be called only within coroutine body
        synchronizeUnlocked(scope, context, onPhase)
        ^
core/sync/src/main/kotlin/com/autodrive/app/core/sync/data/SyncManager.kt:65:32: error: unresolved reference: CancellationException
        } catch (cancellation: CancellationException) {
                               ^
core/sync/src/main/kotlin/com/autodrive/app/core/sync/data/SyncManager.kt:86:32: error: unresolved reference: CancellationException
        } catch (cancellation: CancellationException) {
                               ^
core/sync/src/main/kotlin/com/autodrive/app/core/sync/data/SyncManager.kt:108:32: error: only safe (?.) or non-null asserted (!!.) calls are allowed on a nullable receiver of type UnifiedChangeResult?
            if (canonicalResult.hasMore) failures += SyncFailure(SyncPhase.PROFILE, "CANONICAL_MORE_WORK_REQUIRED")
                               ^
core/sync/src/main/kotlin/com/autodrive/app/core/sync/data/SyncManager.kt:110:32: error: unresolved reference: CancellationException
        } catch (cancellation: CancellationException) {
                               ^
core/sync/src/main/kotlin/com/autodrive/app/core/sync/data/SyncManager.kt:137:36: error: unresolved reference: CancellationException
            } catch (cancellation: CancellationException) {
                                   ^
core/sync/src/main/kotlin/com/autodrive/app/core/sync/data/SyncManager.kt:154:28: error: suspension functions can be called only within coroutine body
        outboxSynchronizer.flush(scope)
                           ^
core/sync/src/main/kotlin/com/autodrive/app/core/sync/data/SyncManager.kt:162:27: error: suspension functions can be called only within coroutine body
            faultInjector.hit(SyncFaultPoint.LOGOUT_DURING_ACTIVE_SYNC, FaultContext())
                          ^
core/sync/src/main/kotlin/com/autodrive/app/core/sync/data/SyncManager.kt:163:30: error: suspension functions can be called only within coroutine body
            localDataCleaner.clearAccount(scope)
                             ^
core/sync/src/main/kotlin/com/autodrive/app/core/sync/data/SyncStepExecutor.kt:7:8: error: unresolved reference: kotlinx
import kotlinx.coroutines.CancellationException
       ^
core/sync/src/main/kotlin/com/autodrive/app/core/sync/data/SyncStepExecutor.kt:37:32: error: unresolved reference: CancellationException
        } catch (cancellation: CancellationException) {
                               ^
core/sync/src/main/kotlin/com/autodrive/app/core/sync/data/UnifiedChangeSynchronizer.kt:3:8: error: unresolved reference: androidx
import androidx.room.withTransaction
       ^
core/sync/src/main/kotlin/com/autodrive/app/core/sync/data/UnifiedChangeSynchronizer.kt:14:14: error: unresolved reference: inject
import javax.inject.Inject
             ^
core/sync/src/main/kotlin/com/autodrive/app/core/sync/data/UnifiedChangeSynchronizer.kt:15:14: error: unresolved reference: inject
import javax.inject.Singleton
             ^
core/sync/src/main/kotlin/com/autodrive/app/core/sync/data/UnifiedChangeSynchronizer.kt:28:2: error: unresolved reference: Singleton
@Singleton
 ^
core/sync/src/main/kotlin/com/autodrive/app/core/sync/data/UnifiedChangeSynchronizer.kt:29:34: error: unresolved reference: Inject
class UnifiedChangeSynchronizer @Inject constructor(
                                 ^
core/sync/src/main/kotlin/com/autodrive/app/core/sync/data/UnifiedChangeSynchronizer.kt:62:20: error: unresolved reference: withTransaction
                db.withTransaction {
                   ^
core/sync/src/main/kotlin/com/autodrive/app/core/sync/data/UnifiedChangeSynchronizer.kt:64:42: error: suspension functions can be called only within coroutine body
                    for (event in group) applyOne(scope, event)
                                         ^
core/sync/src/main/kotlin/com/autodrive/app/core/sync/data/UnifiedChangeSynchronizer.kt:65:35: error: suspension functions can be called only within coroutine body
                    faultInjector.hit(
                                  ^
core/sync/src/main/kotlin/com/autodrive/app/core/sync/data/UnifiedChangeSynchronizer.kt:73:40: error: suspension functions can be called only within coroutine body
                    db.syncCursorDao().upsert(cursor(scope, groupHigh))
                                       ^
core/sync/src/main/kotlin/com/autodrive/app/core/sync/data/UnifiedChangeSynchronizer.kt:91:20: error: unresolved reference: withTransaction
                db.withTransaction {
                   ^
core/sync/src/main/kotlin/com/autodrive/app/core/sync/data/UnifiedChangeSynchronizer.kt:93:40: error: suspension functions can be called only within coroutine body
                    db.syncCursorDao().upsert(cursor(scope, page.nextRevision))
                                       ^
core/sync/src/main/kotlin/com/autodrive/app/core/sync/data/UnifiedSyncProtocol.kt:4:8: error: unresolved reference: io
import io.github.jan.supabase.postgrest.postgrest
       ^
core/sync/src/main/kotlin/com/autodrive/app/core/sync/data/UnifiedSyncProtocol.kt:5:8: error: unresolved reference: io
import io.github.jan.supabase.postgrest.rpc
       ^
core/sync/src/main/kotlin/com/autodrive/app/core/sync/data/UnifiedSyncProtocol.kt:6:14: error: unresolved reference: inject
import javax.inject.Inject
             ^
core/sync/src/main/kotlin/com/autodrive/app/core/sync/data/UnifiedSyncProtocol.kt:7:14: error: unresolved reference: inject
import javax.inject.Singleton
             ^
core/sync/src/main/kotlin/com/autodrive/app/core/sync/data/UnifiedSyncProtocol.kt:8:8: error: unresolved reference: kotlinx
import kotlinx.serialization.SerialName
       ^
core/sync/src/main/kotlin/com/autodrive/app/core/sync/data/UnifiedSyncProtocol.kt:9:8: error: unresolved reference: kotlinx
import kotlinx.serialization.Serializable
       ^
core/sync/src/main/kotlin/com/autodrive/app/core/sync/data/UnifiedSyncProtocol.kt:10:8: error: unresolved reference: kotlinx
import kotlinx.serialization.json.JsonObject
       ^
core/sync/src/main/kotlin/com/autodrive/app/core/sync/data/UnifiedSyncProtocol.kt:26:2: error: cannot access 'Serializable': it is internal in 'kotlin.io'
@Serializable
 ^
core/sync/src/main/kotlin/com/autodrive/app/core/sync/data/UnifiedSyncProtocol.kt:26:2: error: this class does not have a constructor
@Serializable
 ^
core/sync/src/main/kotlin/com/autodrive/app/core/sync/data/UnifiedSyncProtocol.kt:28:6: error: unresolved reference: SerialName
    @SerialName("event_id") val eventId: String,
     ^
core/sync/src/main/kotlin/com/autodrive/app/core/sync/data/UnifiedSyncProtocol.kt:30:6: error: unresolved reference: SerialName
    @SerialName("entity_type") val entityType: String,
     ^
core/sync/src/main/kotlin/com/autodrive/app/core/sync/data/UnifiedSyncProtocol.kt:31:6: error: unresolved reference: SerialName
    @SerialName("entity_id") val entityId: String,
     ^
core/sync/src/main/kotlin/com/autodrive/app/core/sync/data/UnifiedSyncProtocol.kt:33:6: error: unresolved reference: SerialName
    @SerialName("transaction_group_id") val transactionGroupId: String,
     ^
core/sync/src/main/kotlin/com/autodrive/app/core/sync/data/UnifiedSyncProtocol.kt:34:6: error: unresolved reference: SerialName
    @SerialName("occurred_at") val occurredAt: String,
     ^
core/sync/src/main/kotlin/com/autodrive/app/core/sync/data/UnifiedSyncProtocol.kt:35:6: error: unresolved reference: SerialName
    @SerialName("contract_version") val contractVersion: Int,
     ^
core/sync/src/main/kotlin/com/autodrive/app/core/sync/data/UnifiedSyncProtocol.kt:36:6: error: unresolved reference: SerialName
    @SerialName("user_id") val userId: String,
     ^
core/sync/src/main/kotlin/com/autodrive/app/core/sync/data/UnifiedSyncProtocol.kt:37:6: error: unresolved reference: SerialName
    @SerialName("client_id") val clientId: String,
     ^
core/sync/src/main/kotlin/com/autodrive/app/core/sync/data/UnifiedSyncProtocol.kt:38:6: error: unresolved reference: SerialName
    @SerialName("org_id") val orgId: String,
     ^
core/sync/src/main/kotlin/com/autodrive/app/core/sync/data/UnifiedSyncProtocol.kt:39:18: error: unresolved reference: JsonObject
    val payload: JsonObject? = null,
                 ^
core/sync/src/main/kotlin/com/autodrive/app/core/sync/data/UnifiedSyncProtocol.kt:42:2: error: cannot access 'Serializable': it is internal in 'kotlin.io'
@Serializable
 ^
core/sync/src/main/kotlin/com/autodrive/app/core/sync/data/UnifiedSyncProtocol.kt:42:2: error: this class does not have a constructor
@Serializable
 ^
core/sync/src/main/kotlin/com/autodrive/app/core/sync/data/UnifiedSyncProtocol.kt:45:6: error: unresolved reference: SerialName
    @SerialName("contract_version") val contractVersion: Int,
     ^
core/sync/src/main/kotlin/com/autodrive/app/core/sync/data/UnifiedSyncProtocol.kt:46:6: error: unresolved reference: SerialName
    @SerialName("head_revision") val headRevision: Long,
     ^
core/sync/src/main/kotlin/com/autodrive/app/core/sync/data/UnifiedSyncProtocol.kt:47:6: error: unresolved reference: SerialName
    @SerialName("minimum_available_revision") val minimumAvailableRevision: Long,
     ^
core/sync/src/main/kotlin/com/autodrive/app/core/sync/data/UnifiedSyncProtocol.kt:49:6: error: unresolved reference: SerialName
    @SerialName("next_revision") val nextRevision: Long,
     ^
core/sync/src/main/kotlin/com/autodrive/app/core/sync/data/UnifiedSyncProtocol.kt:50:6: error: unresolved reference: SerialName
    @SerialName("has_more") val hasMore: Boolean,
     ^
core/sync/src/main/kotlin/com/autodrive/app/core/sync/data/UnifiedSyncProtocol.kt:53:2: error: cannot access 'Serializable': it is internal in 'kotlin.io'
@Serializable
 ^
core/sync/src/main/kotlin/com/autodrive/app/core/sync/data/UnifiedSyncProtocol.kt:53:2: error: this class does not have a constructor
@Serializable
 ^
core/sync/src/main/kotlin/com/autodrive/app/core/sync/data/UnifiedSyncProtocol.kt:56:6: error: unresolved reference: SerialName
    @SerialName("bootstrap_id") val bootstrapId: String,
     ^
core/sync/src/main/kotlin/com/autodrive/app/core/sync/data/UnifiedSyncProtocol.kt:57:6: error: unresolved reference: SerialName
    @SerialName("baseline_revision") val baselineRevision: Long,
     ^
core/sync/src/main/kotlin/com/autodrive/app/core/sync/data/UnifiedSyncProtocol.kt:58:6: error: unresolved reference: SerialName
    @SerialName("contract_version") val contractVersion: Int,
     ^
core/sync/src/main/kotlin/com/autodrive/app/core/sync/data/UnifiedSyncProtocol.kt:59:6: error: unresolved reference: SerialName
    @SerialName("expires_at") val expiresAt: String,
     ^
core/sync/src/main/kotlin/com/autodrive/app/core/sync/data/UnifiedSyncProtocol.kt:62:2: error: cannot access 'Serializable': it is internal in 'kotlin.io'
@Serializable
 ^
core/sync/src/main/kotlin/com/autodrive/app/core/sync/data/UnifiedSyncProtocol.kt:62:2: error: this class does not have a constructor
@Serializable
 ^
core/sync/src/main/kotlin/com/autodrive/app/core/sync/data/UnifiedSyncProtocol.kt:64:6: error: unresolved reference: SerialName
    @SerialName("entity_type") val entityType: String,
     ^
core/sync/src/main/kotlin/com/autodrive/app/core/sync/data/UnifiedSyncProtocol.kt:65:6: error: unresolved reference: SerialName
    @SerialName("entity_id") val entityId: String,
     ^
core/sync/src/main/kotlin/com/autodrive/app/core/sync/data/UnifiedSyncProtocol.kt:66:18: error: unresolved reference: JsonObject
    val payload: JsonObject,
                 ^
core/sync/src/main/kotlin/com/autodrive/app/core/sync/data/UnifiedSyncProtocol.kt:70:2: error: cannot access 'Serializable': it is internal in 'kotlin.io'
@Serializable
 ^
core/sync/src/main/kotlin/com/autodrive/app/core/sync/data/UnifiedSyncProtocol.kt:70:2: error: this class does not have a constructor
@Serializable
 ^
core/sync/src/main/kotlin/com/autodrive/app/core/sync/data/UnifiedSyncProtocol.kt:73:6: error: unresolved reference: SerialName
    @SerialName("bootstrap_id") val bootstrapId: String,
     ^
core/sync/src/main/kotlin/com/autodrive/app/core/sync/data/UnifiedSyncProtocol.kt:74:6: error: unresolved reference: SerialName
    @SerialName("contract_version") val contractVersion: Int,
     ^
core/sync/src/main/kotlin/com/autodrive/app/core/sync/data/UnifiedSyncProtocol.kt:76:6: error: unresolved reference: SerialName
    @SerialName("next_page_token") val nextPageToken: String? = null,
     ^
core/sync/src/main/kotlin/com/autodrive/app/core/sync/data/UnifiedSyncProtocol.kt:77:6: error: unresolved reference: SerialName
    @SerialName("has_more") val hasMore: Boolean,
     ^
core/sync/src/main/kotlin/com/autodrive/app/core/sync/data/UnifiedSyncProtocol.kt:80:2: error: cannot access 'Serializable': it is internal in 'kotlin.io'
@Serializable
 ^
core/sync/src/main/kotlin/com/autodrive/app/core/sync/data/UnifiedSyncProtocol.kt:80:2: error: this class does not have a constructor
@Serializable
 ^
core/sync/src/main/kotlin/com/autodrive/app/core/sync/data/UnifiedSyncProtocol.kt:82:6: error: unresolved reference: SerialName
    @SerialName("entity_type") val entityType: String,
     ^
core/sync/src/main/kotlin/com/autodrive/app/core/sync/data/UnifiedSyncProtocol.kt:88:2: error: cannot access 'Serializable': it is internal in 'kotlin.io'
@Serializable
 ^
core/sync/src/main/kotlin/com/autodrive/app/core/sync/data/UnifiedSyncProtocol.kt:88:2: error: this class does not have a constructor
@Serializable
 ^
core/sync/src/main/kotlin/com/autodrive/app/core/sync/data/UnifiedSyncProtocol.kt:90:6: error: unresolved reference: SerialName
    @SerialName("contract_version") val contractVersion: Int,
     ^
core/sync/src/main/kotlin/com/autodrive/app/core/sync/data/UnifiedSyncProtocol.kt:91:6: error: unresolved reference: SerialName
    @SerialName("manifest_revision") val manifestRevision: Long,
     ^
core/sync/src/main/kotlin/com/autodrive/app/core/sync/data/UnifiedSyncProtocol.kt:96:2: error: cannot access 'Serializable': it is internal in 'kotlin.io'
@Serializable
 ^
core/sync/src/main/kotlin/com/autodrive/app/core/sync/data/UnifiedSyncProtocol.kt:96:2: error: this class does not have a constructor
@Serializable
 ^
core/sync/src/main/kotlin/com/autodrive/app/core/sync/data/UnifiedSyncProtocol.kt:98:6: error: unresolved reference: SerialName
    @SerialName("entity_id") val entityId: String,
     ^
core/sync/src/main/kotlin/com/autodrive/app/core/sync/data/UnifiedSyncProtocol.kt:100:18: error: unresolved reference: JsonObject
    val payload: JsonObject,
                 ^
core/sync/src/main/kotlin/com/autodrive/app/core/sync/data/UnifiedSyncProtocol.kt:103:2: error: cannot access 'Serializable': it is internal in 'kotlin.io'
@Serializable
 ^
core/sync/src/main/kotlin/com/autodrive/app/core/sync/data/UnifiedSyncProtocol.kt:103:2: error: this class does not have a constructor
@Serializable
 ^
core/sync/src/main/kotlin/com/autodrive/app/core/sync/data/UnifiedSyncProtocol.kt:106:6: error: unresolved reference: SerialName
    @SerialName("contract_version") val contractVersion: Int,
     ^
core/sync/src/main/kotlin/com/autodrive/app/core/sync/data/UnifiedSyncProtocol.kt:107:6: error: unresolved reference: SerialName
    @SerialName("manifest_revision") val manifestRevision: Long,
     ^
core/sync/src/main/kotlin/com/autodrive/app/core/sync/data/UnifiedSyncProtocol.kt:108:6: error: unresolved reference: SerialName
    @SerialName("entity_type") val entityType: String,
     ^
core/sync/src/main/kotlin/com/autodrive/app/core/sync/data/UnifiedSyncProtocol.kt:127:2: error: cannot access 'Serializable': it is internal in 'kotlin.io'
@Serializable
 ^
core/sync/src/main/kotlin/com/autodrive/app/core/sync/data/UnifiedSyncProtocol.kt:127:2: error: this class does not have a constructor
@Serializable
 ^
core/sync/src/main/kotlin/com/autodrive/app/core/sync/data/UnifiedSyncProtocol.kt:129:6: error: unresolved reference: SerialName
    @SerialName("p_after_revision") val afterRevision: Long,
     ^
core/sync/src/main/kotlin/com/autodrive/app/core/sync/data/UnifiedSyncProtocol.kt:130:6: error: unresolved reference: SerialName
    @SerialName("p_page_limit") val pageLimit: Int,
     ^
core/sync/src/main/kotlin/com/autodrive/app/core/sync/data/UnifiedSyncProtocol.kt:133:2: error: cannot access 'Serializable': it is internal in 'kotlin.io'
@Serializable
 ^
core/sync/src/main/kotlin/com/autodrive/app/core/sync/data/UnifiedSyncProtocol.kt:133:2: error: this class does not have a constructor
@Serializable
 ^
core/sync/src/main/kotlin/com/autodrive/app/core/sync/data/UnifiedSyncProtocol.kt:136:6: error: unresolved reference: SerialName
    @SerialName("p_contract_version") val contractVersion: Int = UnifiedSyncContract.CONTRACT_VERSION,
     ^
core/sync/src/main/kotlin/com/autodrive/app/core/sync/data/UnifiedSyncProtocol.kt:139:2: error: cannot access 'Serializable': it is internal in 'kotlin.io'
@Serializable
 ^
core/sync/src/main/kotlin/com/autodrive/app/core/sync/data/UnifiedSyncProtocol.kt:139:2: error: this class does not have a constructor
@Serializable
 ^
core/sync/src/main/kotlin/com/autodrive/app/core/sync/data/UnifiedSyncProtocol.kt:141:6: error: unresolved reference: SerialName
    @SerialName("p_bootstrap_id") val bootstrapId: String,
     ^
core/sync/src/main/kotlin/com/autodrive/app/core/sync/data/UnifiedSyncProtocol.kt:142:6: error: unresolved reference: SerialName
    @SerialName("p_after_token") val afterToken: String?,
     ^
core/sync/src/main/kotlin/com/autodrive/app/core/sync/data/UnifiedSyncProtocol.kt:143:6: error: unresolved reference: SerialName
    @SerialName("p_page_limit") val pageLimit: Int,
     ^
core/sync/src/main/kotlin/com/autodrive/app/core/sync/data/UnifiedSyncProtocol.kt:146:2: error: cannot access 'Serializable': it is internal in 'kotlin.io'
@Serializable
 ^
core/sync/src/main/kotlin/com/autodrive/app/core/sync/data/UnifiedSyncProtocol.kt:146:2: error: this class does not have a constructor
@Serializable
 ^
core/sync/src/main/kotlin/com/autodrive/app/core/sync/data/UnifiedSyncProtocol.kt:148:6: error: unresolved reference: SerialName
    @SerialName("p_contract_version") val contractVersion: Int = UnifiedSyncContract.RECONCILIATION_CONTRACT_VERSION,
     ^
core/sync/src/main/kotlin/com/autodrive/app/core/sync/data/UnifiedSyncProtocol.kt:151:2: error: cannot access 'Serializable': it is internal in 'kotlin.io'
@Serializable
 ^
core/sync/src/main/kotlin/com/autodrive/app/core/sync/data/UnifiedSyncProtocol.kt:151:2: error: this class does not have a constructor
@Serializable
 ^
core/sync/src/main/kotlin/com/autodrive/app/core/sync/data/UnifiedSyncProtocol.kt:153:6: error: unresolved reference: SerialName
    @SerialName("p_manifest_revision") val manifestRevision: Long,
     ^
core/sync/src/main/kotlin/com/autodrive/app/core/sync/data/UnifiedSyncProtocol.kt:154:6: error: unresolved reference: SerialName
    @SerialName("p_entity_type") val entityType: String,
     ^
core/sync/src/main/kotlin/com/autodrive/app/core/sync/data/UnifiedSyncProtocol.kt:155:6: error: unresolved reference: SerialName
    @SerialName("p_partition") val partition: String,
     ^
core/sync/src/main/kotlin/com/autodrive/app/core/sync/data/UnifiedSyncProtocol.kt:158:2: error: unresolved reference: Singleton
@Singleton
 ^
core/sync/src/main/kotlin/com/autodrive/app/core/sync/data/UnifiedSyncProtocol.kt:159:35: error: unresolved reference: Inject
class SupabaseUnifiedSyncGateway @Inject constructor(
                                  ^
core/sync/src/main/kotlin/com/autodrive/app/core/sync/di/DeletionFeedModule.kt:5:8: error: unresolved reference: dagger
import dagger.Module
       ^
core/sync/src/main/kotlin/com/autodrive/app/core/sync/di/DeletionFeedModule.kt:6:8: error: unresolved reference: dagger
import dagger.Provides
       ^
core/sync/src/main/kotlin/com/autodrive/app/core/sync/di/DeletionFeedModule.kt:7:8: error: unresolved reference: dagger
import dagger.hilt.InstallIn
       ^
core/sync/src/main/kotlin/com/autodrive/app/core/sync/di/DeletionFeedModule.kt:8:8: error: unresolved reference: dagger
import dagger.hilt.components.SingletonComponent
       ^
core/sync/src/main/kotlin/com/autodrive/app/core/sync/di/DeletionFeedModule.kt:9:14: error: unresolved reference: inject
import javax.inject.Singleton
             ^
core/sync/src/main/kotlin/com/autodrive/app/core/sync/di/DeletionFeedModule.kt:11:2: error: none of the following functions can be called with the arguments supplied: 
public/*package*/ constructor Module(p0: ClassLoader!) defined in java.lang.Module
public/*package*/ constructor Module(p0: ClassLoader!, p1: ModuleDescriptor!) defined in java.lang.Module
public/*package*/ constructor Module(p0: ModuleLayer!, p1: ClassLoader!, p2: ModuleDescriptor!, p3: URI!) defined in java.lang.Module
@Module
 ^
core/sync/src/main/kotlin/com/autodrive/app/core/sync/di/DeletionFeedModule.kt:12:2: error: unresolved reference: InstallIn
@InstallIn(SingletonComponent::class)
 ^
core/sync/src/main/kotlin/com/autodrive/app/core/sync/di/DeletionFeedModule.kt:12:12: error: unresolved reference: SingletonComponent
@InstallIn(SingletonComponent::class)
           ^
core/sync/src/main/kotlin/com/autodrive/app/core/sync/di/DeletionFeedModule.kt:14:6: error: unresolved reference: Provides
    @Provides
     ^
core/sync/src/main/kotlin/com/autodrive/app/core/sync/di/DeletionFeedModule.kt:15:6: error: unresolved reference: Singleton
    @Singleton
     ^
core/sync/src/main/kotlin/com/autodrive/app/core/sync/di/SyncDiagnosticsModule.kt:5:8: error: unresolved reference: dagger
import dagger.Binds
       ^
core/sync/src/main/kotlin/com/autodrive/app/core/sync/di/SyncDiagnosticsModule.kt:6:8: error: unresolved reference: dagger
import dagger.Module
       ^
core/sync/src/main/kotlin/com/autodrive/app/core/sync/di/SyncDiagnosticsModule.kt:7:8: error: unresolved reference: dagger
import dagger.hilt.InstallIn
       ^
core/sync/src/main/kotlin/com/autodrive/app/core/sync/di/SyncDiagnosticsModule.kt:8:8: error: unresolved reference: dagger
import dagger.hilt.components.SingletonComponent
       ^
core/sync/src/main/kotlin/com/autodrive/app/core/sync/di/SyncDiagnosticsModule.kt:10:2: error: none of the following functions can be called with the arguments supplied: 
public/*package*/ constructor Module(p0: ClassLoader!) defined in java.lang.Module
public/*package*/ constructor Module(p0: ClassLoader!, p1: ModuleDescriptor!) defined in java.lang.Module
public/*package*/ constructor Module(p0: ModuleLayer!, p1: ClassLoader!, p2: ModuleDescriptor!, p3: URI!) defined in java.lang.Module
@Module
 ^
core/sync/src/main/kotlin/com/autodrive/app/core/sync/di/SyncDiagnosticsModule.kt:11:2: error: unresolved reference: InstallIn
@InstallIn(SingletonComponent::class)
 ^
core/sync/src/main/kotlin/com/autodrive/app/core/sync/di/SyncDiagnosticsModule.kt:11:12: error: unresolved reference: SingletonComponent
@InstallIn(SingletonComponent::class)
           ^
core/sync/src/main/kotlin/com/autodrive/app/core/sync/di/SyncDiagnosticsModule.kt:13:6: error: unresolved reference: Binds
    @Binds
     ^
core/sync/src/main/kotlin/com/autodrive/app/core/sync/di/SyncEngineModule.kt:5:8: error: unresolved reference: dagger
import dagger.Binds
       ^
core/sync/src/main/kotlin/com/autodrive/app/core/sync/di/SyncEngineModule.kt:6:8: error: unresolved reference: dagger
import dagger.Module
       ^
core/sync/src/main/kotlin/com/autodrive/app/core/sync/di/SyncEngineModule.kt:7:8: error: unresolved reference: dagger
import dagger.hilt.InstallIn
       ^
core/sync/src/main/kotlin/com/autodrive/app/core/sync/di/SyncEngineModule.kt:8:8: error: unresolved reference: dagger
import dagger.hilt.components.SingletonComponent
       ^
core/sync/src/main/kotlin/com/autodrive/app/core/sync/di/SyncEngineModule.kt:9:14: error: unresolved reference: inject
import javax.inject.Singleton
             ^
core/sync/src/main/kotlin/com/autodrive/app/core/sync/di/SyncEngineModule.kt:11:2: error: none of the following functions can be called with the arguments supplied: 
public/*package*/ constructor Module(p0: ClassLoader!) defined in java.lang.Module
public/*package*/ constructor Module(p0: ClassLoader!, p1: ModuleDescriptor!) defined in java.lang.Module
public/*package*/ constructor Module(p0: ModuleLayer!, p1: ClassLoader!, p2: ModuleDescriptor!, p3: URI!) defined in java.lang.Module
@Module
 ^
core/sync/src/main/kotlin/com/autodrive/app/core/sync/di/SyncEngineModule.kt:12:2: error: unresolved reference: InstallIn
@InstallIn(SingletonComponent::class)
 ^
core/sync/src/main/kotlin/com/autodrive/app/core/sync/di/SyncEngineModule.kt:12:12: error: unresolved reference: SingletonComponent
@InstallIn(SingletonComponent::class)
           ^
core/sync/src/main/kotlin/com/autodrive/app/core/sync/di/SyncEngineModule.kt:14:6: error: unresolved reference: Binds
    @Binds
     ^
core/sync/src/main/kotlin/com/autodrive/app/core/sync/di/SyncEngineModule.kt:15:6: error: unresolved reference: Singleton
    @Singleton
     ^
core/sync/src/main/kotlin/com/autodrive/app/core/sync/di/SyncFaultModule.kt:5:8: error: unresolved reference: dagger
import dagger.Module
       ^
core/sync/src/main/kotlin/com/autodrive/app/core/sync/di/SyncFaultModule.kt:6:8: error: unresolved reference: dagger
import dagger.Provides
       ^
core/sync/src/main/kotlin/com/autodrive/app/core/sync/di/SyncFaultModule.kt:7:8: error: unresolved reference: dagger
import dagger.hilt.InstallIn
       ^
core/sync/src/main/kotlin/com/autodrive/app/core/sync/di/SyncFaultModule.kt:8:8: error: unresolved reference: dagger
import dagger.hilt.components.SingletonComponent
       ^
core/sync/src/main/kotlin/com/autodrive/app/core/sync/di/SyncFaultModule.kt:9:14: error: unresolved reference: inject
import javax.inject.Singleton
             ^
core/sync/src/main/kotlin/com/autodrive/app/core/sync/di/SyncFaultModule.kt:11:2: error: none of the following functions can be called with the arguments supplied: 
public/*package*/ constructor Module(p0: ClassLoader!) defined in java.lang.Module
public/*package*/ constructor Module(p0: ClassLoader!, p1: ModuleDescriptor!) defined in java.lang.Module
public/*package*/ constructor Module(p0: ModuleLayer!, p1: ClassLoader!, p2: ModuleDescriptor!, p3: URI!) defined in java.lang.Module
@Module
 ^
core/sync/src/main/kotlin/com/autodrive/app/core/sync/di/SyncFaultModule.kt:12:2: error: unresolved reference: InstallIn
@InstallIn(SingletonComponent::class)
 ^
core/sync/src/main/kotlin/com/autodrive/app/core/sync/di/SyncFaultModule.kt:12:12: error: unresolved reference: SingletonComponent
@InstallIn(SingletonComponent::class)
           ^
core/sync/src/main/kotlin/com/autodrive/app/core/sync/di/SyncFaultModule.kt:14:6: error: unresolved reference: Provides
    @Provides
     ^
core/sync/src/main/kotlin/com/autodrive/app/core/sync/di/SyncFaultModule.kt:15:6: error: unresolved reference: Singleton
    @Singleton
     ^
core/sync/src/main/kotlin/com/autodrive/app/core/sync/di/SyncModule.kt:10:8: error: unresolved reference: dagger
import dagger.Binds
       ^
core/sync/src/main/kotlin/com/autodrive/app/core/sync/di/SyncModule.kt:11:8: error: unresolved reference: dagger
import dagger.Module
       ^
core/sync/src/main/kotlin/com/autodrive/app/core/sync/di/SyncModule.kt:12:8: error: unresolved reference: dagger
import dagger.hilt.InstallIn
       ^
core/sync/src/main/kotlin/com/autodrive/app/core/sync/di/SyncModule.kt:13:8: error: unresolved reference: dagger
import dagger.hilt.components.SingletonComponent
       ^
core/sync/src/main/kotlin/com/autodrive/app/core/sync/di/SyncModule.kt:14:14: error: unresolved reference: inject
import javax.inject.Singleton
             ^
core/sync/src/main/kotlin/com/autodrive/app/core/sync/di/SyncModule.kt:16:2: error: none of the following functions can be called with the arguments supplied: 
public/*package*/ constructor Module(p0: ClassLoader!) defined in java.lang.Module
public/*package*/ constructor Module(p0: ClassLoader!, p1: ModuleDescriptor!) defined in java.lang.Module
public/*package*/ constructor Module(p0: ModuleLayer!, p1: ClassLoader!, p2: ModuleDescriptor!, p3: URI!) defined in java.lang.Module
@Module
 ^
core/sync/src/main/kotlin/com/autodrive/app/core/sync/di/SyncModule.kt:17:2: error: unresolved reference: InstallIn
@InstallIn(SingletonComponent::class)
 ^
core/sync/src/main/kotlin/com/autodrive/app/core/sync/di/SyncModule.kt:17:12: error: unresolved reference: SingletonComponent
@InstallIn(SingletonComponent::class)
           ^
core/sync/src/main/kotlin/com/autodrive/app/core/sync/di/SyncModule.kt:20:6: error: unresolved reference: Binds
    @Binds
     ^
core/sync/src/main/kotlin/com/autodrive/app/core/sync/di/SyncModule.kt:21:6: error: unresolved reference: Singleton
    @Singleton
     ^
core/sync/src/main/kotlin/com/autodrive/app/core/sync/di/SyncModule.kt:25:6: error: unresolved reference: Binds
    @Binds
     ^
core/sync/src/main/kotlin/com/autodrive/app/core/sync/di/SyncModule.kt:26:6: error: unresolved reference: Singleton
    @Singleton
     ^
core/sync/src/main/kotlin/com/autodrive/app/core/sync/di/SyncModule.kt:29:6: error: unresolved reference: Binds
    @Binds
     ^
core/sync/src/main/kotlin/com/autodrive/app/core/sync/di/SyncModule.kt:30:6: error: unresolved reference: Singleton
    @Singleton
     ^
core/sync/src/main/kotlin/com/autodrive/app/core/sync/di/SyncModule.kt:33:6: error: unresolved reference: Binds
    @Binds
     ^
core/sync/src/main/kotlin/com/autodrive/app/core/sync/di/SyncModule.kt:34:6: error: unresolved reference: Singleton
    @Singleton
     ^
core/sync/src/main/kotlin/com/autodrive/app/core/sync/di/UnifiedSyncModule.kt:7:8: error: unresolved reference: dagger
import dagger.Binds
       ^
core/sync/src/main/kotlin/com/autodrive/app/core/sync/di/UnifiedSyncModule.kt:8:8: error: unresolved reference: dagger
import dagger.Module
       ^
core/sync/src/main/kotlin/com/autodrive/app/core/sync/di/UnifiedSyncModule.kt:9:8: error: unresolved reference: dagger
import dagger.hilt.InstallIn
       ^
core/sync/src/main/kotlin/com/autodrive/app/core/sync/di/UnifiedSyncModule.kt:10:8: error: unresolved reference: dagger
import dagger.hilt.components.SingletonComponent
       ^
core/sync/src/main/kotlin/com/autodrive/app/core/sync/di/UnifiedSyncModule.kt:11:14: error: unresolved reference: inject
import javax.inject.Singleton
             ^
core/sync/src/main/kotlin/com/autodrive/app/core/sync/di/UnifiedSyncModule.kt:13:2: error: none of the following functions can be called with the arguments supplied: 
public/*package*/ constructor Module(p0: ClassLoader!) defined in java.lang.Module
public/*package*/ constructor Module(p0: ClassLoader!, p1: ModuleDescriptor!) defined in java.lang.Module
public/*package*/ constructor Module(p0: ModuleLayer!, p1: ClassLoader!, p2: ModuleDescriptor!, p3: URI!) defined in java.lang.Module
@Module
 ^
core/sync/src/main/kotlin/com/autodrive/app/core/sync/di/UnifiedSyncModule.kt:14:2: error: unresolved reference: InstallIn
@InstallIn(SingletonComponent::class)
 ^
core/sync/src/main/kotlin/com/autodrive/app/core/sync/di/UnifiedSyncModule.kt:14:12: error: unresolved reference: SingletonComponent
@InstallIn(SingletonComponent::class)
           ^
core/sync/src/main/kotlin/com/autodrive/app/core/sync/di/UnifiedSyncModule.kt:16:6: error: unresolved reference: Binds
    @Binds @Singleton abstract fun bindUnifiedChangeFeed(impl: SupabaseUnifiedSyncGateway): UnifiedChangeFeed
     ^
core/sync/src/main/kotlin/com/autodrive/app/core/sync/di/UnifiedSyncModule.kt:16:13: error: unresolved reference: Singleton
    @Binds @Singleton abstract fun bindUnifiedChangeFeed(impl: SupabaseUnifiedSyncGateway): UnifiedChangeFeed
            ^
core/sync/src/main/kotlin/com/autodrive/app/core/sync/di/UnifiedSyncModule.kt:17:6: error: unresolved reference: Binds
    @Binds @Singleton abstract fun bindBootstrapSnapshotSource(impl: SupabaseUnifiedSyncGateway): BootstrapSnapshotSource
     ^
core/sync/src/main/kotlin/com/autodrive/app/core/sync/di/UnifiedSyncModule.kt:17:13: error: unresolved reference: Singleton
    @Binds @Singleton abstract fun bindBootstrapSnapshotSource(impl: SupabaseUnifiedSyncGateway): BootstrapSnapshotSource
            ^
core/sync/src/main/kotlin/com/autodrive/app/core/sync/di/UnifiedSyncModule.kt:18:6: error: unresolved reference: Binds
    @Binds @Singleton abstract fun bindReconciliationManifestSource(impl: SupabaseUnifiedSyncGateway): ReconciliationManifestSource
     ^
core/sync/src/main/kotlin/com/autodrive/app/core/sync/di/UnifiedSyncModule.kt:18:13: error: unresolved reference: Singleton
    @Binds @Singleton abstract fun bindReconciliationManifestSource(impl: SupabaseUnifiedSyncGateway): ReconciliationManifestSource
            ^
core/sync/src/main/kotlin/com/autodrive/app/core/sync/diagnostics/SyncDiagnostics.kt:8:14: error: unresolved reference: inject
import javax.inject.Inject
             ^
core/sync/src/main/kotlin/com/autodrive/app/core/sync/diagnostics/SyncDiagnostics.kt:9:14: error: unresolved reference: inject
import javax.inject.Singleton
             ^
core/sync/src/main/kotlin/com/autodrive/app/core/sync/diagnostics/SyncDiagnostics.kt:66:2: error: unresolved reference: Singleton
@Singleton
 ^
core/sync/src/main/kotlin/com/autodrive/app/core/sync/diagnostics/SyncDiagnostics.kt:67:31: error: unresolved reference: Inject
class DefaultSyncDiagnostics @Inject constructor() : SyncDiagnostics {
                              ^
core/sync/src/main/kotlin/com/autodrive/app/core/sync/diagnostics/SyncObservabilityStore.kt:11:14: error: unresolved reference: inject
import javax.inject.Inject
             ^
core/sync/src/main/kotlin/com/autodrive/app/core/sync/diagnostics/SyncObservabilityStore.kt:12:14: error: unresolved reference: inject
import javax.inject.Singleton
             ^
core/sync/src/main/kotlin/com/autodrive/app/core/sync/diagnostics/SyncObservabilityStore.kt:13:8: error: unresolved reference: kotlinx
import kotlinx.coroutines.sync.Mutex
       ^
core/sync/src/main/kotlin/com/autodrive/app/core/sync/diagnostics/SyncObservabilityStore.kt:14:8: error: unresolved reference: kotlinx
import kotlinx.coroutines.sync.withLock
       ^
core/sync/src/main/kotlin/com/autodrive/app/core/sync/diagnostics/SyncObservabilityStore.kt:20:2: error: unresolved reference: Singleton
@Singleton
 ^
core/sync/src/main/kotlin/com/autodrive/app/core/sync/diagnostics/SyncObservabilityStore.kt:21:31: error: unresolved reference: Inject
class SyncObservabilityStore @Inject constructor(
                              ^
core/sync/src/main/kotlin/com/autodrive/app/core/sync/diagnostics/SyncObservabilityStore.kt:25:25: error: unresolved reference: Mutex
    private val mutex = Mutex()
                        ^
core/sync/src/main/kotlin/com/autodrive/app/core/sync/diagnostics/SyncObservabilityStore.kt:157:47: error: suspension functions can be called only within coroutine body
        val prior = db.syncObservabilityDao().get(scope.userId, scope.clientId, scope.orgId, UnifiedSyncContract.STREAM)
                                              ^
core/sync/src/main/kotlin/com/autodrive/app/core/sync/diagnostics/SyncObservabilityStore.kt:166:35: error: suspension functions can be called only within coroutine body
        db.syncObservabilityDao().upsert(block(prior, now))
                                  ^
core/sync/src/main/kotlin/com/autodrive/app/core/sync/diagnostics/SyncRunContext.kt:3:8: error: unresolved reference: android
import android.content.Context
       ^
core/sync/src/main/kotlin/com/autodrive/app/core/sync/diagnostics/SyncRunContext.kt:6:8: error: unresolved reference: dagger
import dagger.hilt.android.qualifiers.ApplicationContext
       ^
core/sync/src/main/kotlin/com/autodrive/app/core/sync/diagnostics/SyncRunContext.kt:9:14: error: unresolved reference: inject
import javax.inject.Inject
             ^
core/sync/src/main/kotlin/com/autodrive/app/core/sync/diagnostics/SyncRunContext.kt:10:14: error: unresolved reference: inject
import javax.inject.Singleton
             ^
core/sync/src/main/kotlin/com/autodrive/app/core/sync/diagnostics/SyncRunContext.kt:21:2: error: unresolved reference: Singleton
@Singleton
 ^
core/sync/src/main/kotlin/com/autodrive/app/core/sync/diagnostics/SyncRunContext.kt:22:33: error: unresolved reference: Inject
class ScopeFingerprintProvider @Inject constructor(
                                ^
core/sync/src/main/kotlin/com/autodrive/app/core/sync/diagnostics/SyncRunContext.kt:23:6: error: unresolved reference: ApplicationContext
    @ApplicationContext private val context: Context,
     ^
core/sync/src/main/kotlin/com/autodrive/app/core/sync/diagnostics/SyncRunContext.kt:23:46: error: unresolved reference: Context
    @ApplicationContext private val context: Context,
                                             ^
core/sync/src/main/kotlin/com/autodrive/app/core/sync/diagnostics/SyncRunContext.kt:35:57: error: unresolved reference: Context
        val prefs = context.getSharedPreferences(PREFS, Context.MODE_PRIVATE)
                                                        ^
core/sync/src/main/kotlin/com/autodrive/app/core/sync/diagnostics/SyncRunContext.kt:36:52: error: unresolved reference: it
        prefs.getString(KEY_SALT, null)?.let { if (it.length >= 32) return it }
                                                   ^
core/sync/src/main/kotlin/com/autodrive/app/core/sync/diagnostics/SyncRunContext.kt:36:69: error: 'return' is not allowed here
        prefs.getString(KEY_SALT, null)?.let { if (it.length >= 32) return it }
                                                                    ^
core/sync/src/main/kotlin/com/autodrive/app/core/sync/diagnostics/SyncRunContext.kt:36:76: error: unresolved reference: it
        prefs.getString(KEY_SALT, null)?.let { if (it.length >= 32) return it }
                                                                           ^
core/sync/src/main/kotlin/com/autodrive/app/core/sync/domain/RealtimeConnectionObserver.kt:3:8: error: unresolved reference: kotlinx
import kotlinx.coroutines.flow.StateFlow
       ^
core/sync/src/main/kotlin/com/autodrive/app/core/sync/domain/RealtimeConnectionObserver.kt:20:26: error: unresolved reference: StateFlow
    val connectionState: StateFlow<RealtimeConnectionState>
                         ^
core/sync/src/main/kotlin/com/autodrive/app/core/sync/domain/RealtimeConnectionObserver.kt:21:26: error: unresolved reference: StateFlow
    val aggregateHealth: StateFlow<RealtimeAggregateHealth>
                         ^
core/sync/src/main/kotlin/com/autodrive/app/core/sync/domain/SyncConnectivity.kt:3:8: error: unresolved reference: kotlinx
import kotlinx.coroutines.flow.Flow
       ^
core/sync/src/main/kotlin/com/autodrive/app/core/sync/domain/SyncConnectivity.kt:6:22: error: unresolved reference: Flow
    val isConnected: Flow<Boolean>
                     ^
core/sync/src/main/kotlin/com/autodrive/app/core/sync/domain/SyncCoordinator.kt:3:8: error: unresolved reference: kotlinx
import kotlinx.coroutines.flow.StateFlow
       ^
core/sync/src/main/kotlin/com/autodrive/app/core/sync/domain/SyncCoordinator.kt:65:16: error: unresolved reference: StateFlow
    val state: StateFlow<SyncState>
               ^
core/sync/src/main/kotlin/com/autodrive/app/core/sync/outbox/IdempotentServerCommandGateway.kt:7:8: error: unresolved reference: io
import io.github.jan.supabase.exceptions.HttpRequestException
       ^
core/sync/src/main/kotlin/com/autodrive/app/core/sync/outbox/IdempotentServerCommandGateway.kt:8:8: error: unresolved reference: io
import io.github.jan.supabase.exceptions.RestException
       ^
core/sync/src/main/kotlin/com/autodrive/app/core/sync/outbox/IdempotentServerCommandGateway.kt:9:8: error: unresolved reference: io
import io.github.jan.supabase.postgrest.postgrest
       ^
core/sync/src/main/kotlin/com/autodrive/app/core/sync/outbox/IdempotentServerCommandGateway.kt:10:8: error: unresolved reference: io
import io.github.jan.supabase.postgrest.rpc
       ^
core/sync/src/main/kotlin/com/autodrive/app/core/sync/outbox/IdempotentServerCommandGateway.kt:11:8: error: unresolved reference: io
import io.ktor.client.plugins.HttpRequestTimeoutException
       ^
core/sync/src/main/kotlin/com/autodrive/app/core/sync/outbox/IdempotentServerCommandGateway.kt:14:14: error: unresolved reference: inject
import javax.inject.Inject
             ^
core/sync/src/main/kotlin/com/autodrive/app/core/sync/outbox/IdempotentServerCommandGateway.kt:15:14: error: unresolved reference: inject
import javax.inject.Singleton
             ^
core/sync/src/main/kotlin/com/autodrive/app/core/sync/outbox/IdempotentServerCommandGateway.kt:17:8: error: unresolved reference: kotlinx
import kotlinx.serialization.SerialName
       ^
core/sync/src/main/kotlin/com/autodrive/app/core/sync/outbox/IdempotentServerCommandGateway.kt:18:8: error: unresolved reference: kotlinx
import kotlinx.serialization.Serializable
       ^
core/sync/src/main/kotlin/com/autodrive/app/core/sync/outbox/IdempotentServerCommandGateway.kt:37:2: error: cannot access 'Serializable': it is internal in 'kotlin.io'
@Serializable
 ^
core/sync/src/main/kotlin/com/autodrive/app/core/sync/outbox/IdempotentServerCommandGateway.kt:37:2: error: this class does not have a constructor
@Serializable
 ^
core/sync/src/main/kotlin/com/autodrive/app/core/sync/outbox/IdempotentServerCommandGateway.kt:39:6: error: unresolved reference: SerialName
    @SerialName("mutation_id") val mutationId: String,
     ^
core/sync/src/main/kotlin/com/autodrive/app/core/sync/outbox/IdempotentServerCommandGateway.kt:40:6: error: unresolved reference: SerialName
    @SerialName("command_type") val commandType: String,
     ^
core/sync/src/main/kotlin/com/autodrive/app/core/sync/outbox/IdempotentServerCommandGateway.kt:41:6: error: unresolved reference: SerialName
    @SerialName("result_status") val resultStatus: String,
     ^
core/sync/src/main/kotlin/com/autodrive/app/core/sync/outbox/IdempotentServerCommandGateway.kt:42:6: error: unresolved reference: SerialName
    @SerialName("server_entity_id") val serverEntityId: String? = null,
     ^
core/sync/src/main/kotlin/com/autodrive/app/core/sync/outbox/IdempotentServerCommandGateway.kt:43:6: error: unresolved reference: SerialName
    @SerialName("server_revision") val serverRevision: Long,
     ^
core/sync/src/main/kotlin/com/autodrive/app/core/sync/outbox/IdempotentServerCommandGateway.kt:44:6: error: unresolved reference: SerialName
    @SerialName("revision_kind") val revisionKind: String,
     ^
core/sync/src/main/kotlin/com/autodrive/app/core/sync/outbox/IdempotentServerCommandGateway.kt:46:6: error: unresolved reference: SerialName
    @SerialName("error_code") val errorCode: String? = null,
     ^
core/sync/src/main/kotlin/com/autodrive/app/core/sync/outbox/IdempotentServerCommandGateway.kt:47:6: error: unresolved reference: SerialName
    @SerialName("server_created_at_ms") val serverCreatedAt: Long? = null,
     ^
core/sync/src/main/kotlin/com/autodrive/app/core/sync/outbox/IdempotentServerCommandGateway.kt:48:6: error: unresolved reference: SerialName
    @SerialName("result_count") val resultCount: Int? = null,
     ^
core/sync/src/main/kotlin/com/autodrive/app/core/sync/outbox/IdempotentServerCommandGateway.kt:51:2: error: cannot access 'Serializable': it is internal in 'kotlin.io'
@Serializable
 ^
core/sync/src/main/kotlin/com/autodrive/app/core/sync/outbox/IdempotentServerCommandGateway.kt:51:2: error: this class does not have a constructor
@Serializable
 ^
core/sync/src/main/kotlin/com/autodrive/app/core/sync/outbox/IdempotentServerCommandGateway.kt:53:6: error: unresolved reference: SerialName
    @SerialName("p_mutation_id") val mutationId: String,
     ^
core/sync/src/main/kotlin/com/autodrive/app/core/sync/outbox/IdempotentServerCommandGateway.kt:54:6: error: unresolved reference: SerialName
    @SerialName("p_full_name") val fullName: String? = null,
     ^
core/sync/src/main/kotlin/com/autodrive/app/core/sync/outbox/IdempotentServerCommandGateway.kt:55:6: error: unresolved reference: SerialName
    @SerialName("p_phone") val phone: String? = null,
     ^
core/sync/src/main/kotlin/com/autodrive/app/core/sync/outbox/IdempotentServerCommandGateway.kt:56:6: error: unresolved reference: SerialName
    @SerialName("p_bank_name") val bankName: String? = null,
     ^
core/sync/src/main/kotlin/com/autodrive/app/core/sync/outbox/IdempotentServerCommandGateway.kt:57:6: error: unresolved reference: SerialName
    @SerialName("p_bank_account") val bankAccount: String? = null,
     ^
core/sync/src/main/kotlin/com/autodrive/app/core/sync/outbox/IdempotentServerCommandGateway.kt:58:6: error: unresolved reference: SerialName
    @SerialName("p_workshop_name") val workshopName: String? = null,
     ^
core/sync/src/main/kotlin/com/autodrive/app/core/sync/outbox/IdempotentServerCommandGateway.kt:59:6: error: unresolved reference: SerialName
    @SerialName("p_specialty") val specialty: String? = null,
     ^
core/sync/src/main/kotlin/com/autodrive/app/core/sync/outbox/IdempotentServerCommandGateway.kt:60:6: error: unresolved reference: SerialName
    @SerialName("p_workers_count") val workersCount: Int? = null,
     ^
core/sync/src/main/kotlin/com/autodrive/app/core/sync/outbox/IdempotentServerCommandGateway.kt:61:6: error: unresolved reference: SerialName
    @SerialName("p_address") val address: String? = null,
     ^
core/sync/src/main/kotlin/com/autodrive/app/core/sync/outbox/IdempotentServerCommandGateway.kt:64:2: error: cannot access 'Serializable': it is internal in 'kotlin.io'
@Serializable
 ^
core/sync/src/main/kotlin/com/autodrive/app/core/sync/outbox/IdempotentServerCommandGateway.kt:64:2: error: this class does not have a constructor
@Serializable
 ^
core/sync/src/main/kotlin/com/autodrive/app/core/sync/outbox/IdempotentServerCommandGateway.kt:66:6: error: unresolved reference: SerialName
    @SerialName("p_mutation_id") val mutationId: String,
     ^
core/sync/src/main/kotlin/com/autodrive/app/core/sync/outbox/IdempotentServerCommandGateway.kt:67:6: error: unresolved reference: SerialName
    @SerialName("p_amount")
     ^
core/sync/src/main/kotlin/com/autodrive/app/core/sync/outbox/IdempotentServerCommandGateway.kt:68:6: error: cannot access 'Serializable': it is internal in 'kotlin.io'
    @Serializable(with = BigDecimalSerializer::class)
     ^
core/sync/src/main/kotlin/com/autodrive/app/core/sync/outbox/IdempotentServerCommandGateway.kt:68:18: error: this class does not have a constructor
    @Serializable(with = BigDecimalSerializer::class)
                 ^
core/sync/src/main/kotlin/com/autodrive/app/core/sync/outbox/IdempotentServerCommandGateway.kt:70:6: error: unresolved reference: SerialName
    @SerialName("p_note") val note: String,
     ^
core/sync/src/main/kotlin/com/autodrive/app/core/sync/outbox/IdempotentServerCommandGateway.kt:73:2: error: cannot access 'Serializable': it is internal in 'kotlin.io'
@Serializable
 ^
core/sync/src/main/kotlin/com/autodrive/app/core/sync/outbox/IdempotentServerCommandGateway.kt:73:2: error: this class does not have a constructor
@Serializable
 ^
core/sync/src/main/kotlin/com/autodrive/app/core/sync/outbox/IdempotentServerCommandGateway.kt:75:6: error: unresolved reference: SerialName
    @SerialName("p_mutation_id") val mutationId: String,
     ^
core/sync/src/main/kotlin/com/autodrive/app/core/sync/outbox/IdempotentServerCommandGateway.kt:76:6: error: unresolved reference: SerialName
    @SerialName("p_message_id") val messageId: String,
     ^
core/sync/src/main/kotlin/com/autodrive/app/core/sync/outbox/IdempotentServerCommandGateway.kt:77:6: error: unresolved reference: SerialName
    @SerialName("p_conversation_id") val conversationId: String,
     ^
core/sync/src/main/kotlin/com/autodrive/app/core/sync/outbox/IdempotentServerCommandGateway.kt:78:6: error: unresolved reference: SerialName
    @SerialName("p_type") val type: String,
     ^
core/sync/src/main/kotlin/com/autodrive/app/core/sync/outbox/IdempotentServerCommandGateway.kt:79:6: error: unresolved reference: SerialName
    @SerialName("p_body") val body: String,
     ^
core/sync/src/main/kotlin/com/autodrive/app/core/sync/outbox/IdempotentServerCommandGateway.kt:80:6: error: unresolved reference: SerialName
    @SerialName("p_media_url") val mediaUrl: String? = null,
     ^
core/sync/src/main/kotlin/com/autodrive/app/core/sync/outbox/IdempotentServerCommandGateway.kt:81:6: error: unresolved reference: SerialName
    @SerialName("p_media_mime") val mediaMime: String? = null,
     ^
core/sync/src/main/kotlin/com/autodrive/app/core/sync/outbox/IdempotentServerCommandGateway.kt:82:6: error: unresolved reference: SerialName
    @SerialName("p_media_duration_ms") val mediaDurationMs: Long? = null,
     ^
core/sync/src/main/kotlin/com/autodrive/app/core/sync/outbox/IdempotentServerCommandGateway.kt:85:2: error: cannot access 'Serializable': it is internal in 'kotlin.io'
@Serializable
 ^
core/sync/src/main/kotlin/com/autodrive/app/core/sync/outbox/IdempotentServerCommandGateway.kt:85:2: error: this class does not have a constructor
@Serializable
 ^
core/sync/src/main/kotlin/com/autodrive/app/core/sync/outbox/IdempotentServerCommandGateway.kt:87:6: error: unresolved reference: SerialName
    @SerialName("p_mutation_id") val mutationId: String,
     ^
core/sync/src/main/kotlin/com/autodrive/app/core/sync/outbox/IdempotentServerCommandGateway.kt:88:6: error: unresolved reference: SerialName
    @SerialName("p_message_id") val messageId: String,
     ^
core/sync/src/main/kotlin/com/autodrive/app/core/sync/outbox/IdempotentServerCommandGateway.kt:89:6: error: unresolved reference: SerialName
    @SerialName("p_conversation_id") val conversationId: String,
     ^
core/sync/src/main/kotlin/com/autodrive/app/core/sync/outbox/IdempotentServerCommandGateway.kt:90:6: error: unresolved reference: SerialName
    @SerialName("p_type") val type: String,
     ^
core/sync/src/main/kotlin/com/autodrive/app/core/sync/outbox/IdempotentServerCommandGateway.kt:91:6: error: unresolved reference: SerialName
    @SerialName("p_body") val body: String,
     ^
core/sync/src/main/kotlin/com/autodrive/app/core/sync/outbox/IdempotentServerCommandGateway.kt:92:6: error: unresolved reference: SerialName
    @SerialName("p_media_url") val mediaUrl: String? = null,
     ^
core/sync/src/main/kotlin/com/autodrive/app/core/sync/outbox/IdempotentServerCommandGateway.kt:93:6: error: unresolved reference: SerialName
    @SerialName("p_media_mime") val mediaMime: String? = null,
     ^
core/sync/src/main/kotlin/com/autodrive/app/core/sync/outbox/IdempotentServerCommandGateway.kt:94:6: error: unresolved reference: SerialName
    @SerialName("p_media_duration_ms") val mediaDurationMs: Long? = null,
     ^
core/sync/src/main/kotlin/com/autodrive/app/core/sync/outbox/IdempotentServerCommandGateway.kt:95:6: error: unresolved reference: SerialName
    @SerialName("p_media_object_path") val mediaObjectPath: String,
     ^
core/sync/src/main/kotlin/com/autodrive/app/core/sync/outbox/IdempotentServerCommandGateway.kt:99:2: error: cannot access 'Serializable': it is internal in 'kotlin.io'
@Serializable
 ^
core/sync/src/main/kotlin/com/autodrive/app/core/sync/outbox/IdempotentServerCommandGateway.kt:99:2: error: this class does not have a constructor
@Serializable
 ^
core/sync/src/main/kotlin/com/autodrive/app/core/sync/outbox/IdempotentServerCommandGateway.kt:101:6: error: unresolved reference: SerialName
    @SerialName("p_mutation_id") val mutationId: String,
     ^
core/sync/src/main/kotlin/com/autodrive/app/core/sync/outbox/IdempotentServerCommandGateway.kt:102:6: error: unresolved reference: SerialName
    @SerialName("p_local_conversation_id") val localConversationId: String,
     ^
core/sync/src/main/kotlin/com/autodrive/app/core/sync/outbox/IdempotentServerCommandGateway.kt:103:6: error: unresolved reference: SerialName
    @SerialName("p_subject") val subject: String,
     ^
core/sync/src/main/kotlin/com/autodrive/app/core/sync/outbox/IdempotentServerCommandGateway.kt:106:2: error: cannot access 'Serializable': it is internal in 'kotlin.io'
@Serializable
 ^
core/sync/src/main/kotlin/com/autodrive/app/core/sync/outbox/IdempotentServerCommandGateway.kt:106:2: error: this class does not have a constructor
@Serializable
 ^
core/sync/src/main/kotlin/com/autodrive/app/core/sync/outbox/IdempotentServerCommandGateway.kt:108:6: error: unresolved reference: SerialName
    @SerialName("p_mutation_id") val mutationId: String,
     ^
core/sync/src/main/kotlin/com/autodrive/app/core/sync/outbox/IdempotentServerCommandGateway.kt:109:6: error: unresolved reference: SerialName
    @SerialName("p_conversation_id") val conversationId: String,
     ^
core/sync/src/main/kotlin/com/autodrive/app/core/sync/outbox/IdempotentServerCommandGateway.kt:112:2: error: cannot access 'Serializable': it is internal in 'kotlin.io'
@Serializable
 ^
core/sync/src/main/kotlin/com/autodrive/app/core/sync/outbox/IdempotentServerCommandGateway.kt:112:2: error: this class does not have a constructor
@Serializable
 ^
core/sync/src/main/kotlin/com/autodrive/app/core/sync/outbox/IdempotentServerCommandGateway.kt:114:6: error: unresolved reference: SerialName
    @SerialName("p_mutation_id") val mutationId: String,
     ^
core/sync/src/main/kotlin/com/autodrive/app/core/sync/outbox/IdempotentServerCommandGateway.kt:115:6: error: unresolved reference: SerialName
    @SerialName("p_notification_id") val notificationId: String,
     ^
core/sync/src/main/kotlin/com/autodrive/app/core/sync/outbox/IdempotentServerCommandGateway.kt:118:2: error: unresolved reference: Singleton
@Singleton
 ^
core/sync/src/main/kotlin/com/autodrive/app/core/sync/outbox/IdempotentServerCommandGateway.kt:119:39: error: unresolved reference: Inject
class IdempotentServerCommandGateway @Inject constructor(
                                      ^
core/sync/src/main/kotlin/com/autodrive/app/core/sync/outbox/IdempotentServerCommandGateway.kt:205:27: error: unresolved reference: HttpRequestTimeoutException
        } catch (timeout: HttpRequestTimeoutException) {
                          ^
core/sync/src/main/kotlin/com/autodrive/app/core/sync/outbox/IdempotentServerCommandGateway.kt:207:24: error: unresolved reference: HttpRequestException
        } catch (http: HttpRequestException) {
                       ^
core/sync/src/main/kotlin/com/autodrive/app/core/sync/outbox/IdempotentServerCommandGateway.kt:211:24: error: unresolved reference: RestException
        } catch (rest: RestException) {
                       ^
core/sync/src/main/kotlin/com/autodrive/app/core/sync/outbox/IdempotentServerCommandGateway.kt:217:30: error: unresolved reference: mutationId
            mutationId = dto.mutationId,
                             ^
core/sync/src/main/kotlin/com/autodrive/app/core/sync/outbox/IdempotentServerCommandGateway.kt:218:31: error: unresolved reference: commandType
            commandType = dto.commandType,
                              ^
core/sync/src/main/kotlin/com/autodrive/app/core/sync/outbox/IdempotentServerCommandGateway.kt:219:32: error: unresolved reference: resultStatus
            resultStatus = dto.resultStatus,
                               ^
core/sync/src/main/kotlin/com/autodrive/app/core/sync/outbox/IdempotentServerCommandGateway.kt:220:34: error: unresolved reference: serverEntityId
            serverEntityId = dto.serverEntityId,
                                 ^
core/sync/src/main/kotlin/com/autodrive/app/core/sync/outbox/IdempotentServerCommandGateway.kt:221:34: error: unresolved reference: serverRevision
            serverRevision = dto.serverRevision,
                                 ^
core/sync/src/main/kotlin/com/autodrive/app/core/sync/outbox/IdempotentServerCommandGateway.kt:222:32: error: unresolved reference: revisionKind
            revisionKind = dto.revisionKind,
                               ^
core/sync/src/main/kotlin/com/autodrive/app/core/sync/outbox/IdempotentServerCommandGateway.kt:223:28: error: unresolved reference: replayed
            replayed = dto.replayed,
                           ^
core/sync/src/main/kotlin/com/autodrive/app/core/sync/outbox/IdempotentServerCommandGateway.kt:224:29: error: unresolved reference: errorCode
            errorCode = dto.errorCode,
                            ^
core/sync/src/main/kotlin/com/autodrive/app/core/sync/outbox/IdempotentServerCommandGateway.kt:225:35: error: unresolved reference: serverCreatedAt
            serverCreatedAt = dto.serverCreatedAt,
                                  ^
core/sync/src/main/kotlin/com/autodrive/app/core/sync/outbox/IdempotentServerCommandGateway.kt:226:31: error: unresolved reference: resultCount
            resultCount = dto.resultCount,
                              ^
core/sync/src/main/kotlin/com/autodrive/app/core/sync/outbox/OutboxContracts.kt:3:8: error: unresolved reference: kotlinx
import kotlinx.serialization.SerialName
       ^
core/sync/src/main/kotlin/com/autodrive/app/core/sync/outbox/OutboxContracts.kt:4:8: error: unresolved reference: kotlinx
import kotlinx.serialization.Serializable
       ^
core/sync/src/main/kotlin/com/autodrive/app/core/sync/outbox/OutboxContracts.kt:25:2: error: cannot access 'Serializable': it is internal in 'kotlin.io'
@Serializable
 ^
core/sync/src/main/kotlin/com/autodrive/app/core/sync/outbox/OutboxContracts.kt:25:2: error: this class does not have a constructor
@Serializable
 ^
core/sync/src/main/kotlin/com/autodrive/app/core/sync/outbox/OutboxContracts.kt:28:6: error: unresolved reference: SerialName
    @SerialName("org_id") val orgId: String,
     ^
core/sync/src/main/kotlin/com/autodrive/app/core/sync/outbox/OutboxContracts.kt:29:6: error: unresolved reference: SerialName
    @SerialName("client_id") val clientId: String,
     ^
core/sync/src/main/kotlin/com/autodrive/app/core/sync/outbox/OutboxContracts.kt:30:6: error: unresolved reference: SerialName
    @SerialName("sender_id") val senderId: String,
     ^
core/sync/src/main/kotlin/com/autodrive/app/core/sync/outbox/OutboxContracts.kt:31:6: error: unresolved reference: SerialName
    @SerialName("sender_type") val senderType: String,
     ^
core/sync/src/main/kotlin/com/autodrive/app/core/sync/outbox/OutboxContracts.kt:34:6: error: unresolved reference: SerialName
    @SerialName("media_url") val mediaUrl: String? = null,
     ^
core/sync/src/main/kotlin/com/autodrive/app/core/sync/outbox/OutboxContracts.kt:35:6: error: unresolved reference: SerialName
    @SerialName("media_mime") val mediaMime: String? = null,
     ^
core/sync/src/main/kotlin/com/autodrive/app/core/sync/outbox/OutboxContracts.kt:36:6: error: unresolved reference: SerialName
    @SerialName("media_duration_ms") val mediaDurationMs: Long? = null,
     ^
core/sync/src/main/kotlin/com/autodrive/app/core/sync/outbox/OutboxContracts.kt:37:6: error: unresolved reference: SerialName
    @SerialName("media_object_path") val mediaObjectPath: String? = null,
     ^
core/sync/src/main/kotlin/com/autodrive/app/core/sync/outbox/OutboxContracts.kt:38:6: error: unresolved reference: SerialName
    @SerialName("conversation_id") val conversationId: String,
     ^
core/sync/src/main/kotlin/com/autodrive/app/core/sync/outbox/OutboxContracts.kt:42:2: error: cannot access 'Serializable': it is internal in 'kotlin.io'
@Serializable
 ^
core/sync/src/main/kotlin/com/autodrive/app/core/sync/outbox/OutboxContracts.kt:42:2: error: this class does not have a constructor
@Serializable
 ^
core/sync/src/main/kotlin/com/autodrive/app/core/sync/outbox/OutboxContracts.kt:44:6: error: unresolved reference: SerialName
    @SerialName("local_conversation_id") val localConversationId: String,
     ^
core/sync/src/main/kotlin/com/autodrive/app/core/sync/outbox/OutboxContracts.kt:48:2: error: cannot access 'Serializable': it is internal in 'kotlin.io'
@Serializable
 ^
core/sync/src/main/kotlin/com/autodrive/app/core/sync/outbox/OutboxContracts.kt:48:2: error: this class does not have a constructor
@Serializable
 ^
core/sync/src/main/kotlin/com/autodrive/app/core/sync/outbox/OutboxContracts.kt:50:6: error: unresolved reference: SerialName
    @SerialName("conversation_id") val conversationId: String,
     ^
core/sync/src/main/kotlin/com/autodrive/app/core/sync/outbox/OutboxContracts.kt:53:2: error: cannot access 'Serializable': it is internal in 'kotlin.io'
@Serializable
 ^
core/sync/src/main/kotlin/com/autodrive/app/core/sync/outbox/OutboxContracts.kt:53:2: error: this class does not have a constructor
@Serializable
 ^
core/sync/src/main/kotlin/com/autodrive/app/core/sync/outbox/OutboxContracts.kt:55:6: error: unresolved reference: SerialName
    @SerialName("notification_id") val notificationId: String,
     ^
core/sync/src/main/kotlin/com/autodrive/app/core/sync/realtime/RealtimeHintDispatcher.kt:6:14: error: unresolved reference: inject
import javax.inject.Inject
             ^
core/sync/src/main/kotlin/com/autodrive/app/core/sync/realtime/RealtimeHintDispatcher.kt:7:14: error: unresolved reference: inject
import javax.inject.Provider
             ^
core/sync/src/main/kotlin/com/autodrive/app/core/sync/realtime/RealtimeHintDispatcher.kt:8:14: error: unresolved reference: inject
import javax.inject.Singleton
             ^
core/sync/src/main/kotlin/com/autodrive/app/core/sync/realtime/RealtimeHintDispatcher.kt:9:8: error: unresolved reference: kotlinx
import kotlinx.coroutines.CoroutineScope
       ^
core/sync/src/main/kotlin/com/autodrive/app/core/sync/realtime/RealtimeHintDispatcher.kt:10:8: error: unresolved reference: kotlinx
import kotlinx.coroutines.Dispatchers
       ^
core/sync/src/main/kotlin/com/autodrive/app/core/sync/realtime/RealtimeHintDispatcher.kt:11:8: error: unresolved reference: kotlinx
import kotlinx.coroutines.SupervisorJob
       ^
core/sync/src/main/kotlin/com/autodrive/app/core/sync/realtime/RealtimeHintDispatcher.kt:12:8: error: unresolved reference: kotlinx
import kotlinx.coroutines.launch
       ^
core/sync/src/main/kotlin/com/autodrive/app/core/sync/realtime/RealtimeHintDispatcher.kt:15:2: error: unresolved reference: Singleton
@Singleton
 ^
core/sync/src/main/kotlin/com/autodrive/app/core/sync/realtime/RealtimeHintDispatcher.kt:16:31: error: unresolved reference: Inject
class RealtimeHintDispatcher @Inject constructor(
                              ^
core/sync/src/main/kotlin/com/autodrive/app/core/sync/realtime/RealtimeHintDispatcher.kt:17:42: error: unresolved reference: Provider
    private val syncCoordinatorProvider: Provider<SyncCoordinator>,
                                         ^
core/sync/src/main/kotlin/com/autodrive/app/core/sync/realtime/RealtimeHintDispatcher.kt:19:25: error: unresolved reference: CoroutineScope
    private val scope = CoroutineScope(SupervisorJob() + Dispatchers.IO)
                        ^
core/sync/src/main/kotlin/com/autodrive/app/core/sync/realtime/RealtimeHintDispatcher.kt:19:40: error: unresolved reference: SupervisorJob
    private val scope = CoroutineScope(SupervisorJob() + Dispatchers.IO)
                                       ^
core/sync/src/main/kotlin/com/autodrive/app/core/sync/realtime/RealtimeHintDispatcher.kt:19:58: error: unresolved reference: Dispatchers
    private val scope = CoroutineScope(SupervisorJob() + Dispatchers.IO)
                                                         ^
core/sync/src/main/kotlin/com/autodrive/app/core/sync/realtime/RealtimeHintDispatcher.kt:24:30: error: cannot infer a type for this parameter. Please specify it explicitly.
                .onFailure { error -> AppLogger.w(TAG, "Realtime hint sync request failed: ${error::class.simpleName}") }
                             ^
core/sync/src/main/kotlin/com/autodrive/app/core/sync/realtime/RealtimeManager.kt:12:14: error: unresolved reference: inject
import javax.inject.Inject
             ^
core/sync/src/main/kotlin/com/autodrive/app/core/sync/realtime/RealtimeManager.kt:13:14: error: unresolved reference: inject
import javax.inject.Singleton
             ^
core/sync/src/main/kotlin/com/autodrive/app/core/sync/realtime/RealtimeManager.kt:14:8: error: unresolved reference: kotlinx
import kotlinx.coroutines.CancellationException
       ^
core/sync/src/main/kotlin/com/autodrive/app/core/sync/realtime/RealtimeManager.kt:15:8: error: unresolved reference: kotlinx
import kotlinx.coroutines.CoroutineScope
       ^
core/sync/src/main/kotlin/com/autodrive/app/core/sync/realtime/RealtimeManager.kt:16:8: error: unresolved reference: kotlinx
import kotlinx.coroutines.CoroutineStart
       ^
core/sync/src/main/kotlin/com/autodrive/app/core/sync/realtime/RealtimeManager.kt:17:8: error: unresolved reference: kotlinx
import kotlinx.coroutines.Dispatchers
       ^
core/sync/src/main/kotlin/com/autodrive/app/core/sync/realtime/RealtimeManager.kt:18:8: error: unresolved reference: kotlinx
import kotlinx.coroutines.Job
       ^
core/sync/src/main/kotlin/com/autodrive/app/core/sync/realtime/RealtimeManager.kt:19:8: error: unresolved reference: kotlinx
import kotlinx.coroutines.SupervisorJob
       ^
core/sync/src/main/kotlin/com/autodrive/app/core/sync/realtime/RealtimeManager.kt:20:8: error: unresolved reference: kotlinx
import kotlinx.coroutines.cancelAndJoin
       ^
core/sync/src/main/kotlin/com/autodrive/app/core/sync/realtime/RealtimeManager.kt:21:8: error: unresolved reference: kotlinx
import kotlinx.coroutines.currentCoroutineContext
       ^
core/sync/src/main/kotlin/com/autodrive/app/core/sync/realtime/RealtimeManager.kt:22:8: error: unresolved reference: kotlinx
import kotlinx.coroutines.delay
       ^
core/sync/src/main/kotlin/com/autodrive/app/core/sync/realtime/RealtimeManager.kt:23:8: error: unresolved reference: kotlinx
import kotlinx.coroutines.flow.MutableStateFlow
       ^
core/sync/src/main/kotlin/com/autodrive/app/core/sync/realtime/RealtimeManager.kt:24:8: error: unresolved reference: kotlinx
import kotlinx.coroutines.flow.StateFlow
       ^
core/sync/src/main/kotlin/com/autodrive/app/core/sync/realtime/RealtimeManager.kt:25:8: error: unresolved reference: kotlinx
import kotlinx.coroutines.flow.asStateFlow
       ^
core/sync/src/main/kotlin/com/autodrive/app/core/sync/realtime/RealtimeManager.kt:26:8: error: unresolved reference: kotlinx
import kotlinx.coroutines.isActive
       ^
core/sync/src/main/kotlin/com/autodrive/app/core/sync/realtime/RealtimeManager.kt:27:8: error: unresolved reference: kotlinx
import kotlinx.coroutines.launch
       ^
core/sync/src/main/kotlin/com/autodrive/app/core/sync/realtime/RealtimeManager.kt:28:8: error: unresolved reference: kotlinx
import kotlinx.coroutines.supervisorScope
       ^
core/sync/src/main/kotlin/com/autodrive/app/core/sync/realtime/RealtimeManager.kt:30:2: error: unresolved reference: Singleton
@Singleton
 ^
core/sync/src/main/kotlin/com/autodrive/app/core/sync/realtime/RealtimeManager.kt:31:24: error: unresolved reference: Inject
class RealtimeManager @Inject constructor(
                       ^
core/sync/src/main/kotlin/com/autodrive/app/core/sync/realtime/RealtimeManager.kt:38:25: error: unresolved reference: CoroutineScope
    private val scope = CoroutineScope(SupervisorJob() + Dispatchers.IO)
                        ^
core/sync/src/main/kotlin/com/autodrive/app/core/sync/realtime/RealtimeManager.kt:38:40: error: unresolved reference: SupervisorJob
    private val scope = CoroutineScope(SupervisorJob() + Dispatchers.IO)
                                       ^
core/sync/src/main/kotlin/com/autodrive/app/core/sync/realtime/RealtimeManager.kt:38:58: error: unresolved reference: Dispatchers
    private val scope = CoroutineScope(SupervisorJob() + Dispatchers.IO)
                                                         ^
core/sync/src/main/kotlin/com/autodrive/app/core/sync/realtime/RealtimeManager.kt:42:28: error: unresolved reference: Job
    private var activeJob: Job? = null
                           ^
core/sync/src/main/kotlin/com/autodrive/app/core/sync/realtime/RealtimeManager.kt:45:36: error: unresolved reference: MutableStateFlow
    private val _connectionState = MutableStateFlow(RealtimeConnectionState.DISCONNECTED)
                                   ^
core/sync/src/main/kotlin/com/autodrive/app/core/sync/realtime/RealtimeManager.kt:46:35: error: unresolved reference: StateFlow
    override val connectionState: StateFlow<RealtimeConnectionState> = _connectionState.asStateFlow()
                                  ^
core/sync/src/main/kotlin/com/autodrive/app/core/sync/realtime/RealtimeManager.kt:48:36: error: unresolved reference: MutableStateFlow
    private val _aggregateHealth = MutableStateFlow(RealtimeAggregateHealth.DISCONNECTED)
                                   ^
core/sync/src/main/kotlin/com/autodrive/app/core/sync/realtime/RealtimeManager.kt:49:35: error: unresolved reference: StateFlow
    override val aggregateHealth: StateFlow<RealtimeAggregateHealth> = _aggregateHealth.asStateFlow()
                                  ^
core/sync/src/main/kotlin/com/autodrive/app/core/sync/realtime/RealtimeManager.kt:54:34: error: unresolved reference: CoroutineStart
            scope.launch(start = CoroutineStart.LAZY) {
                                 ^
core/sync/src/main/kotlin/com/autodrive/app/core/sync/realtime/RealtimeManager.kt:56:17: error: suspend function 'connectCurrentSession' should be called only from a coroutine or another suspend function
                connectCurrentSession()
                ^
core/sync/src/main/kotlin/com/autodrive/app/core/sync/realtime/RealtimeManager.kt:57:34: error: unresolved reference: it
            }.also { activeJob = it }
                                 ^
core/sync/src/main/kotlin/com/autodrive/app/core/sync/realtime/RealtimeManager.kt:80:32: error: unresolved reference: CancellationException
        } catch (cancellation: CancellationException) {
                               ^
core/sync/src/main/kotlin/com/autodrive/app/core/sync/realtime/RealtimeManager.kt:87:102: error: unresolved reference: supervisorScope
    private suspend fun connectParticipants(session: RealtimeSession, exactScope: SyncScope): Unit = supervisorScope {
                                                                                                     ^
core/sync/src/main/kotlin/com/autodrive/app/core/sync/realtime/RealtimeManager.kt:100:13: error: unresolved reference: launch
            launch {
            ^
core/sync/src/main/kotlin/com/autodrive/app/core/sync/realtime/RealtimeManager.kt:102:24: error: unresolved reference: currentCoroutineContext
                while (currentCoroutineContext().isActive) {
                       ^
core/sync/src/main/kotlin/com/autodrive/app/core/sync/realtime/RealtimeManager.kt:105:37: error: suspension functions can be called only within coroutine body
                        participant.run(session) {
                                    ^
core/sync/src/main/kotlin/com/autodrive/app/core/sync/realtime/RealtimeManager.kt:111:44: error: unresolved reference: CancellationException
                    } catch (cancellation: CancellationException) {
                                           ^
core/sync/src/main/kotlin/com/autodrive/app/core/sync/realtime/RealtimeManager.kt:120:21: error: unresolved reference: delay
                    delay(retryDelayMs)
                    ^
core/sync/src/main/kotlin/com/autodrive/app/core/sync/realtime/RealtimeManager.kt:150:26: error: variable expected
        _aggregateHealth.value = aggregate
                         ^
core/sync/src/main/kotlin/com/autodrive/app/core/sync/realtime/RealtimeManager.kt:156:54: error: suspend function 'realtime' should be called only from a coroutine or another suspend function
                    runCatching { observabilityStore.realtime(targetScope, aggregate.name, failedRequired) }
                                                     ^
core/sync/src/main/kotlin/com/autodrive/app/core/sync/realtime/RealtimeManager.kt:174:26: error: variable expected
        _aggregateHealth.value = RealtimeAggregateHealth.DISCONNECTED
                         ^
core/sync/src/main/kotlin/com/autodrive/app/core/sync/realtime/RealtimeManager.kt:181:54: error: suspend function 'realtime' should be called only from a coroutine or another suspend function
                    runCatching { observabilityStore.realtime(targetScope, RealtimeAggregateHealth.DISCONNECTED.name, failed) }
                                                     ^
core/sync/src/main/kotlin/com/autodrive/app/core/sync/realtime/RealtimeManager.kt:192:26: error: variable expected
        _connectionState.value = state
                         ^
core/sync/src/main/kotlin/com/autodrive/app/core/sync/worker/PendingOperationsWorker.kt:3:8: error: unresolved reference: android
import android.content.Context
       ^
core/sync/src/main/kotlin/com/autodrive/app/core/sync/worker/PendingOperationsWorker.kt:4:8: error: unresolved reference: androidx
import androidx.hilt.work.HiltWorker
       ^
core/sync/src/main/kotlin/com/autodrive/app/core/sync/worker/PendingOperationsWorker.kt:5:8: error: unresolved reference: androidx
import androidx.work.BackoffPolicy
       ^
core/sync/src/main/kotlin/com/autodrive/app/core/sync/worker/PendingOperationsWorker.kt:6:8: error: unresolved reference: androidx
import androidx.work.Constraints
       ^
core/sync/src/main/kotlin/com/autodrive/app/core/sync/worker/PendingOperationsWorker.kt:7:8: error: unresolved reference: androidx
import androidx.work.CoroutineWorker
       ^
core/sync/src/main/kotlin/com/autodrive/app/core/sync/worker/PendingOperationsWorker.kt:8:8: error: unresolved reference: androidx
import androidx.work.ExistingPeriodicWorkPolicy
       ^
core/sync/src/main/kotlin/com/autodrive/app/core/sync/worker/PendingOperationsWorker.kt:9:8: error: unresolved reference: androidx
import androidx.work.NetworkType
       ^
core/sync/src/main/kotlin/com/autodrive/app/core/sync/worker/PendingOperationsWorker.kt:10:8: error: unresolved reference: androidx
import androidx.work.PeriodicWorkRequestBuilder
       ^
core/sync/src/main/kotlin/com/autodrive/app/core/sync/worker/PendingOperationsWorker.kt:11:8: error: unresolved reference: androidx
import androidx.work.WorkManager
       ^
core/sync/src/main/kotlin/com/autodrive/app/core/sync/worker/PendingOperationsWorker.kt:12:8: error: unresolved reference: androidx
import androidx.work.WorkerParameters
       ^
core/sync/src/main/kotlin/com/autodrive/app/core/sync/worker/PendingOperationsWorker.kt:14:8: error: unresolved reference: dagger
import dagger.assisted.Assisted
       ^
core/sync/src/main/kotlin/com/autodrive/app/core/sync/worker/PendingOperationsWorker.kt:15:8: error: unresolved reference: dagger
import dagger.assisted.AssistedInject
       ^
core/sync/src/main/kotlin/com/autodrive/app/core/sync/worker/PendingOperationsWorker.kt:18:2: error: unresolved reference: HiltWorker
@HiltWorker
 ^
core/sync/src/main/kotlin/com/autodrive/app/core/sync/worker/PendingOperationsWorker.kt:19:32: error: unresolved reference: AssistedInject
class PendingOperationsWorker @AssistedInject constructor(
                               ^
core/sync/src/main/kotlin/com/autodrive/app/core/sync/worker/PendingOperationsWorker.kt:20:6: error: unresolved reference: Assisted
    @Assisted context: Context,
     ^
core/sync/src/main/kotlin/com/autodrive/app/core/sync/worker/PendingOperationsWorker.kt:20:24: error: unresolved reference: Context
    @Assisted context: Context,
                       ^
core/sync/src/main/kotlin/com/autodrive/app/core/sync/worker/PendingOperationsWorker.kt:21:6: error: unresolved reference: Assisted
    @Assisted params: WorkerParameters,
     ^
core/sync/src/main/kotlin/com/autodrive/app/core/sync/worker/PendingOperationsWorker.kt:21:23: error: unresolved reference: WorkerParameters
    @Assisted params: WorkerParameters,
                      ^
core/sync/src/main/kotlin/com/autodrive/app/core/sync/worker/PendingOperationsWorker.kt:23:5: error: unresolved reference: CoroutineWorker
) : CoroutineWorker(context, params) {
    ^
core/sync/src/main/kotlin/com/autodrive/app/core/sync/worker/PendingOperationsWorker.kt:25:5: error: 'doWork' overrides nothing
    override suspend fun doWork(): Result {
    ^
core/sync/src/main/kotlin/com/autodrive/app/core/sync/worker/PendingOperationsWorker.kt:25:36: error: one type argument expected for class Result<out T>
    override suspend fun doWork(): Result {
                                   ^
core/sync/src/main/kotlin/com/autodrive/app/core/sync/worker/PendingOperationsWorker.kt:26:16: error: not enough information to infer type variable R
        return runCatching {
               ^
core/sync/src/main/kotlin/com/autodrive/app/core/sync/worker/PendingOperationsWorker.kt:28:20: error: not enough information to infer type variable T
            Result.success()
                   ^
core/sync/src/main/kotlin/com/autodrive/app/core/sync/worker/PendingOperationsWorker.kt:28:27: error: no value passed for parameter 'value'
            Result.success()
                          ^
core/sync/src/main/kotlin/com/autodrive/app/core/sync/worker/PendingOperationsWorker.kt:29:30: error: unresolved reference: retry
        }.getOrElse { Result.retry() }
                             ^
core/sync/src/main/kotlin/com/autodrive/app/core/sync/worker/PendingOperationsWorker.kt:35:31: error: unresolved reference: Context
        fun schedule(context: Context) {
                              ^
core/sync/src/main/kotlin/com/autodrive/app/core/sync/worker/PendingOperationsWorker.kt:36:31: error: unresolved reference: Constraints
            val constraints = Constraints.Builder()
                              ^
core/sync/src/main/kotlin/com/autodrive/app/core/sync/worker/PendingOperationsWorker.kt:37:41: error: unresolved reference: NetworkType
                .setRequiredNetworkType(NetworkType.CONNECTED)
                                        ^
core/sync/src/main/kotlin/com/autodrive/app/core/sync/worker/PendingOperationsWorker.kt:40:27: error: unresolved reference: PeriodicWorkRequestBuilder
            val request = PeriodicWorkRequestBuilder<PendingOperationsWorker>(
                          ^
core/sync/src/main/kotlin/com/autodrive/app/core/sync/worker/PendingOperationsWorker.kt:45:37: error: unresolved reference: BackoffPolicy
                .setBackoffCriteria(BackoffPolicy.EXPONENTIAL, 1, TimeUnit.MINUTES)
                                    ^
core/sync/src/main/kotlin/com/autodrive/app/core/sync/worker/PendingOperationsWorker.kt:48:13: error: unresolved reference: WorkManager
            WorkManager.getInstance(context).enqueueUniquePeriodicWork(
            ^
core/sync/src/main/kotlin/com/autodrive/app/core/sync/worker/PendingOperationsWorker.kt:50:17: error: unresolved reference: ExistingPeriodicWorkPolicy
                ExistingPeriodicWorkPolicy.KEEP,
                ^
